ligand,pdb,sample,n_span,rms,control_ihelix_rms
08J,5TE8,input_model_0,7,7.1004683744010695,0.5274869217203724
08J,5TE8,input_model_1,7,7.047096007556035,0.5498157931527063
08J,5TE8,input_model_10,7,6.588762484843403,0.5271792532585027
08J,5TE8,input_model_11,7,7.174465152835483,0.5483785186432487
08J,5TE8,input_model_12,7,7.226659714845446,0.5467832113322112
08J,5TE8,input_model_13,7,7.028345149981107,0.5358176079916974
08J,5TE8,input_model_14,7,6.603659941736387,0.5310439163903337
08J,5TE8,input_model_15,7,7.180427242372594,0.5846777442841389
08J,5TE8,input_model_16,7,7.223898490833384,0.5256106918579454
08J,5TE8,input_model_17,7,7.333719587060232,0.5278028833616483
08J,5TE8,input_model_18,7,7.298407017681681,0.4987877877144952
08J,5TE8,input_model_19,7,7.127323444617622,0.5974360225107762
08J,5TE8,input_model_2,7,7.237499631906558,0.48057788365194953
08J,5TE8,input_model_3,7,7.2736422556053055,0.5686837245789103
08J,5TE8,input_model_4,7,7.263002291781247,0.5662175513433908
08J,5TE8,input_model_5,7,7.209957318310228,0.558513741401465
08J,5TE8,input_model_6,7,7.331395097896552,0.456892940880119
08J,5TE8,input_model_7,7,7.412219496309505,0.491423775252967
08J,5TE8,input_model_8,7,7.15831192996797,0.5136858484098603
08J,5TE8,input_model_9,7,7.304938879854383,0.5417246076828032
08Y,3UA1,input_model_0,7,0.3241373462511727,0.26463755129751426
08Y,3UA1,input_model_1,7,0.44353724669800354,0.24219516608487957
08Y,3UA1,input_model_10,7,0.4978221015127238,0.29180994476092886
08Y,3UA1,input_model_11,7,0.35696197946997715,0.23797826438257025
08Y,3UA1,input_model_12,7,0.35300346780284936,0.26747014617390674
08Y,3UA1,input_model_13,7,0.3180517205840383,0.2656313555503049
08Y,3UA1,input_model_14,7,0.34109509329284277,0.3046494562986672
08Y,3UA1,input_model_15,7,0.34202204571116257,0.27240686634855743
08Y,3UA1,input_model_16,7,0.33350682326967085,0.25965722866117535
08Y,3UA1,input_model_17,7,0.27072789290269245,0.28239533423772845
08Y,3UA1,input_model_18,7,0.31963670424761714,0.3014071320069496
08Y,3UA1,input_model_19,7,0.43753705122192527,0.24911988655679357
08Y,3UA1,input_model_2,7,0.32128082950801135,0.24043003888614087
08Y,3UA1,input_model_3,7,0.3368363115268939,0.2180417578926604
08Y,3UA1,input_model_4,7,0.3519327056030949,0.24751806297665954
08Y,3UA1,input_model_5,7,0.43270083922218094,0.2978569417476494
08Y,3UA1,input_model_6,7,0.3652001712456062,0.2516585187378759
08Y,3UA1,input_model_7,7,0.3690560838066416,0.2600074541003916
08Y,3UA1,input_model_8,7,0.38323420025541616,0.2827548732399416
08Y,3UA1,input_model_9,7,0.261383541495113,0.23564391132510545
1RD,4K9T,input_model_0,7,4.5411672242317795,0.7885017814812353
1RD,4K9T,input_model_1,7,4.240178147578806,0.7906374121661341
1RD,4K9T,input_model_10,7,4.51695057798134,0.7756502526131092
1RD,4K9T,input_model_11,7,4.627844398176246,0.7527808220436562
1RD,4K9T,input_model_12,7,4.613626304428095,0.8076335664145035
1RD,4K9T,input_model_13,7,4.586145487068841,0.7946551176750543
1RD,4K9T,input_model_14,7,4.459024785794051,0.8243671952865437
1RD,4K9T,input_model_15,7,4.545570405302767,0.7688984107294743
1RD,4K9T,input_model_16,7,4.588307309389539,0.7408918163081055
1RD,4K9T,input_model_17,7,4.383180981929359,0.8043041378363824
1RD,4K9T,input_model_18,7,4.545658329522208,0.8159682387634508
1RD,4K9T,input_model_19,7,4.523849406777388,0.758662912840182
1RD,4K9T,input_model_2,7,4.336355430173703,0.7573970949000665
1RD,4K9T,input_model_3,7,4.543553689170962,0.7581168595681814
1RD,4K9T,input_model_4,7,4.38688186116637,0.7115900537584331
1RD,4K9T,input_model_5,7,4.624817701138564,0.794690475673084
1RD,4K9T,input_model_6,7,4.461087519133505,0.7342587394948349
1RD,4K9T,input_model_7,7,4.469732938703022,0.715585903567423
1RD,4K9T,input_model_8,7,4.214498077115585,0.7245726884064517
1RD,4K9T,input_model_9,7,4.4387153898929785,0.8265340439626019
2QH,4NY4,input_model_0,7,0.9824689555669833,0.4426049324350212
2QH,4NY4,input_model_1,7,0.8884716504572697,0.359775338108139
2QH,4NY4,input_model_10,7,1.1466447975442602,0.4392367774160997
2QH,4NY4,input_model_11,7,1.1038491727283837,0.40690928358783296
2QH,4NY4,input_model_12,7,0.7585130164600912,0.3803856390588637
2QH,4NY4,input_model_13,7,0.7791230070016977,0.4930781474733682
2QH,4NY4,input_model_14,7,1.0800268904492283,0.5637516841735725
2QH,4NY4,input_model_15,7,2.108610433938993,0.41034848775535365
2QH,4NY4,input_model_16,7,1.158341047066902,0.4642417334570219
2QH,4NY4,input_model_17,7,4.725154364735377,0.6180932490986245
2QH,4NY4,input_model_18,7,2.1173020865465046,0.49100203289913236
2QH,4NY4,input_model_19,7,1.363361383978097,0.4935400441188124
2QH,4NY4,input_model_2,7,0.9943699557323461,0.4452858802875007
2QH,4NY4,input_model_3,7,0.9695730478831903,0.3253240530271812
2QH,4NY4,input_model_4,7,0.9639398383748576,0.35041650158906956
2QH,4NY4,input_model_5,7,0.7184902565836738,0.3484361162843941
2QH,4NY4,input_model_6,7,1.0235863508843548,0.3705922022579507
2QH,4NY4,input_model_7,7,1.1118874106304941,0.4119735062911628
2QH,4NY4,input_model_8,7,1.0638687450990323,0.41969742176549985
2QH,4NY4,input_model_9,7,0.9926054611242937,0.4198739634025694
6AW,4K9V,input_model_0,7,0.9637058212804418,0.22836988472471698
6AW,4K9V,input_model_1,7,1.0363834548854356,0.2041708182225691
6AW,4K9V,input_model_10,7,1.0584023413343262,0.22233511976009226
6AW,4K9V,input_model_11,7,1.1543315504024683,0.23398587653884548
6AW,4K9V,input_model_12,7,1.1534466727880521,0.21949049887618466
6AW,4K9V,input_model_13,7,1.039117691726143,0.21847409548737398
6AW,4K9V,input_model_14,7,1.1591061169691237,0.21197276862858047
6AW,4K9V,input_model_15,7,1.0972368858941168,0.23357409299139859
6AW,4K9V,input_model_16,7,1.1113320742923818,0.20074150679985237
6AW,4K9V,input_model_17,7,1.1722640844852426,0.24916877957179015
6AW,4K9V,input_model_18,7,1.2485663929374442,0.22913607786556386
6AW,4K9V,input_model_19,7,1.0877997098696963,0.21938280207204783
6AW,4K9V,input_model_2,7,1.2166870474125362,0.21678971440104317
6AW,4K9V,input_model_3,7,1.1195668080776313,0.2230810301654302
6AW,4K9V,input_model_4,7,1.123003264391331,0.21262542761612002
6AW,4K9V,input_model_5,7,1.1175339690631034,0.2275299832929825
6AW,4K9V,input_model_6,7,0.9530611909711139,0.2216146866177956
6AW,4K9V,input_model_7,7,1.0910495481005156,0.21017113428766385
6AW,4K9V,input_model_8,7,1.1731502535804348,0.21282056854560255
6AW,4K9V,input_model_9,7,1.1145215501326733,0.2325655448072159
7AW,4K9W,input_model_0,7,4.464990271108597,0.9026642063880286
7AW,4K9W,input_model_1,7,4.386053172932299,1.0532551634773422
7AW,4K9W,input_model_10,7,4.434845536010756,0.9817879572925369
7AW,4K9W,input_model_11,7,4.423447809381448,0.9771094961807916
7AW,4K9W,input_model_12,7,1.6448499428495422,0.48327667902318083
7AW,4K9W,input_model_13,7,3.7322678001205283,0.7717143822940116
7AW,4K9W,input_model_14,7,1.4485405540222276,0.5026114073029361
7AW,4K9W,input_model_15,7,0.8114169561335284,0.4671643670729671
7AW,4K9W,input_model_16,7,0.8836116759835883,0.634885293507588
7AW,4K9W,input_model_17,7,4.487190963587633,0.9161860124033222
7AW,4K9W,input_model_18,7,1.6141629441946594,0.7327629542810675
7AW,4K9W,input_model_19,7,1.376924380436474,0.6147484634862881
7AW,4K9W,input_model_2,7,4.235383836802766,0.9819389579400174
7AW,4K9W,input_model_3,7,4.71136098153199,0.9253916945073666
7AW,4K9W,input_model_4,7,4.415019474302992,0.9982950257198748
7AW,4K9W,input_model_5,7,4.630560305219391,0.9468530530551343
7AW,4K9W,input_model_6,7,4.1869387964720595,0.8999661114530838
7AW,4K9W,input_model_7,7,4.64102682369964,0.9597205077071473
7AW,4K9W,input_model_8,7,4.4660550663201874,1.0520556359221667
7AW,4K9W,input_model_9,7,4.423161479155511,0.9518239888651993
80K,6BD6,input_model_0,7,0.663763387957255,0.3221199234187869
80K,6BD6,input_model_1,7,1.0317264574838834,0.529140575818773
80K,6BD6,input_model_10,7,0.9057830593917438,0.3115947277505487
80K,6BD6,input_model_11,7,1.1717350559451638,0.454982563352555
80K,6BD6,input_model_12,7,0.9876939050070719,0.45588105748913504
80K,6BD6,input_model_13,7,2.428569615903775,0.37055536960236746
80K,6BD6,input_model_14,7,1.0589623027140027,0.5105722144584339
80K,6BD6,input_model_15,7,1.086711627683867,0.5700631498152887
80K,6BD6,input_model_16,7,0.9214632502157095,0.4403405573535542
80K,6BD6,input_model_17,7,0.9682289020723429,0.48220520363417496
80K,6BD6,input_model_18,7,1.1652230741420269,0.4835589766777837
80K,6BD6,input_model_19,7,1.1491981433567209,0.473577160390404
80K,6BD6,input_model_2,7,0.8412649260262646,0.4515865135628403
80K,6BD6,input_model_3,7,0.9542366460084827,0.5024884191740563
80K,6BD6,input_model_4,7,1.0459136255535126,0.43239185043515443
80K,6BD6,input_model_5,7,1.0043020283877224,0.4879741432816319
80K,6BD6,input_model_6,7,0.7004720386184148,0.38292940158314476
80K,6BD6,input_model_7,7,1.1178215065941874,0.5620633517354112
80K,6BD6,input_model_8,7,1.064548065738211,0.45966114769237754
80K,6BD6,input_model_9,7,0.8012425591324682,0.48077192098026456
8AW,4K9X,input_model_0,5,4.353699079117041,0.43539136980335025
8AW,4K9X,input_model_1,5,4.063649504670945,0.4401917378329767
8AW,4K9X,input_model_10,5,4.311340169614903,0.6308779510770172
8AW,4K9X,input_model_11,5,4.372322168419739,0.4368549725039311
8AW,4K9X,input_model_12,5,4.161563852501164,0.6252688021625309
8AW,4K9X,input_model_13,5,4.120609816813873,0.4222873819364275
8AW,4K9X,input_model_14,5,2.436594248987934,0.35145518011556015
8AW,4K9X,input_model_15,5,1.4306663717067978,0.3823470616437956
8AW,4K9X,input_model_16,5,2.4770848844141047,0.4080875758350441
8AW,4K9X,input_model_17,5,1.6549256259007494,0.26539815270445327
8AW,4K9X,input_model_18,5,1.244122004060034,0.25536129018027826
8AW,4K9X,input_model_19,5,1.6763274306959488,0.29749868070523566
8AW,4K9X,input_model_2,5,4.71221397479453,0.582417354457345
8AW,4K9X,input_model_3,5,4.378151010017969,0.48139203452743135
8AW,4K9X,input_model_4,5,4.191290045204812,0.474265872011307
8AW,4K9X,input_model_5,5,4.117533795816164,0.33185762141094627
8AW,4K9X,input_model_6,5,4.465481175239801,0.3741923497363243
8AW,4K9X,input_model_7,5,4.550350525058164,0.4824802956889192
8AW,4K9X,input_model_8,5,4.468884349762832,0.4390656989818948
8AW,4K9X,input_model_9,5,4.312829345562158,0.4119425718102636
A1ASO,9BVC,input_model_0,7,0.8516379519145842,0.6921181609406615
A1ASO,9BVC,input_model_1,7,1.0779950381552392,0.5579077604793685
A1ASO,9BVC,input_model_10,7,0.6829169350246844,0.2550221442384405
A1ASO,9BVC,input_model_11,7,0.6098386495134008,0.3468549288254608
A1ASO,9BVC,input_model_12,7,0.6756508983274515,0.41678658397329105
A1ASO,9BVC,input_model_13,7,0.6957095427540451,0.6137686405821235
A1ASO,9BVC,input_model_14,7,0.5013478804404338,0.28013760290766776
A1ASO,9BVC,input_model_15,7,0.7665195181919573,0.43812892043116086
A1ASO,9BVC,input_model_16,7,0.7595125525999885,0.3220791237543159
A1ASO,9BVC,input_model_17,7,0.8933312205460072,0.3641688616007412
A1ASO,9BVC,input_model_18,7,0.6208613955064811,0.3018767702047335
A1ASO,9BVC,input_model_19,7,0.4223432948074795,0.6379975970864954
A1ASO,9BVC,input_model_2,7,0.8203674574039981,0.3700531241400589
A1ASO,9BVC,input_model_3,7,0.6269799610049461,0.6888438210782836
A1ASO,9BVC,input_model_4,7,0.7631484063314398,0.3008763220389547
A1ASO,9BVC,input_model_5,7,0.5963594187915249,0.6331439364426155
A1ASO,9BVC,input_model_6,7,0.5804853421139194,0.31574127982526745
A1ASO,9BVC,input_model_7,7,0.7409000015976958,0.6240677136931729
A1ASO,9BVC,input_model_8,7,0.945729943644965,0.7054044891282455
A1ASO,9BVC,input_model_9,7,0.5222435385151699,0.6235644182118025
A1ASP,9BVB,input_model_0,7,0.6700471066854529,0.26332212042111036
A1ASP,9BVB,input_model_1,7,0.6995569666782278,0.3881318238297088
A1ASP,9BVB,input_model_10,7,0.6204275061034256,0.2710108237824115
A1ASP,9BVB,input_model_11,7,0.6396399283065906,0.25800989439367283
A1ASP,9BVB,input_model_12,7,0.6169738067541437,0.3086528812575105
A1ASP,9BVB,input_model_13,7,0.5828919933304472,0.24640449803255837
A1ASP,9BVB,input_model_14,7,0.7183492528424879,0.2884296427041947
A1ASP,9BVB,input_model_15,7,0.6795136123476393,0.2783310981441102
A1ASP,9BVB,input_model_16,7,0.9535377809222696,0.7113366807556972
A1ASP,9BVB,input_model_17,7,0.44400309190173654,0.2614101865128535
A1ASP,9BVB,input_model_18,7,0.8422093875992334,0.2985375756374479
A1ASP,9BVB,input_model_19,7,0.46521510102390856,0.2630513105553973
A1ASP,9BVB,input_model_2,7,0.6535246021864607,0.2742726124607288
A1ASP,9BVB,input_model_3,7,0.823062285973116,0.3166761072000905
A1ASP,9BVB,input_model_4,7,0.6204743535791284,0.28841994841748925
A1ASP,9BVB,input_model_5,7,0.533505199721861,0.2376205324672756
A1ASP,9BVB,input_model_6,7,0.7725798715274372,0.32195227763017004
A1ASP,9BVB,input_model_7,7,0.7862540462679332,0.31271217309284444
A1ASP,9BVB,input_model_8,7,0.5809438537908121,0.21934579715822933
A1ASP,9BVB,input_model_9,7,0.7193573074087077,0.23732255234071692
A1ASQ,9BVA,input_model_0,7,0.581815968390644,0.36594088123990554
A1ASQ,9BVA,input_model_1,7,0.6480655409165728,0.3334317897437044
A1ASQ,9BVA,input_model_10,7,0.5652777453377489,0.3218592213358482
A1ASQ,9BVA,input_model_11,7,0.4752113895692037,0.3112305095226109
A1ASQ,9BVA,input_model_12,7,0.4838026877822535,0.3350731882409243
A1ASQ,9BVA,input_model_13,7,0.6365628123388718,0.370087515187443
A1ASQ,9BVA,input_model_14,7,0.7428391028844474,0.3645167900927516
A1ASQ,9BVA,input_model_15,7,0.6677303741541366,0.30673964607745563
A1ASQ,9BVA,input_model_16,7,0.4680923799021004,0.31690628499442886
A1ASQ,9BVA,input_model_17,7,0.8352085579061281,0.6893802161933874
A1ASQ,9BVA,input_model_18,7,0.49021776921305055,0.4043427822124214
A1ASQ,9BVA,input_model_19,7,0.5426121296734444,0.3032455286227755
A1ASQ,9BVA,input_model_2,7,0.5096892655543395,0.30544580828037726
A1ASQ,9BVA,input_model_3,7,0.5344437076171782,0.3514329427386928
A1ASQ,9BVA,input_model_4,7,0.5874596603615001,0.30410799930275667
A1ASQ,9BVA,input_model_5,7,0.36247333644232155,0.366930227337854
A1ASQ,9BVA,input_model_6,7,0.48344450500361075,0.30221664382759794
A1ASQ,9BVA,input_model_7,7,0.7412621395820556,0.30699144606407563
A1ASQ,9BVA,input_model_8,7,0.4587319404716833,0.40362522081924884
A1ASQ,9BVA,input_model_9,7,0.4264577410084388,0.36506252136921613
A1ASR,9BV9,input_model_0,7,0.6964660200197161,0.3138460965321738
A1ASR,9BV9,input_model_1,7,0.7483011499086788,0.3554754929728801
A1ASR,9BV9,input_model_10,7,0.8966067276347786,0.2662223064533274
A1ASR,9BV9,input_model_11,7,0.6617146361519364,0.27171951814150286
A1ASR,9BV9,input_model_12,7,0.6289343741013371,0.3563838632316906
A1ASR,9BV9,input_model_13,7,0.6563143576545544,0.28636927402382745
A1ASR,9BV9,input_model_14,7,0.6783592931379119,0.258806222062931
A1ASR,9BV9,input_model_15,7,0.6408035356339279,0.2804935004475963
A1ASR,9BV9,input_model_16,7,0.8158494532334069,0.3621989890888378
A1ASR,9BV9,input_model_17,7,0.8909804658263645,0.24963353527163032
A1ASR,9BV9,input_model_18,7,0.7743130686680777,0.24552741753688906
A1ASR,9BV9,input_model_19,7,0.6159666202592574,0.24230964670050043
A1ASR,9BV9,input_model_2,7,0.8296563656727983,0.2914592428336349
A1ASR,9BV9,input_model_3,7,0.6828888909012453,0.3113221956462801
A1ASR,9BV9,input_model_4,7,0.6406915018064312,0.3008265901827844
A1ASR,9BV9,input_model_5,7,0.4893168656674706,0.26813738471782944
A1ASR,9BV9,input_model_6,7,0.6475226274348262,0.26540719626602066
A1ASR,9BV9,input_model_7,7,0.7248675995349109,0.3220171591141389
A1ASR,9BV9,input_model_8,7,0.4409634513226571,0.2649953456536977
A1ASR,9BV9,input_model_9,7,0.5899844976793932,0.21798171213797934
A1ASS,9BV8,input_model_0,7,0.5766911757577485,0.23993805052978395
A1ASS,9BV8,input_model_1,7,0.32023053636822707,0.28215148374050864
A1ASS,9BV8,input_model_10,7,0.5541910017270191,0.28988801573990924
A1ASS,9BV8,input_model_11,7,0.41665303865088943,0.29584087653063973
A1ASS,9BV8,input_model_12,7,0.4018965126401649,0.28916795678272056
A1ASS,9BV8,input_model_13,7,0.4740039600874623,0.2659607756798455
A1ASS,9BV8,input_model_14,7,0.41509303348102583,0.2150835275090026
A1ASS,9BV8,input_model_15,7,0.447140978594372,0.25565274670320354
A1ASS,9BV8,input_model_16,7,0.49642100424215685,0.23147511288744008
A1ASS,9BV8,input_model_17,7,0.5675113033562349,0.21792189957704072
A1ASS,9BV8,input_model_18,7,0.48885803293617974,0.21955769375289413
A1ASS,9BV8,input_model_19,7,0.6086605168611674,0.21717053062300656
A1ASS,9BV8,input_model_2,7,0.46386658052160523,0.255240915666064
A1ASS,9BV8,input_model_3,7,0.47601022267667925,0.22631401279115967
A1ASS,9BV8,input_model_4,7,0.4498083306331556,0.2510834280026865
A1ASS,9BV8,input_model_5,7,0.3564096861997092,0.2068131760162428
A1ASS,9BV8,input_model_6,7,0.3632459143829277,0.25457863003896297
A1ASS,9BV8,input_model_7,7,0.5213192895960731,0.27185491487348906
A1ASS,9BV8,input_model_8,7,0.5432215275013118,0.24205465961253586
A1ASS,9BV8,input_model_9,7,0.5510654243354212,0.21149897394296818
A1AST,9BV7,input_model_0,7,0.7388254615239622,0.27384403003733254
A1AST,9BV7,input_model_1,7,0.7096077205155863,0.2776696514171273
A1AST,9BV7,input_model_10,7,0.6286547918609006,0.28215899909826253
A1AST,9BV7,input_model_11,7,0.7708951024895693,0.3636538957682122
A1AST,9BV7,input_model_12,7,0.6747545612758357,0.27548662213278025
A1AST,9BV7,input_model_13,7,2.0332456560307857,0.33193906698046255
A1AST,9BV7,input_model_14,7,0.5743345157569711,0.28335018143135476
A1AST,9BV7,input_model_15,7,0.6047772968063716,0.2735581259081385
A1AST,9BV7,input_model_16,7,0.8273989699131413,0.28277630355571354
A1AST,9BV7,input_model_17,7,0.5546484398874436,0.2602744912997814
A1AST,9BV7,input_model_18,7,0.5764382257067405,0.2941554883155136
A1AST,9BV7,input_model_19,7,0.7221471719474148,0.32152837085408764
A1AST,9BV7,input_model_2,7,0.608163578692991,0.3023105074340529
A1AST,9BV7,input_model_3,7,0.7048997642294204,0.35558961228083985
A1AST,9BV7,input_model_4,7,0.8959702830894658,0.2852219864029445
A1AST,9BV7,input_model_5,7,0.6787594053817587,0.259348888925942
A1AST,9BV7,input_model_6,7,0.5037413645118176,0.2870577854686342
A1AST,9BV7,input_model_7,7,0.6987092233951459,0.2716607720395763
A1AST,9BV7,input_model_8,7,0.5297345720219848,0.3154760177000942
A1AST,9BV7,input_model_9,7,0.7683259843041199,0.3380788524464472
A1ASU,9BV6,input_model_0,6,4.5972758797982785,0.3860531707520646
A1ASU,9BV6,input_model_1,6,4.516289005846422,0.4192296084707188
A1ASU,9BV6,input_model_10,6,4.502450215830923,0.367779090763031
A1ASU,9BV6,input_model_11,6,4.384996169996825,0.42994398695010855
A1ASU,9BV6,input_model_12,6,4.134779412268169,0.4370052875797651
A1ASU,9BV6,input_model_13,6,4.5372756144752815,0.4535681670884049
A1ASU,9BV6,input_model_14,6,4.323563638379258,0.4537804615662817
A1ASU,9BV6,input_model_15,6,4.6747013966666735,0.45865555883013587
A1ASU,9BV6,input_model_16,6,4.433408417989994,0.3850682720338061
A1ASU,9BV6,input_model_17,6,4.577007009915481,0.4751075217137163
A1ASU,9BV6,input_model_18,6,4.581416104816399,0.366956916241926
A1ASU,9BV6,input_model_19,6,4.67780101033591,0.492326561382849
A1ASU,9BV6,input_model_2,6,4.636651617502712,0.33731499355002564
A1ASU,9BV6,input_model_3,6,4.047904431883729,0.3601838357521048
A1ASU,9BV6,input_model_4,6,4.476544851119785,0.4301189234391353
A1ASU,9BV6,input_model_5,6,4.558959301193787,0.4091734645749833
A1ASU,9BV6,input_model_6,6,4.671834430714879,0.40314481476413644
A1ASU,9BV6,input_model_7,6,4.648163634782027,0.4760135302947984
A1ASU,9BV6,input_model_8,6,4.719562313558486,0.47462741571279826
A1ASU,9BV6,input_model_9,6,3.9632617286996323,0.37937002472126236
A1ASV,9BV5,input_model_0,7,0.5866214717511746,0.34448361682568324
A1ASV,9BV5,input_model_1,7,0.4550299089832059,0.3685200111126628
A1ASV,9BV5,input_model_10,7,0.5502062610417271,0.34161268868779476
A1ASV,9BV5,input_model_11,7,0.6945973209000523,0.4186744498144378
A1ASV,9BV5,input_model_12,7,0.4746531163587887,0.3487002629391075
A1ASV,9BV5,input_model_13,7,0.4877784127680934,0.33062753170852327
A1ASV,9BV5,input_model_14,7,0.4876624779728597,0.3066934179192555
A1ASV,9BV5,input_model_15,7,0.3018719394151859,0.29175721983239106
A1ASV,9BV5,input_model_16,7,0.7151413644499554,0.34623461470794764
A1ASV,9BV5,input_model_17,7,0.46692224505525737,0.3047026636186844
A1ASV,9BV5,input_model_18,7,0.5920133747242743,0.392012252859309
A1ASV,9BV5,input_model_19,7,0.5939935547156883,0.33781961547879175
A1ASV,9BV5,input_model_2,7,0.5082940558577379,0.27516169291119413
A1ASV,9BV5,input_model_3,7,0.35695738007637984,0.40370237738573705
A1ASV,9BV5,input_model_4,7,0.5898290227179896,0.3749704613363059
A1ASV,9BV5,input_model_5,7,0.5482631291443989,0.33401645765402205
A1ASV,9BV5,input_model_6,7,0.6826182858620224,0.4228816054746533
A1ASV,9BV5,input_model_7,7,0.47952131813872473,0.3417569457843299
A1ASV,9BV5,input_model_8,7,0.6270655874199081,0.3821944759009552
A1ASV,9BV5,input_model_9,7,0.439168907572509,0.3394413127516205
A1CIW,9PLK,input_model_0,4,4.942609704527345,0.44207959762887605
A1CIW,9PLK,input_model_1,4,5.106787232614091,0.3750641380195883
A1CIW,9PLK,input_model_10,4,4.611873642932648,0.4532422072074029
A1CIW,9PLK,input_model_11,4,4.810846079380695,0.4075162339838416
A1CIW,9PLK,input_model_12,4,4.776092844606597,0.40996124201482703
A1CIW,9PLK,input_model_13,4,4.996955185194697,0.41408870654759017
A1CIW,9PLK,input_model_14,4,4.905596034497425,0.3840231162329605
A1CIW,9PLK,input_model_15,4,5.020373328272177,0.398058535476747
A1CIW,9PLK,input_model_16,4,5.021657274549419,0.44758726402767834
A1CIW,9PLK,input_model_17,4,4.963372794555888,0.4539689164805268
A1CIW,9PLK,input_model_18,4,4.9515673015428705,0.471050434646696
A1CIW,9PLK,input_model_19,4,5.048806175392744,0.392626249943038
A1CIW,9PLK,input_model_2,4,5.081436460397751,0.4481023853178504
A1CIW,9PLK,input_model_3,4,4.970420733114868,0.387696887589878
A1CIW,9PLK,input_model_4,4,4.933125445071816,0.4174168873011673
A1CIW,9PLK,input_model_5,4,5.082690111820156,0.3743765829970905
A1CIW,9PLK,input_model_6,4,4.790844557049937,0.41269243728314203
A1CIW,9PLK,input_model_7,4,4.407498904756762,0.41094838819000945
A1CIW,9PLK,input_model_8,4,5.0023227688698935,0.4310374968987066
A1CIW,9PLK,input_model_9,4,5.243723706578871,0.3609135573946217
CFF,8SO1,input_model_0,7,0.5062402678367287,0.15794207545756525
CFF,8SO1,input_model_1,7,0.44746689377722576,0.25650711994484654
CFF,8SO1,input_model_10,7,0.5130765168726066,0.21226017021063315
CFF,8SO1,input_model_11,7,0.3853364293156833,0.169486046028813
CFF,8SO1,input_model_12,7,0.6799433906413027,0.22718662624011446
CFF,8SO1,input_model_13,7,0.3645455303556966,0.18501260363926053
CFF,8SO1,input_model_14,7,0.31776376303038195,0.2037046934391269
CFF,8SO1,input_model_15,7,0.4590142462292791,0.19878986349749952
CFF,8SO1,input_model_16,7,0.32478426282663064,0.19333237943394432
CFF,8SO1,input_model_17,7,0.6469248756228695,0.28759583132640076
CFF,8SO1,input_model_18,7,0.3112107881845211,0.24177749977330884
CFF,8SO1,input_model_19,7,0.4940047130249822,0.20545243538586597
CFF,8SO1,input_model_2,7,0.453762145952303,0.2109469502133659
CFF,8SO1,input_model_3,7,0.47122475834120414,0.2189124662112582
CFF,8SO1,input_model_4,7,0.4216773772422659,0.19903649637557327
CFF,8SO1,input_model_5,7,0.4079591564296847,0.1880403718918843
CFF,8SO1,input_model_6,7,0.3688299572865109,0.21577372083997723
CFF,8SO1,input_model_7,7,0.41841647362286455,0.25176571615207377
CFF,8SO1,input_model_8,7,0.5143998404983767,0.23799462394184123
CFF,8SO1,input_model_9,7,0.41347139390115367,0.2455226752367047
CL6,8SPD,input_model_0,7,7.333280563067464,0.4230656739328398
CL6,8SPD,input_model_1,7,7.103746655894766,0.5105057245754838
CL6,8SPD,input_model_10,7,7.2607663119824,0.46715180263171935
CL6,8SPD,input_model_11,7,7.1981213528192445,0.48167249177738214
CL6,8SPD,input_model_12,7,7.294834308023423,0.45957561921074797
CL6,8SPD,input_model_13,7,7.382715261632937,0.46455096041298305
CL6,8SPD,input_model_14,7,6.982184741674883,0.5599135044834882
CL6,8SPD,input_model_15,7,7.306015625499129,0.45539409994283736
CL6,8SPD,input_model_16,7,7.275174460183297,0.4526316716287663
CL6,8SPD,input_model_17,7,7.272594609232384,0.4296766710176759
CL6,8SPD,input_model_18,7,7.283992734915539,0.5182395274492457
CL6,8SPD,input_model_19,7,6.013902227591699,0.6037110665009122
CL6,8SPD,input_model_2,7,7.211464556023136,0.4318309161857951
CL6,8SPD,input_model_3,7,7.4300263534067374,0.40886356358136855
CL6,8SPD,input_model_4,7,7.124105406893536,0.41148684665649443
CL6,8SPD,input_model_5,7,7.3069736818476425,0.45938402762162867
CL6,8SPD,input_model_6,7,7.102860038571911,0.4323132222744054
CL6,8SPD,input_model_7,7,7.212492997553929,0.4679509400255034
CL6,8SPD,input_model_8,7,7.355274470312284,0.44297354478712986
CL6,8SPD,input_model_9,7,7.196117050235485,0.4848265125782302
D7J,6BD7,input_model_0,7,0.3671131079483685,0.17914196526147746
D7J,6BD7,input_model_1,7,0.42884824274338557,0.25496383377414006
D7J,6BD7,input_model_10,7,0.4199444268037286,0.217377638285819
D7J,6BD7,input_model_11,7,0.38992639413206437,0.168002151603622
D7J,6BD7,input_model_12,7,0.22937465271696372,0.19655294418855668
D7J,6BD7,input_model_13,7,0.46700071927562575,0.21780456584797056
D7J,6BD7,input_model_14,7,0.39169530990938733,0.19089975349199295
D7J,6BD7,input_model_15,7,0.3149137649140225,0.18813484886917065
D7J,6BD7,input_model_16,7,0.3221649849465891,0.1522631482903367
D7J,6BD7,input_model_17,7,0.29510003374329874,0.21297476606529672
D7J,6BD7,input_model_18,7,0.3280482784198077,0.16138579743973547
D7J,6BD7,input_model_19,7,0.27039938197477154,0.2168319592562896
D7J,6BD7,input_model_2,7,0.7388308019355917,0.3057924259529285
D7J,6BD7,input_model_3,7,0.28023941036005745,0.1722949004428289
D7J,6BD7,input_model_4,7,0.2739594084323966,0.23712809434339874
D7J,6BD7,input_model_5,7,0.49695237696134353,0.216042713802002
D7J,6BD7,input_model_6,7,0.3634241130934005,0.1921178155502158
D7J,6BD7,input_model_7,7,0.4053494036651883,0.20280544008393805
D7J,6BD7,input_model_8,7,0.29019642813983987,0.2194786812010555
D7J,6BD7,input_model_9,7,0.2032795966220718,0.21079775708398704
D7M,6BD5,input_model_0,7,0.24196157867807888,0.2736364656446106
D7M,6BD5,input_model_1,7,0.37334225680824673,0.2658263696226127
D7M,6BD5,input_model_10,7,0.5426172524626567,0.2655812400132976
D7M,6BD5,input_model_11,7,0.2911482567079076,0.2566777848471229
D7M,6BD5,input_model_12,7,0.27523239060963756,0.29934883653303807
D7M,6BD5,input_model_13,7,0.42920246157690284,0.2942199053228225
D7M,6BD5,input_model_14,7,0.2497481683922622,0.24655999727806766
D7M,6BD5,input_model_15,7,0.3686504826144392,0.2540321820835628
D7M,6BD5,input_model_16,7,0.3163441305024123,0.28975035406488825
D7M,6BD5,input_model_17,7,0.2174664022752053,0.2293434257960056
D7M,6BD5,input_model_18,7,0.3332574093180548,0.25595470383308816
D7M,6BD5,input_model_19,7,0.25028618648650713,0.23944852643007813
D7M,6BD5,input_model_2,7,0.3564035041227389,0.2536093208809044
D7M,6BD5,input_model_3,7,0.3930067255326623,0.2682442477558681
D7M,6BD5,input_model_4,7,0.19867454454381445,0.24440070769287847
D7M,6BD5,input_model_5,7,0.3275161911178953,0.2864070566584264
D7M,6BD5,input_model_6,7,0.4301438987951447,0.2547228955750685
D7M,6BD5,input_model_7,7,0.216977750968512,0.260364141658173
D7M,6BD5,input_model_8,7,0.2535554955040828,0.3007100601014877
D7M,6BD5,input_model_9,7,0.2773894811861164,0.2717933959078867
D7Y,6BCZ,input_model_0,7,0.35090733028652404,0.2751455846043197
D7Y,6BCZ,input_model_1,7,0.40519053815269246,0.25629125362426475
D7Y,6BCZ,input_model_10,7,0.25025450036876956,0.23890367910636395
D7Y,6BCZ,input_model_11,7,0.25917657379422454,0.22741279443707246
D7Y,6BCZ,input_model_12,7,0.28262515666013766,0.2034691249008222
D7Y,6BCZ,input_model_13,7,0.38446092210652827,0.22526630745722406
D7Y,6BCZ,input_model_14,7,0.32747006306519955,0.2305588445279513
D7Y,6BCZ,input_model_15,7,0.41070082752088255,0.2039361446211677
D7Y,6BCZ,input_model_16,7,0.4423555828663806,0.2349176074685495
D7Y,6BCZ,input_model_17,7,0.4037680405659996,0.19526507247032954
D7Y,6BCZ,input_model_18,7,0.31075535023415407,0.20942771500648508
D7Y,6BCZ,input_model_19,7,0.2149050655526224,0.2235199255377878
D7Y,6BCZ,input_model_2,7,0.2756303644514801,0.21266229784898993
D7Y,6BCZ,input_model_3,7,0.33114273205917155,0.21751350153689433
D7Y,6BCZ,input_model_4,7,0.1937695711839983,0.20308322649178218
D7Y,6BCZ,input_model_5,7,0.35883800337089794,0.24387367800530524
D7Y,6BCZ,input_model_6,7,0.2929760740847168,0.2416981134334207
D7Y,6BCZ,input_model_7,7,0.3473368797109748,0.23187076537931764
D7Y,6BCZ,input_model_8,7,0.40646728723545594,0.21077760354678396
D7Y,6BCZ,input_model_9,7,0.2920238447791692,0.27365205938671994
D81,6BD8,input_model_0,7,0.575253478813522,0.5957526552346059
D81,6BD8,input_model_1,7,0.6472152532530796,0.4081565458096186
D81,6BD8,input_model_10,7,0.661179631426429,0.4887689190730054
D81,6BD8,input_model_11,7,0.657201608396812,0.5605037173452414
D81,6BD8,input_model_12,7,0.4801376039081257,0.5843620375733661
D81,6BD8,input_model_13,7,0.4707202310153473,0.5131770169822258
D81,6BD8,input_model_14,7,0.5693436711485689,0.5772021826968393
D81,6BD8,input_model_15,7,0.5045968262809348,0.43632448125519163
D81,6BD8,input_model_16,7,0.5068694111059457,0.5683976369938716
D81,6BD8,input_model_17,7,0.5954568644499083,0.5778849173619627
D81,6BD8,input_model_18,7,0.5395153730459611,0.5550534092576428
D81,6BD8,input_model_19,7,0.417188651461266,0.6164823625021095
D81,6BD8,input_model_2,7,0.4147081503236482,0.48614184033574115
D81,6BD8,input_model_3,7,0.44271600076962664,0.5095454120123418
D81,6BD8,input_model_4,7,0.3971663250830837,0.46603975155655486
D81,6BD8,input_model_5,7,0.4491499579568717,0.511037735455971
D81,6BD8,input_model_6,7,0.5660218731513038,0.567411913234689
D81,6BD8,input_model_7,7,0.5681150423485094,0.48817126411538947
D81,6BD8,input_model_8,7,0.48788781484581173,0.572056098906932
D81,6BD8,input_model_9,7,0.5891951133533506,0.46531950903235364
DEJ,6BDI,input_model_0,7,0.15212861470676348,0.20483421264499552
DEJ,6BDI,input_model_1,7,0.25790129379393695,0.19297072343461094
DEJ,6BDI,input_model_10,7,0.2766093651371575,0.17383954680686362
DEJ,6BDI,input_model_11,7,0.4175174056645467,0.194565666862169
DEJ,6BDI,input_model_12,7,0.35553047808694566,0.2062596304261941
DEJ,6BDI,input_model_13,7,0.2751024336115301,0.22313713262276152
DEJ,6BDI,input_model_14,7,0.2210687541470558,0.16631838461441956
DEJ,6BDI,input_model_15,7,0.3389212066589688,0.2239764637609504
DEJ,6BDI,input_model_16,7,0.2298125076279942,0.1787918492885213
DEJ,6BDI,input_model_17,7,0.2287594516523635,0.17360266727338042
DEJ,6BDI,input_model_18,7,0.3646794937036602,0.17847043677353513
DEJ,6BDI,input_model_19,7,0.24259280702840938,0.17998827628998101
DEJ,6BDI,input_model_2,7,0.3242124784491712,0.16835229793379589
DEJ,6BDI,input_model_3,7,0.33086399045142345,0.1762888493476723
DEJ,6BDI,input_model_4,7,0.4837280368110951,0.17585086873766442
DEJ,6BDI,input_model_5,7,0.2949253450905955,0.1747683344001112
DEJ,6BDI,input_model_6,7,0.4517590996496728,0.16828136072331726
DEJ,6BDI,input_model_7,7,0.339015410439284,0.17350440978996814
DEJ,6BDI,input_model_8,7,0.32588143981155615,0.16900399403927824
DEJ,6BDI,input_model_9,7,0.31313849414866535,0.1809007441467502
DJ1,6BDK,input_model_0,7,0.45778568311188755,0.20421101243866507
DJ1,6BDK,input_model_1,7,0.2640306410564313,0.24367538625577873
DJ1,6BDK,input_model_10,7,0.5460876722176445,0.23705011879442509
DJ1,6BDK,input_model_11,7,0.25017118659489784,0.20707643456434166
DJ1,6BDK,input_model_12,7,0.35859227077561334,0.19317749383704147
DJ1,6BDK,input_model_13,7,0.33397351174836787,0.20865556944021244
DJ1,6BDK,input_model_14,7,0.4472568940737703,0.21973046729256995
DJ1,6BDK,input_model_15,7,0.3592089525553639,0.24501890036166932
DJ1,6BDK,input_model_16,7,0.41231372500420305,0.168712347517403
DJ1,6BDK,input_model_17,7,0.3810748799884983,0.2165627965490896
DJ1,6BDK,input_model_18,7,0.4594186614781893,0.19087662564506455
DJ1,6BDK,input_model_19,7,0.36690463058757206,0.23587904052239722
DJ1,6BDK,input_model_2,7,0.3003840465798367,0.2319178182575542
DJ1,6BDK,input_model_3,7,0.28430524559775666,0.2032776753885537
DJ1,6BDK,input_model_4,7,0.2635934311209187,0.19731626519236756
DJ1,6BDK,input_model_5,7,0.4313403723578969,0.21515378322621917
DJ1,6BDK,input_model_6,7,0.35385798498842713,0.22518720778953807
DJ1,6BDK,input_model_7,7,0.24855326386298168,0.21733118866104165
DJ1,6BDK,input_model_8,7,0.2524301655062522,0.179037134664013
DJ1,6BDK,input_model_9,7,0.33863431652010756,0.23803055368849496
ERY,2J0D,input_model_0,4,5.9863900264176815,0.5400404309437566
ERY,2J0D,input_model_1,4,5.98132072597346,0.6688160145529343
ERY,2J0D,input_model_10,4,5.418447608515163,0.5626311054494999
ERY,2J0D,input_model_11,4,6.417000902306413,0.4905847190430175
ERY,2J0D,input_model_12,4,5.966142409812916,0.653212261968729
ERY,2J0D,input_model_13,4,5.890472489795853,0.5758900939189815
ERY,2J0D,input_model_14,4,6.108366648695288,0.5534051803316742
ERY,2J0D,input_model_15,4,5.898797757255689,0.5358391965075135
ERY,2J0D,input_model_16,4,6.063255088718617,0.5579406490262983
ERY,2J0D,input_model_17,4,5.819126113430391,0.5722229874268274
ERY,2J0D,input_model_18,4,3.7879478342569475,0.5001978935773745
ERY,2J0D,input_model_19,4,5.819457826011961,0.5367333642242577
ERY,2J0D,input_model_2,4,6.020704233392764,0.5619347152927721
ERY,2J0D,input_model_3,4,5.637242628994019,0.6608891940907372
ERY,2J0D,input_model_4,4,6.191560419672206,0.5134326565066726
ERY,2J0D,input_model_5,4,6.186627887423951,0.5511163221140123
ERY,2J0D,input_model_6,4,6.167356865270434,0.5444753301088052
ERY,2J0D,input_model_7,4,6.050665019001908,0.664318451730589
ERY,2J0D,input_model_8,4,6.00061213672314,0.6449274096962131
ERY,2J0D,input_model_9,4,6.108951688679852,0.5983437691106489
FZV,6DAC,input_model_0,4,2.0323245746992358,0.365089262609042
FZV,6DAC,input_model_1,4,2.1662692133343904,0.3904081463223122
FZV,6DAC,input_model_10,4,2.155356761926351,0.4539111205323941
FZV,6DAC,input_model_11,4,2.213005439971866,0.44351366153457716
FZV,6DAC,input_model_12,4,2.1440700363669873,0.4418529052627894
FZV,6DAC,input_model_13,4,2.09508529733208,0.48168557207743634
FZV,6DAC,input_model_14,4,2.1727266554094316,0.5066489818066113
FZV,6DAC,input_model_15,4,2.1198786300624852,0.4638388215349535
FZV,6DAC,input_model_16,4,2.101314082504079,0.5203437969823111
FZV,6DAC,input_model_17,4,2.101789175925826,0.47164630685636255
FZV,6DAC,input_model_18,4,2.129526389243535,0.4626905414625988
FZV,6DAC,input_model_19,4,5.338957187966791,0.6582723165595185
FZV,6DAC,input_model_2,4,2.0279389374196675,0.4817425288954807
FZV,6DAC,input_model_3,4,2.1232022143807883,0.5739587426637367
FZV,6DAC,input_model_4,4,2.0569093626092814,0.5703140304029566
FZV,6DAC,input_model_5,4,2.093496535522456,0.508905508322332
FZV,6DAC,input_model_6,4,2.087581585923839,0.4757873134138523
FZV,6DAC,input_model_7,4,2.132960597017602,0.4306128958572897
FZV,6DAC,input_model_8,4,2.206666811632169,0.3855837662778316
FZV,6DAC,input_model_9,4,2.167577032950445,0.4685303935656407
J9K,4D78,input_model_0,7,4.292839148164571,0.6245235686460265
J9K,4D78,input_model_1,7,4.3727902598432085,0.6485179171278166
J9K,4D78,input_model_10,7,4.662627814486566,0.6807337429307758
J9K,4D78,input_model_11,7,4.647697226061953,0.7015981257046179
J9K,4D78,input_model_12,7,4.7442416893536015,0.6887525984322712
J9K,4D78,input_model_13,7,4.89118536150767,0.6438179546880408
J9K,4D78,input_model_14,7,4.6125836500890856,0.6719125777768653
J9K,4D78,input_model_15,7,4.797224189686105,0.6556686655855423
J9K,4D78,input_model_16,7,4.633135656488688,0.714398127236383
J9K,4D78,input_model_17,7,4.760025854179377,0.7057177427458649
J9K,4D78,input_model_18,7,4.828318584804256,0.6839185539285403
J9K,4D78,input_model_19,7,4.723250257856254,0.6939626703370863
J9K,4D78,input_model_2,7,4.49282294834941,0.6272190908737468
J9K,4D78,input_model_3,7,4.665576675636529,0.6129066645138384
J9K,4D78,input_model_4,7,4.719396020201588,0.6418023928464538
J9K,4D78,input_model_5,7,4.871153643600969,0.6452330323983495
J9K,4D78,input_model_6,7,4.519326021853436,0.7225096274738545
J9K,4D78,input_model_7,7,4.453099823780966,0.6264954136031289
J9K,4D78,input_model_8,7,4.730232222369665,0.6889345686845149
J9K,4D78,input_model_9,7,4.528259850044811,0.6940816678198095
KLN,2V0M,input_model_0,7,5.420515886844832,1.059341821599347
KLN,2V0M,input_model_1,7,5.442141505159361,0.9375312091347661
KLN,2V0M,input_model_10,7,5.444382217780062,0.9952456870641163
KLN,2V0M,input_model_11,7,5.065895622902389,1.008724635445972
KLN,2V0M,input_model_12,7,5.36489998159241,0.9347570812427805
KLN,2V0M,input_model_13,7,5.471733643059919,0.9391746108366593
KLN,2V0M,input_model_14,7,5.118865202195775,1.0371144900804214
KLN,2V0M,input_model_15,7,5.545391947209057,0.7581107029548939
KLN,2V0M,input_model_16,7,5.322906340160829,0.9676213154868945
KLN,2V0M,input_model_17,7,5.320842523282009,0.912599429042274
KLN,2V0M,input_model_18,7,4.549550758929944,0.488604626836526
KLN,2V0M,input_model_19,7,2.8062797769042973,0.3312102315385759
KLN,2V0M,input_model_2,7,5.267896567262833,0.9218578513685982
KLN,2V0M,input_model_3,7,5.297947326647657,0.9802817282160174
KLN,2V0M,input_model_4,7,5.102411829536161,0.9727708846597499
KLN,2V0M,input_model_5,7,5.678711589947155,0.9701909843601039
KLN,2V0M,input_model_6,7,5.459465017520959,1.0072969915435934
KLN,2V0M,input_model_7,7,5.601446849898387,1.0261664516610751
KLN,2V0M,input_model_8,7,5.0298004685993,0.8563974528131202
KLN,2V0M,input_model_9,7,5.163705487478658,0.8465642788225369
MF8,5G5J,input_model_0,7,0.34875448175602736,0.18413765882487682
MF8,5G5J,input_model_1,7,0.38380409197782694,0.18596227536732443
MF8,5G5J,input_model_10,7,0.3714423690224948,0.24923737696710824
MF8,5G5J,input_model_11,7,0.3324932485500021,0.21423275311525605
MF8,5G5J,input_model_12,7,0.4019028882228126,0.22054849403924834
MF8,5G5J,input_model_13,7,0.5306988303727806,0.1992804284512609
MF8,5G5J,input_model_14,7,0.4459631192807628,0.2222043750860718
MF8,5G5J,input_model_15,7,0.43997342158853425,0.19421645582735506
MF8,5G5J,input_model_16,7,0.5088127071104259,0.20824917796480488
MF8,5G5J,input_model_17,7,0.3027887423906975,0.222750575259058
MF8,5G5J,input_model_18,7,0.585473661361743,0.19274056095179976
MF8,5G5J,input_model_19,7,0.42319416375812463,0.20879084737189568
MF8,5G5J,input_model_2,7,0.4214882857464595,0.2531312326814775
MF8,5G5J,input_model_3,7,0.37439949455942856,0.19131099070897137
MF8,5G5J,input_model_4,7,0.38609627027148635,0.18010339845887127
MF8,5G5J,input_model_5,7,0.49321052884228445,0.19895297638818674
MF8,5G5J,input_model_6,7,0.3535266814006983,0.17686614121683086
MF8,5G5J,input_model_7,7,0.39887714651443673,0.21186524831662626
MF8,5G5J,input_model_8,7,0.4597276704794067,0.2189710560245574
MF8,5G5J,input_model_9,7,0.3151732493087091,0.18393700504541025
MWS,6OOB,input_model_0,7,0.2860216601488216,0.31560828612451297
MWS,6OOB,input_model_1,7,0.4178486920112173,0.29179827213334447
MWS,6OOB,input_model_10,7,0.24012449293295163,0.26025773034553507
MWS,6OOB,input_model_11,7,0.3855608237393999,0.25458301069253103
MWS,6OOB,input_model_12,7,0.45634864743848436,0.29181538370750526
MWS,6OOB,input_model_13,7,0.24778522636060385,0.3115297083566535
MWS,6OOB,input_model_14,7,0.24167763015002755,0.27655219180254353
MWS,6OOB,input_model_15,7,0.3548033806927181,0.23321710236847124
MWS,6OOB,input_model_16,7,0.5993810418740624,0.30494293696980096
MWS,6OOB,input_model_17,7,0.6153079954849222,0.3377862529284083
MWS,6OOB,input_model_18,7,0.25264571629767274,0.33356383646439036
MWS,6OOB,input_model_19,7,0.31214894640308327,0.27442862347330105
MWS,6OOB,input_model_2,7,0.2390533508648452,0.3597180013354625
MWS,6OOB,input_model_3,7,0.2697666854832909,0.32811193130522587
MWS,6OOB,input_model_4,7,0.2834454858034018,0.30890556542427555
MWS,6OOB,input_model_5,7,0.3342979674371713,0.2602449679246862
MWS,6OOB,input_model_6,7,0.21939493628617324,0.3424644682482543
MWS,6OOB,input_model_7,7,0.20012966709685817,0.26946969682374344
MWS,6OOB,input_model_8,7,0.29234305421650725,0.31869820500334745
MWS,6OOB,input_model_9,7,0.5935339554456873,0.29862701630267086
MWV,6OO9,input_model_0,7,0.3381356156815552,0.27052619861435273
MWV,6OO9,input_model_1,7,0.3505002299309705,0.22559456075753598
MWV,6OO9,input_model_10,7,0.38230416161695174,0.2541199222556201
MWV,6OO9,input_model_11,7,0.22212585632142565,0.3236780589945549
MWV,6OO9,input_model_12,7,0.6008875543063797,0.2672283117703784
MWV,6OO9,input_model_13,7,0.5942833591541682,0.2607272793255154
MWV,6OO9,input_model_14,7,0.4163586126173926,0.24271444904479736
MWV,6OO9,input_model_15,7,0.7217112580932974,0.3185628385250201
MWV,6OO9,input_model_16,7,0.23937041534611828,0.2505429992354462
MWV,6OO9,input_model_17,7,3.2206263547344265,0.7400136411034155
MWV,6OO9,input_model_18,7,4.303567419306089,0.8298985291218971
MWV,6OO9,input_model_19,7,0.481757377203291,0.2283779204864775
MWV,6OO9,input_model_2,7,0.44837739865638304,0.22643436339548476
MWV,6OO9,input_model_3,7,0.240079571849387,0.26326664654602355
MWV,6OO9,input_model_4,7,0.31490559248966987,0.2682375174495666
MWV,6OO9,input_model_5,7,0.3375375591147056,0.28996572099824447
MWV,6OO9,input_model_6,7,0.361356039760174,0.24635397721621638
MWV,6OO9,input_model_7,7,0.2898978496861079,0.26698240850713945
MWV,6OO9,input_model_8,7,0.3015646815960345,0.30507188312386463
MWV,6OO9,input_model_9,7,0.2546310411109792,0.27826707497241693
MYT,1W0G,input_model_0,7,0.6330468995051166,0.2881139166629997
MYT,1W0G,input_model_1,7,0.588282781720721,0.3284726004682119
MYT,1W0G,input_model_10,7,0.5896699256441055,0.31599254603289967
MYT,1W0G,input_model_11,7,0.7376885665866248,0.2989527404714143
MYT,1W0G,input_model_12,7,0.5437218312531132,0.3041768012395711
MYT,1W0G,input_model_13,7,0.6413443804140853,0.3354126602513386
MYT,1W0G,input_model_14,7,0.5752489555683026,0.30612200048083277
MYT,1W0G,input_model_15,7,0.501158256813829,0.3279428246718658
MYT,1W0G,input_model_16,7,0.6381309270814169,0.3184338096595898
MYT,1W0G,input_model_17,7,0.5239608809154433,0.3251743790364548
MYT,1W0G,input_model_18,7,0.5106678588986667,0.31392163023874814
MYT,1W0G,input_model_19,7,0.6258966713551892,0.3040955618990077
MYT,1W0G,input_model_2,7,0.683355738843846,0.35329374550034953
MYT,1W0G,input_model_3,7,0.772339536230499,0.32815403962843653
MYT,1W0G,input_model_4,7,0.7095642067351271,0.3150326934960057
MYT,1W0G,input_model_5,7,0.5714892083978067,0.3996218366185739
MYT,1W0G,input_model_6,7,0.44339052206085605,0.3182013802386672
MYT,1W0G,input_model_7,7,0.6935271618454038,0.36205706569805607
MYT,1W0G,input_model_8,7,0.5644255666773471,0.30084003332005066
MYT,1W0G,input_model_9,7,0.49692007310911024,0.3495296531219432
NI6,7UFA,input_model_0,7,6.65063670925182,0.23741450912666084
NI6,7UFA,input_model_1,7,6.9955896592556925,0.2830096885416968
NI6,7UFA,input_model_10,7,6.886545279875049,0.2204011771433451
NI6,7UFA,input_model_11,7,6.817984207118003,0.2448558889368439
NI6,7UFA,input_model_12,7,6.825964625623493,0.3260924552835764
NI6,7UFA,input_model_13,7,6.891134557299489,0.2843432840549316
NI6,7UFA,input_model_14,7,6.995382138226877,0.24632661910347428
NI6,7UFA,input_model_15,7,6.994685770964064,0.22085713815153304
NI6,7UFA,input_model_16,7,7.274237201131091,0.2949294559582015
NI6,7UFA,input_model_17,7,6.9639315234769965,0.2771608569016389
NI6,7UFA,input_model_18,7,6.938898610640387,0.40980823935165356
NI6,7UFA,input_model_19,7,7.127882746696841,0.22396951133087184
NI6,7UFA,input_model_2,7,7.0092650493815425,0.25247077191749895
NI6,7UFA,input_model_3,7,7.022342131032531,0.34240419164979247
NI6,7UFA,input_model_4,7,6.878980515209476,0.30659636590947353
NI6,7UFA,input_model_5,7,6.914104108709232,0.24245516165874864
NI6,7UFA,input_model_6,7,6.943300854485172,0.3120614827436626
NI6,7UFA,input_model_7,7,6.900780683071657,0.24567253404555103
NI6,7UFA,input_model_8,7,7.127747238643995,0.2010438480646374
NI6,7UFA,input_model_9,7,6.872649927952185,0.2676649950535284
NJ0,7UFB,input_model_0,7,0.406167996421481,0.21480933859858264
NJ0,7UFB,input_model_1,7,0.3008032481575615,0.6643356726805939
NJ0,7UFB,input_model_10,7,0.39784885136445114,0.6128430139221005
NJ0,7UFB,input_model_11,7,0.514750108396966,0.6260907372876011
NJ0,7UFB,input_model_12,7,0.705396502607119,0.34384619533636535
NJ0,7UFB,input_model_13,7,0.6360622422901159,0.4196565779127641
NJ0,7UFB,input_model_14,7,0.6207542032576284,0.710193976780189
NJ0,7UFB,input_model_15,7,0.3867680049860066,0.5393089569153551
NJ0,7UFB,input_model_16,7,0.5190824372011883,0.6207399212684043
NJ0,7UFB,input_model_17,7,0.5495715806592945,0.5786653053145542
NJ0,7UFB,input_model_18,7,0.440302152766509,0.5720029866594647
NJ0,7UFB,input_model_19,7,1.6610726737798047,0.6734688086304096
NJ0,7UFB,input_model_2,7,0.8292771414635549,0.5711699896885537
NJ0,7UFB,input_model_3,7,0.39885411224662853,0.4989949725150718
NJ0,7UFB,input_model_4,7,0.5025576167552663,0.6034016032828762
NJ0,7UFB,input_model_5,7,0.37826700624140924,0.6499283926884013
NJ0,7UFB,input_model_6,7,0.4385779586103696,0.28811197740370453
NJ0,7UFB,input_model_7,7,0.4705214058935364,0.5946081070252057
NJ0,7UFB,input_model_8,7,0.5901185083042363,0.6329785409286085
NJ0,7UFB,input_model_9,7,0.4491121940481191,0.593586066188477
NJO,7UFC,input_model_0,7,0.6355968456110647,0.3483227819090439
NJO,7UFC,input_model_1,7,0.7419362011414613,0.2671968131144137
NJO,7UFC,input_model_10,7,0.7133604413161603,0.3076153632715756
NJO,7UFC,input_model_11,7,0.5860442903184008,0.3800791953959076
NJO,7UFC,input_model_12,7,0.6485133089585354,0.4064212838356095
NJO,7UFC,input_model_13,7,0.5228877573764237,0.31312363696558165
NJO,7UFC,input_model_14,7,0.5372942631206188,0.20678016159682922
NJO,7UFC,input_model_15,7,0.6141901578033276,0.4269906832037275
NJO,7UFC,input_model_16,7,0.6000590182036363,0.2650448370784777
NJO,7UFC,input_model_17,7,0.6232031675381627,0.3592149372903905
NJO,7UFC,input_model_18,7,0.5164012680694756,0.4012590079866125
NJO,7UFC,input_model_19,7,1.5380479752554093,0.43900880408184384
NJO,7UFC,input_model_2,7,0.6227984092430028,0.33164234194639
NJO,7UFC,input_model_3,7,0.6255562858479209,0.3808928550022524
NJO,7UFC,input_model_4,7,0.6194012606493771,0.2687111466995433
NJO,7UFC,input_model_5,7,0.6937905064181441,0.360164797290612
NJO,7UFC,input_model_6,7,0.5729886629515144,0.3407508553016674
NJO,7UFC,input_model_7,7,0.7409651217973358,0.28605744777230835
NJO,7UFC,input_model_8,7,0.38773458574720077,0.3889735058501232
NJO,7UFC,input_model_9,7,0.6315570985661447,0.2728066489307723
NXR,7UFE,input_model_0,7,4.031299983834082,0.5189872217415613
NXR,7UFE,input_model_1,7,4.1659397939447285,0.49795889147958544
NXR,7UFE,input_model_10,7,1.119563206840582,0.4630257576289823
NXR,7UFE,input_model_11,7,1.0559283672689532,0.3608622867897897
NXR,7UFE,input_model_12,7,3.837069461871569,0.548571419959064
NXR,7UFE,input_model_13,7,1.0997288698942755,0.4393200167401238
NXR,7UFE,input_model_14,7,0.8019291264044246,0.4025888335501763
NXR,7UFE,input_model_15,7,3.9370374724112045,0.4860368000572004
NXR,7UFE,input_model_16,7,1.574084384448296,0.41843669560323626
NXR,7UFE,input_model_17,7,0.9791132761657864,0.35903025191553123
NXR,7UFE,input_model_18,7,0.9229801274199939,0.3953550013114352
NXR,7UFE,input_model_19,7,1.76997808585532,0.4308507189455555
NXR,7UFE,input_model_2,7,4.149184124576024,0.5653931738829057
NXR,7UFE,input_model_3,7,4.055889268698665,0.5521753029802757
NXR,7UFE,input_model_4,7,3.6654823389909006,0.4997147572606167
NXR,7UFE,input_model_5,7,4.076390032261639,0.5379550605073724
NXR,7UFE,input_model_6,7,4.239938647055488,0.5136310139922715
NXR,7UFE,input_model_7,7,4.263613249955412,0.516994176806545
NXR,7UFE,input_model_8,7,3.9303672124520896,0.7292540098293797
NXR,7UFE,input_model_9,7,4.092413353950899,0.5230657137827455
NYF,7UFF,input_model_0,7,4.343884794535555,0.5524862415393716
NYF,7UFF,input_model_1,7,4.068401287912218,0.5506585146390357
NYF,7UFF,input_model_10,7,4.159277650183473,0.5478287343879575
NYF,7UFF,input_model_11,7,4.193322465747743,0.48829777504650057
NYF,7UFF,input_model_12,7,3.944656388162172,0.6429605958424901
NYF,7UFF,input_model_13,7,4.090423962006058,0.5610878712584136
NYF,7UFF,input_model_14,7,4.093770897233223,0.5648286845376901
NYF,7UFF,input_model_15,7,3.7616054530545138,0.4846562819921616
NYF,7UFF,input_model_16,7,4.201487718159979,0.4620404722113975
NYF,7UFF,input_model_17,7,4.102298589556175,0.5087720917873003
NYF,7UFF,input_model_18,7,4.064916055986264,0.5241927381274613
NYF,7UFF,input_model_19,7,1.0080170469752558,0.35914346959342974
NYF,7UFF,input_model_2,7,4.1842774317198135,0.4837538264347845
NYF,7UFF,input_model_3,7,4.084740013468289,0.609985963088393
NYF,7UFF,input_model_4,7,4.001000011491984,0.5379874281230625
NYF,7UFF,input_model_5,7,4.272564407761606,0.5343628153648413
NYF,7UFF,input_model_6,7,3.959739529245929,0.5195863439889994
NYF,7UFF,input_model_7,7,4.233761202507005,0.5080898829824644
NYF,7UFF,input_model_8,7,4.194182288448164,0.5298131275093643
NYF,7UFF,input_model_9,7,3.9176054595408116,0.5640797542737137
PG0,9BV6,input_model_0,6,4.8461515013752345,0.6327812284362337
PG0,9BV6,input_model_1,6,4.801937459746415,0.5947152229566356
PG0,9BV6,input_model_10,6,4.883221930507992,0.6455432138899805
PG0,9BV6,input_model_11,6,4.935117768010713,0.5660195782321146
PG0,9BV6,input_model_12,6,4.958700975393265,0.6148026823739469
PG0,9BV6,input_model_13,6,4.848627867583519,0.5759013303058647
PG0,9BV6,input_model_14,6,4.741742272357096,0.5883928857221441
PG0,9BV6,input_model_15,6,4.685358097099763,0.552779916546146
PG0,9BV6,input_model_16,6,4.7680808731863715,0.59650036043001
PG0,9BV6,input_model_17,6,5.0256463852639515,0.5812495062606229
PG0,9BV6,input_model_18,6,4.901077721869808,0.5040883245606119
PG0,9BV6,input_model_19,6,4.835733292322169,0.5206998737259109
PG0,9BV6,input_model_2,6,4.73681037901525,0.534676726896675
PG0,9BV6,input_model_3,6,4.8329411709920524,0.5411436195318035
PG0,9BV6,input_model_4,6,4.831787548507153,0.6663095656830118
PG0,9BV6,input_model_5,6,4.894015567819463,0.6069185244660825
PG0,9BV6,input_model_6,6,4.748063993691489,0.5370692486311079
PG0,9BV6,input_model_7,6,4.774112053309574,0.5821776725120961
PG0,9BV6,input_model_8,6,4.6954776043675635,0.595307705391454
PG0,9BV6,input_model_9,6,4.869738981593654,0.6277099498827089
PG4,9YK4,input_model_0,7,0.39098155302873483,0.3131590605267368
PG4,9YK4,input_model_1,7,0.3601555066056728,0.2867286330717821
PG4,9YK4,input_model_10,7,0.36878386666053464,0.23490927427835034
PG4,9YK4,input_model_11,7,0.5443547760440411,0.2713064555468611
PG4,9YK4,input_model_12,7,0.38773026335555805,0.277248554037093
PG4,9YK4,input_model_13,7,0.5567571088714943,0.33978068157334856
PG4,9YK4,input_model_14,7,0.3899411326978501,0.33858371902280326
PG4,9YK4,input_model_15,7,0.4484086746417029,0.33832454020333097
PG4,9YK4,input_model_16,7,0.24966012835091353,0.31508692547511735
PG4,9YK4,input_model_17,7,0.3490697987196028,0.3159794654433621
PG4,9YK4,input_model_18,7,0.4389961451091478,0.31708448256060096
PG4,9YK4,input_model_19,7,0.42599534882394413,0.37475692025027774
PG4,9YK4,input_model_2,7,0.4315244085875239,0.4063583889456347
PG4,9YK4,input_model_3,7,0.3469785188676044,0.2995880807375864
PG4,9YK4,input_model_4,7,0.34504921873183364,0.35708837316681774
PG4,9YK4,input_model_5,7,0.3493399023961137,0.26632176449539674
PG4,9YK4,input_model_6,7,0.4202571509904898,0.3351608921817331
PG4,9YK4,input_model_7,7,0.33175594746336107,0.250122660360623
PG4,9YK4,input_model_8,7,0.4017027043496859,0.331823132731612
PG4,9YK4,input_model_9,7,0.5250195982117205,0.27287693514625194
PK9,4D6Z,input_model_0,7,0.3715361457142138,0.23203555439542425
PK9,4D6Z,input_model_1,7,0.29547346042002964,0.2021153382797939
PK9,4D6Z,input_model_10,7,0.48800617721417555,0.20695988052666164
PK9,4D6Z,input_model_11,7,0.32155034897200047,0.2591334593153233
PK9,4D6Z,input_model_12,7,0.32253513298548525,0.21921278972765565
PK9,4D6Z,input_model_13,7,0.2423323465867362,0.22973849383757136
PK9,4D6Z,input_model_14,7,0.2870284106227594,0.20552072549584033
PK9,4D6Z,input_model_15,7,0.38247546055405834,0.2386350234166293
PK9,4D6Z,input_model_16,7,0.3549276460693381,0.20165922328376232
PK9,4D6Z,input_model_17,7,0.34759998090805927,0.2117406592566805
PK9,4D6Z,input_model_18,7,0.3658992386276135,0.1921440882451581
PK9,4D6Z,input_model_19,7,0.4040826774689963,0.1842172499631948
PK9,4D6Z,input_model_2,7,0.46417990431589407,0.24762851579007947
PK9,4D6Z,input_model_3,7,0.29998781909448213,0.26899785725539466
PK9,4D6Z,input_model_4,7,0.3350606191424904,0.1876639277364882
PK9,4D6Z,input_model_5,7,0.34924368301708475,0.22218233545321567
PK9,4D6Z,input_model_6,7,0.3700209201729182,0.26120619523878996
PK9,4D6Z,input_model_7,7,0.3955133754931147,0.20975160616583216
PK9,4D6Z,input_model_8,7,0.3262752255868604,0.2182122543304817
PK9,4D6Z,input_model_9,7,0.45791185265644324,0.2229102980113973
PKT,4D7D,input_model_0,7,4.284902469395251,0.727116011155555
PKT,4D7D,input_model_1,7,4.246492608773608,0.7084880651755462
PKT,4D7D,input_model_10,7,4.367016550649698,0.7714516969396157
PKT,4D7D,input_model_11,7,4.361199507972098,0.7736377322157438
PKT,4D7D,input_model_12,7,4.508056968520734,0.7441738610417561
PKT,4D7D,input_model_13,7,4.244187382484566,0.8091069875910276
PKT,4D7D,input_model_14,7,4.070135836578133,0.7218424828213769
PKT,4D7D,input_model_15,7,4.325967822750582,0.8086059192937703
PKT,4D7D,input_model_16,7,4.330710574848368,0.7872174129973885
PKT,4D7D,input_model_17,7,4.3542278132656715,0.6895936130209414
PKT,4D7D,input_model_18,7,4.242913089584043,0.7134560451562011
PKT,4D7D,input_model_19,7,4.129107637056823,0.7896059656767089
PKT,4D7D,input_model_2,7,4.450509863693064,0.691375068608413
PKT,4D7D,input_model_3,7,4.186763769713489,0.768712191327889
PKT,4D7D,input_model_4,7,4.353299229288511,0.7435741617202056
PKT,4D7D,input_model_5,7,4.2001060829607795,0.7037965094904874
PKT,4D7D,input_model_6,7,4.3368432473604415,0.7451252356955649
PKT,4D7D,input_model_7,7,4.46068145856861,0.726262903481544
PKT,4D7D,input_model_8,7,4.076696128095887,0.6633295323954563
PKT,4D7D,input_model_9,7,4.315187595551978,0.7914937283070116
QDY,6UNJ,input_model_0,7,4.090941941474542,0.9680846056660934
QDY,6UNJ,input_model_1,7,4.364054762203538,0.5860019404070065
QDY,6UNJ,input_model_10,7,4.367548263635747,0.6429920610663027
QDY,6UNJ,input_model_11,7,4.271027789889609,0.7275935417599404
QDY,6UNJ,input_model_12,7,4.2202112551451245,0.58959413305
QDY,6UNJ,input_model_13,7,4.396520061080397,0.5569728489243457
QDY,6UNJ,input_model_14,7,4.2613919498532145,0.5797413254333159
QDY,6UNJ,input_model_15,7,4.144644524480882,0.8920948620616483
QDY,6UNJ,input_model_16,7,4.102472239195884,0.6416051915497045
QDY,6UNJ,input_model_17,7,4.522434476218052,0.6227600944820754
QDY,6UNJ,input_model_18,7,4.234915879464774,0.6818957099575937
QDY,6UNJ,input_model_19,7,4.407401501999909,0.7804630079574089
QDY,6UNJ,input_model_2,7,4.348844072248982,0.7206578080176625
QDY,6UNJ,input_model_3,7,4.303622130094498,0.5032790649209649
QDY,6UNJ,input_model_4,7,4.333381772314707,0.5253073966493198
QDY,6UNJ,input_model_5,7,4.389951979071751,0.6386966471742438
QDY,6UNJ,input_model_6,7,4.013803098915798,0.5556913425350352
QDY,6UNJ,input_model_7,7,4.338163635390918,0.9469130720959228
QDY,6UNJ,input_model_8,7,4.272564664687399,0.6012427654207171
QDY,6UNJ,input_model_9,7,4.270832355640301,0.9210455200768829
QEA,6UNH,input_model_0,4,0.3539473783367299,0.3813659126880022
QEA,6UNH,input_model_1,4,0.39590557643264623,0.3730761355093094
QEA,6UNH,input_model_10,4,0.3184961523758109,0.3856082288390916
QEA,6UNH,input_model_11,4,0.31184984606174654,0.35848207723401165
QEA,6UNH,input_model_12,4,0.29715846721227646,0.4048381406523541
QEA,6UNH,input_model_13,4,0.4985237919055484,0.5674535303421451
QEA,6UNH,input_model_14,4,0.28547254360958685,0.4308942959579902
QEA,6UNH,input_model_15,4,0.491765685454233,0.47969268779901136
QEA,6UNH,input_model_16,4,0.571406257248715,0.34160908209203755
QEA,6UNH,input_model_17,4,0.2854399919978364,0.369654793594635
QEA,6UNH,input_model_18,4,0.6469877285713902,0.3553910073956823
QEA,6UNH,input_model_19,4,5.426524985659,0.43249471837243253
QEA,6UNH,input_model_2,4,0.6340777903663335,0.5907602623565833
QEA,6UNH,input_model_3,4,0.28199441666719804,0.5709475895633822
QEA,6UNH,input_model_4,4,0.6404129464586051,0.5234726811484495
QEA,6UNH,input_model_5,4,0.3940460791505191,0.5663046977475431
QEA,6UNH,input_model_6,4,0.3035258718110629,0.38970448518517947
QEA,6UNH,input_model_7,4,0.6129442139434066,0.6316476906281813
QEA,6UNH,input_model_8,4,0.282989650002539,0.4109902697881481
QEA,6UNH,input_model_9,4,0.44986420110307923,0.35733176230449715
QEP,6UNG,input_model_0,4,0.41659159635076787,0.2609347339641507
QEP,6UNG,input_model_1,4,0.25143468536832675,0.2550087679148088
QEP,6UNG,input_model_10,4,0.4727411573520429,0.38444184187606195
QEP,6UNG,input_model_11,4,0.3148030932033577,0.2435010736501744
QEP,6UNG,input_model_12,4,0.41887914236266116,0.21257564744786533
QEP,6UNG,input_model_13,4,0.3596228073574448,0.25704554168322463
QEP,6UNG,input_model_14,4,0.3111014145551947,0.23747645720870444
QEP,6UNG,input_model_15,4,0.39991520253074486,0.24537903644582482
QEP,6UNG,input_model_16,4,0.6172077935203689,0.6207788441373465
QEP,6UNG,input_model_17,4,0.5068234045070948,0.22453023188218527
QEP,6UNG,input_model_18,4,0.5064241718411748,0.6133750844320502
QEP,6UNG,input_model_19,4,0.3772769698905794,0.2598292968301575
QEP,6UNG,input_model_2,4,0.270845115504472,0.2615113752972827
QEP,6UNG,input_model_3,4,0.3179694022319949,0.24343331594831832
QEP,6UNG,input_model_4,4,0.7255311328827773,0.25557635253196276
QEP,6UNG,input_model_5,4,0.5415648389644591,0.27463001097718825
QEP,6UNG,input_model_6,4,0.376053196152642,0.23338443656939054
QEP,6UNG,input_model_7,4,0.5078281757608357,0.2722617325074999
QEP,6UNG,input_model_8,4,0.30617244639050145,0.23733079136917856
QEP,6UNG,input_model_9,4,0.35898035857055466,0.2585515443218372
QES,6UNE,input_model_0,4,0.5533143524113671,0.3202539230867746
QES,6UNE,input_model_1,4,0.5596950453617405,0.35251154675890956
QES,6UNE,input_model_10,4,0.5224075008858107,0.2268776049166899
QES,6UNE,input_model_11,4,0.48752768067611796,0.38267017891510824
QES,6UNE,input_model_12,4,0.6818147920232638,0.36743798649552506
QES,6UNE,input_model_13,4,0.5306231896965246,0.36951322339884096
QES,6UNE,input_model_14,4,0.3836631601331882,0.33324344131816275
QES,6UNE,input_model_15,4,0.6740221725393581,0.36224098419359685
QES,6UNE,input_model_16,4,0.4849233557556131,0.32122643006932255
QES,6UNE,input_model_17,4,0.6683458351422015,0.3367814533245408
QES,6UNE,input_model_18,4,0.6651979357687773,0.34498085739779905
QES,6UNE,input_model_19,4,4.785996004963511,0.43209069085131485
QES,6UNE,input_model_2,4,0.4535779882033719,0.3135762077636996
QES,6UNE,input_model_3,4,0.5856801742799473,0.4016175761243686
QES,6UNE,input_model_4,4,0.48906533248274675,0.3120104441715543
QES,6UNE,input_model_5,4,0.9317507788069059,0.38488813549325424
QES,6UNE,input_model_6,4,0.4530750531549381,0.3968280746576531
QES,6UNE,input_model_7,4,0.6060854839840352,0.31783698123257315
QES,6UNE,input_model_8,4,0.6935400224819098,0.38204245323492725
QES,6UNE,input_model_9,4,0.6951599325327171,0.3386003290507527
RIT,3NXU,input_model_0,7,4.4362157112223874,0.6015596274446646
RIT,3NXU,input_model_1,7,4.284222946222939,0.6481465414237843
RIT,3NXU,input_model_10,7,4.147484004340903,0.5944402418023375
RIT,3NXU,input_model_11,7,3.9372192692543417,0.6523517098165367
RIT,3NXU,input_model_12,7,4.326114659912181,0.6153404830940032
RIT,3NXU,input_model_13,7,4.211179300026869,0.6939342324530675
RIT,3NXU,input_model_14,7,4.114239924105142,0.7994606297215258
RIT,3NXU,input_model_15,7,4.2252927235712345,0.8062288787205714
RIT,3NXU,input_model_16,7,4.420105161461439,0.8013180294682875
RIT,3NXU,input_model_17,7,4.121200280119267,0.6343808375384513
RIT,3NXU,input_model_18,7,1.3524676849660828,0.5208959544270118
RIT,3NXU,input_model_19,7,3.434066173205462,0.6433975838777792
RIT,3NXU,input_model_2,7,4.2269530640706785,0.7447142919259634
RIT,3NXU,input_model_3,7,4.079202359348718,0.6378295554226998
RIT,3NXU,input_model_4,7,4.039903698542174,0.7443007168696888
RIT,3NXU,input_model_5,7,4.205464995721042,0.6480063678976468
RIT,3NXU,input_model_6,7,3.9069290531884073,0.6659981253822733
RIT,3NXU,input_model_7,7,3.930339747078854,0.5733758757028885
RIT,3NXU,input_model_8,7,4.346162967697167,0.7027130717941931
RIT,3NXU,input_model_9,7,4.150803178680426,0.6392722517499186
T0K,7UFD,input_model_0,7,0.6925557028211832,0.48218036176746737
T0K,7UFD,input_model_1,7,0.674956896101461,0.4424895014148948
T0K,7UFD,input_model_10,7,0.7022241346146328,0.39752232044330327
T0K,7UFD,input_model_11,7,0.46193990931117335,0.5226255606216421
T0K,7UFD,input_model_12,7,0.7340976498172881,0.3802521972142549
T0K,7UFD,input_model_13,7,0.6067195672199709,0.548644368176665
T0K,7UFD,input_model_14,7,1.1117005172489136,0.5855292407805135
T0K,7UFD,input_model_15,7,0.7092048133706845,0.4899961340902413
T0K,7UFD,input_model_16,7,0.6355317374753369,0.4027339078179687
T0K,7UFD,input_model_17,7,0.5632488585269467,0.28105381320178385
T0K,7UFD,input_model_18,7,0.6954019070718102,0.4705973372607908
T0K,7UFD,input_model_19,7,0.5876161724515641,0.5214549494818665
T0K,7UFD,input_model_2,7,0.797941542972609,0.4122050879578689
T0K,7UFD,input_model_3,7,0.8359592838855606,0.38297070112909015
T0K,7UFD,input_model_4,7,0.7583691009208025,0.4977787463433013
T0K,7UFD,input_model_5,7,0.5560371135561746,0.4625631201636322
T0K,7UFD,input_model_6,7,0.8197018291998655,0.4396489954564455
T0K,7UFD,input_model_7,7,0.7562905810958186,0.5161145488368146
T0K,7UFD,input_model_8,7,0.6952385571608263,0.3792153713237809
T0K,7UFD,input_model_9,7,0.7890229964289042,0.4732502978933928
TCI,9PLJ,input_model_0,7,0.348632669998143,0.39552017019016333
TCI,9PLJ,input_model_1,7,0.34111497402538327,0.3085547115334007
TCI,9PLJ,input_model_10,7,0.4234074755338571,0.3002564336649259
TCI,9PLJ,input_model_11,7,0.41539181647420304,0.41664391535011636
TCI,9PLJ,input_model_12,7,0.540376650636555,0.3079621874394706
TCI,9PLJ,input_model_13,7,0.3511186626208795,0.36104251269401383
TCI,9PLJ,input_model_14,7,0.824980373934551,0.3278862499754825
TCI,9PLJ,input_model_15,7,0.33964305543644446,0.3253347337524321
TCI,9PLJ,input_model_16,7,0.2797344734622909,0.2917007729673475
TCI,9PLJ,input_model_17,7,0.504252319355923,0.2378804730552055
TCI,9PLJ,input_model_18,7,0.3508590595652401,0.2815750251725499
TCI,9PLJ,input_model_19,7,0.3460484970201116,0.348742564732647
TCI,9PLJ,input_model_2,7,0.3375015859961561,0.3923187282229421
TCI,9PLJ,input_model_3,7,0.6708140670846044,0.39457371110562295
TCI,9PLJ,input_model_4,7,0.3951837073143273,0.2821316289788059
TCI,9PLJ,input_model_5,7,0.3033718792182936,0.404692852186978
TCI,9PLJ,input_model_6,7,0.31929056693596397,0.22084222477432108
TCI,9PLJ,input_model_7,7,0.4777613239935206,0.24594885009349926
TCI,9PLJ,input_model_8,7,0.40252979574632486,0.24911753485375956
TCI,9PLJ,input_model_9,7,0.7813902138464187,0.4225603448199156
X5Y,7KVH,input_model_0,7,4.56494381949122,0.4763128376794421
X5Y,7KVH,input_model_1,7,4.891099995577356,0.8017137046353024
X5Y,7KVH,input_model_10,7,4.541212555910233,0.41875536701391525
X5Y,7KVH,input_model_11,7,4.325450321350978,0.44099134942338103
X5Y,7KVH,input_model_12,7,4.5633002912673195,0.3612365361453122
X5Y,7KVH,input_model_13,7,4.481939636991624,0.3917973068229411
X5Y,7KVH,input_model_14,7,4.121738766232368,0.3489532157061846
X5Y,7KVH,input_model_15,7,4.586691189754304,0.4003625884974096
X5Y,7KVH,input_model_16,7,4.352525808563093,0.38612102001298754
X5Y,7KVH,input_model_17,7,4.49350657035265,0.42980840643452556
X5Y,7KVH,input_model_18,7,4.656881412535725,0.49086386001323384
X5Y,7KVH,input_model_19,7,4.501880423271285,0.3515807566096977
X5Y,7KVH,input_model_2,7,4.400180614293485,0.4054917107953955
X5Y,7KVH,input_model_3,7,4.57245964984181,0.4849167839958937
X5Y,7KVH,input_model_4,7,4.666457426792887,0.3731118360759395
X5Y,7KVH,input_model_5,7,4.596498654414272,0.43444538513763886
X5Y,7KVH,input_model_6,7,4.319020469172256,0.45793422774215037
X5Y,7KVH,input_model_7,7,4.295899474565381,0.4009250630338702
X5Y,7KVH,input_model_8,7,2.208470482144095,0.34447508696536666
X5Y,7KVH,input_model_9,7,4.474449335217323,0.40337585847299756
X6S,7KVO,input_model_0,7,4.148890345725542,0.6528922088511273
X6S,7KVO,input_model_1,7,4.141700294145269,0.607374026649851
X6S,7KVO,input_model_10,7,4.388842345204727,0.8748750357382381
X6S,7KVO,input_model_11,7,3.8800853377859594,0.5884204790901448
X6S,7KVO,input_model_12,7,4.451363301758172,0.844741972990314
X6S,7KVO,input_model_13,7,3.8927079419990265,0.5146538847607834
X6S,7KVO,input_model_14,7,4.091031217366229,0.4672715680153953
X6S,7KVO,input_model_15,7,4.001968756882856,0.6400145117522357
X6S,7KVO,input_model_16,7,3.967901831782065,0.8994591527922478
X6S,7KVO,input_model_17,7,4.209117202419521,0.7411825100009609
X6S,7KVO,input_model_18,7,1.327093571293198,0.3470103237872273
X6S,7KVO,input_model_19,7,4.418103343166743,0.9628328040429385
X6S,7KVO,input_model_2,7,4.015665679984025,0.5514037193900002
X6S,7KVO,input_model_3,7,4.074480985473081,0.8928050811128548
X6S,7KVO,input_model_4,7,3.9740220102866433,0.5710634167841959
X6S,7KVO,input_model_5,7,4.181394493417706,0.6128052836841482
X6S,7KVO,input_model_6,7,4.0067361108125175,0.5633381681338523
X6S,7KVO,input_model_7,7,4.074757610135178,0.516961548181677
X6S,7KVO,input_model_8,7,4.068731861197355,0.5798326448325046
X6S,7KVO,input_model_9,7,4.009403734041111,0.8882637074839883
X6V,7KVN,input_model_0,7,4.770904541678185,0.8610838652354217
X6V,7KVN,input_model_1,7,4.365064103256075,0.8157969402542818
X6V,7KVN,input_model_10,7,4.630627548196376,0.8291553823878951
X6V,7KVN,input_model_11,7,4.811839387877139,0.865640761281251
X6V,7KVN,input_model_12,7,4.387751424567018,0.877191135354349
X6V,7KVN,input_model_13,7,4.772204855930326,0.8805461914086006
X6V,7KVN,input_model_14,7,4.156630995333937,0.39725827810059156
X6V,7KVN,input_model_15,7,4.610139728456785,0.8665503025474545
X6V,7KVN,input_model_16,7,3.90470724327016,0.8920296564961459
X6V,7KVN,input_model_17,7,4.616895053336303,0.9005698057340091
X6V,7KVN,input_model_18,7,4.4000088027514535,0.8851757078736299
X6V,7KVN,input_model_19,7,3.9668436179452984,0.9516201924926377
X6V,7KVN,input_model_2,7,4.50857048080808,0.9282152323484207
X6V,7KVN,input_model_3,7,4.652664368888886,0.8357385162001562
X6V,7KVN,input_model_4,7,4.836780507861126,0.8218041480263844
X6V,7KVN,input_model_5,7,4.5998906433031514,0.8549255654638995
X6V,7KVN,input_model_6,7,4.61552200643366,0.940554624147658
X6V,7KVN,input_model_7,7,4.649535396986787,0.8931830624055664
X6V,7KVN,input_model_8,7,4.607957497675077,0.8741370754975195
X6V,7KVN,input_model_9,7,4.738526423573957,0.9130333610648282
X74,7KVS,input_model_0,7,4.137246118590195,0.8871656034893499
X74,7KVS,input_model_1,7,4.190281526334491,0.6021601132468877
X74,7KVS,input_model_10,7,4.042350579640737,0.5577961727882937
X74,7KVS,input_model_11,7,4.047835619807106,0.8934103155312251
X74,7KVS,input_model_12,7,4.506041204568021,0.8418740778531084
X74,7KVS,input_model_13,7,3.9203082739312674,0.5024202619024848
X74,7KVS,input_model_14,7,4.014716177135544,0.6455342548796039
X74,7KVS,input_model_15,7,4.024958094461452,0.9147340299897987
X74,7KVS,input_model_16,7,1.3316329991233529,0.33017536572223916
X74,7KVS,input_model_17,7,4.467821303981949,0.961184764502084
X74,7KVS,input_model_18,7,4.1556963714866635,0.4583547688512684
X74,7KVS,input_model_19,7,4.254110598263899,0.7398655707661944
X74,7KVS,input_model_2,7,4.178401369595307,0.6394153351218502
X74,7KVS,input_model_3,7,4.027968695420081,0.557881134042106
X74,7KVS,input_model_4,7,4.044191798057116,0.5661348115391369
X74,7KVS,input_model_5,7,4.431420857367973,0.872910111153142
X74,7KVS,input_model_6,7,4.1331164759725665,0.5037643566698896
X74,7KVS,input_model_7,7,4.22331830761215,0.6079185295920123
X74,7KVS,input_model_8,7,4.108603536219161,0.5675407107696611
X74,7KVS,input_model_9,7,3.9053683062730626,0.5866027419618322
X7D,7KVQ,input_model_0,7,4.299028246179642,0.6079664416395105
X7D,7KVQ,input_model_1,7,4.164513712431594,0.8032102499603787
X7D,7KVQ,input_model_10,7,3.988268626513533,0.7284070391586616
X7D,7KVQ,input_model_11,7,4.142086540155534,0.40207673732406773
X7D,7KVQ,input_model_12,7,4.11865936996622,0.49030124981276474
X7D,7KVQ,input_model_13,7,4.509325128534736,0.7693109119550966
X7D,7KVQ,input_model_14,7,3.932443371287909,0.4218421196941021
X7D,7KVQ,input_model_15,7,4.092479501790129,0.5146065462299232
X7D,7KVQ,input_model_16,7,4.0533734636051095,0.8143453741205948
X7D,7KVQ,input_model_17,7,4.469764261466013,0.8915412481585194
X7D,7KVQ,input_model_18,7,1.2586189606076763,0.24720332011093366
X7D,7KVQ,input_model_19,7,4.134758285329048,0.3728864538654573
X7D,7KVQ,input_model_2,7,4.187859279643903,0.5338596287541495
X7D,7KVQ,input_model_3,7,4.218836991815486,0.5628977691241521
X7D,7KVQ,input_model_4,7,4.069100700945161,0.4530197814671186
X7D,7KVQ,input_model_5,7,4.460832625937805,0.7825098007142179
X7D,7KVQ,input_model_6,7,4.061418955361377,0.4474535437652381
X7D,7KVQ,input_model_7,7,4.0498536346502165,0.4484388466738387
X7D,7KVQ,input_model_8,7,4.246806482717031,0.5303527196420305
X7D,7KVQ,input_model_9,7,3.938080974363879,0.49003478002787815
X7J,7KVK,input_model_0,7,4.144219887433772,0.6809035121809511
X7J,7KVK,input_model_1,7,4.487895846996245,0.9631416434728568
X7J,7KVK,input_model_10,7,4.162957715907527,0.5830893595384656
X7J,7KVK,input_model_11,7,3.9274674252174044,0.6414271463197344
X7J,7KVK,input_model_12,7,3.9100678255852346,0.6466524751246104
X7J,7KVK,input_model_13,7,4.19690150377029,0.5799602289460658
X7J,7KVK,input_model_14,7,4.087838400895473,0.5853034500478995
X7J,7KVK,input_model_15,7,4.106362011405428,0.6127083763313791
X7J,7KVK,input_model_16,7,4.249207737887622,0.6631615871733433
X7J,7KVK,input_model_17,7,3.972248654379485,0.5525167340607053
X7J,7KVK,input_model_18,7,4.123229285596801,0.5232438073166561
X7J,7KVK,input_model_19,7,3.770986583858013,0.5455695540641221
X7J,7KVK,input_model_2,7,4.018548943931257,0.6064656262952266
X7J,7KVK,input_model_3,7,4.185390577934533,0.6605032351395103
X7J,7KVK,input_model_4,7,4.0932996629232905,0.5745657125607296
X7J,7KVK,input_model_5,7,3.7230421206090085,0.525237350273484
X7J,7KVK,input_model_6,7,4.28314088504327,0.5406702505444158
X7J,7KVK,input_model_7,7,4.204589174579435,0.6005991550553798
X7J,7KVK,input_model_8,7,3.9111764274494023,0.5815267906069234
X7J,7KVK,input_model_9,7,4.166072055871082,0.5511490365393048
Y83,6BDM,input_model_0,4,2.5637725696025377,0.37659118306482364
Y83,6BDM,input_model_1,4,2.8196908153427014,0.3652470309902704
Y83,6BDM,input_model_10,4,2.673717705590209,0.3901143012762603
Y83,6BDM,input_model_11,4,2.7580536005931253,0.34937992924180267
Y83,6BDM,input_model_12,4,2.5823847075365793,0.618953479762056
Y83,6BDM,input_model_13,4,2.709747422001565,0.3578903313954074
Y83,6BDM,input_model_14,4,2.5697830413874674,0.3545947950950297
Y83,6BDM,input_model_15,4,2.579923923472807,0.3786159155612941
Y83,6BDM,input_model_16,4,2.6503438446966983,0.3682281047893088
Y83,6BDM,input_model_17,4,2.7627291419820716,0.37289345566427234
Y83,6BDM,input_model_18,4,2.7662112867357775,0.3686931167554224
Y83,6BDM,input_model_19,4,5.208618801122766,0.3805740735402675
Y83,6BDM,input_model_2,4,2.684857603975379,0.3481584351712958
Y83,6BDM,input_model_3,4,2.629874177909614,0.3376101221422734
Y83,6BDM,input_model_4,4,2.6264069285156375,0.3824496546736075
Y83,6BDM,input_model_5,4,2.4245387238289418,0.34781922869294457
Y83,6BDM,input_model_6,4,2.732328107049378,0.35809530913515747
Y83,6BDM,input_model_7,4,2.7961536175843613,0.36930531002510675
Y83,6BDM,input_model_8,4,2.7361575965649494,0.3396637320494907
Y83,6BDM,input_model_9,4,2.5331628595184257,0.3691375285176888
Z8Z,4I4G,input_model_0,7,4.974822471862999,0.5097630710629786
Z8Z,4I4G,input_model_1,7,4.864848008270352,0.4630049785261089
Z8Z,4I4G,input_model_10,7,4.86409305338149,0.4053046525642923
Z8Z,4I4G,input_model_11,7,4.893723957879796,0.44638235518267866
Z8Z,4I4G,input_model_12,7,4.911187970219386,0.4997065235945097
Z8Z,4I4G,input_model_13,7,4.740515701195384,0.5846845299974857
Z8Z,4I4G,input_model_14,7,4.937134139583003,0.7317885915586702
Z8Z,4I4G,input_model_15,7,4.9994741898466275,0.6109141698547816
Z8Z,4I4G,input_model_16,7,4.810899013502224,0.6243519798915533
Z8Z,4I4G,input_model_17,7,4.8654201912155255,0.40202517628555917
Z8Z,4I4G,input_model_18,7,4.97115384921363,0.5333553676013726
Z8Z,4I4G,input_model_19,7,1.0976951340377874,0.27692197771138133
Z8Z,4I4G,input_model_2,7,5.032547064893991,0.5239942511908026
Z8Z,4I4G,input_model_3,7,5.102471479904818,0.45285366576659386
Z8Z,4I4G,input_model_4,7,4.839281811035003,0.47636180960798835
Z8Z,4I4G,input_model_5,7,4.7727745425187775,0.49834361044461706
Z8Z,4I4G,input_model_6,7,4.666506484113522,0.40864971319783777
Z8Z,4I4G,input_model_7,7,5.261393268921012,0.6282516484244182
Z8Z,4I4G,input_model_8,7,5.044531282786458,0.5132375807058493
Z8Z,4I4G,input_model_9,7,5.061196211827594,0.4955537892129529
Z9Z,4I4H,input_model_0,7,4.299625868353568,0.45224861958845586
Z9Z,4I4H,input_model_1,7,4.1304829741827955,0.4708975080377774
Z9Z,4I4H,input_model_10,7,3.878089370550395,0.40556659743672907
Z9Z,4I4H,input_model_11,7,4.372282675344442,0.4837680632941064
Z9Z,4I4H,input_model_12,7,4.0742823642956445,0.6438147691740519
Z9Z,4I4H,input_model_13,7,4.276711317129995,0.533925299206688
Z9Z,4I4H,input_model_14,7,4.254164781652533,0.6043850592710514
Z9Z,4I4H,input_model_15,7,4.079487963074965,0.6179459169286504
Z9Z,4I4H,input_model_16,7,4.399379906551025,0.5903194535415138
Z9Z,4I4H,input_model_17,7,4.248512156292142,0.5266177616355054
Z9Z,4I4H,input_model_18,7,4.092887820735155,0.4937302051455026
Z9Z,4I4H,input_model_19,7,0.9056480635261153,0.2996954802754955
Z9Z,4I4H,input_model_2,7,4.437554784613904,0.5528873034364368
Z9Z,4I4H,input_model_3,7,4.128867803623169,0.5912824608082596
Z9Z,4I4H,input_model_4,7,4.352213012007055,0.6078284905555564
Z9Z,4I4H,input_model_5,7,4.303046360744308,0.6122032435905839
Z9Z,4I4H,input_model_6,7,4.181068082548317,0.44157698834310016
Z9Z,4I4H,input_model_7,7,4.1170444361376415,0.4789126628777884
Z9Z,4I4H,input_model_8,7,4.317863803307212,0.5257365915628267
Z9Z,4I4H,input_model_9,7,4.329359879878195,0.6209836606067461
