ligand,pdb,donor,n_bbcb,min_contact,clears,own_crystal_min_contact,hard7
08J,5TE8,1TQN,35,4.183660685551982,True,3.4990447267790104,False
08J,5TE8,1W0E,35,4.295474867433491,True,3.4990447267790104,False
08J,5TE8,4I3Q,35,4.110828126368551,True,3.4990447267790104,False
08J,5TE8,5VCC,35,4.484797210984192,True,3.4990447267790104,False
08J,5TE8,5VCD,35,4.477351731737635,True,3.4990447267790104,False
08J,5TE8,9GK1,35,4.132415633667989,True,3.4990447267790104,False
08Y,3UA1,1TQN,35,3.6465367516597365,True,4.098663806656995,False
08Y,3UA1,1W0E,35,3.5854418354787176,True,4.098663806656995,False
08Y,3UA1,4I3Q,35,3.4644277932889875,True,4.098663806656995,False
08Y,3UA1,5VCC,35,3.8218197713586175,True,4.098663806656995,False
08Y,3UA1,5VCD,35,3.730295989742443,True,4.098663806656995,False
08Y,3UA1,9GK1,35,3.6558738986015404,True,4.098663806656995,False
1RD,4K9T,1TQN,35,0.4296213820268891,False,2.550771843971936,True
1RD,4K9T,1W0E,35,0.6770974403515694,False,2.550771843971936,True
1RD,4K9T,4I3Q,35,0.5866355193559866,False,2.550771843971936,True
1RD,4K9T,5VCC,35,0.704072233604377,False,2.550771843971936,True
1RD,4K9T,5VCD,35,0.5347702485760903,False,2.550771843971936,True
1RD,4K9T,9GK1,35,0.4901753600206464,False,2.550771843971936,True
2QH,4NY4,1TQN,35,3.1227836909251474,True,3.675924509562184,False
2QH,4NY4,1W0E,35,3.331197730100187,True,3.675924509562184,False
2QH,4NY4,4I3Q,35,3.2612636660865904,True,3.675924509562184,False
2QH,4NY4,5VCC,35,3.379613447893574,True,3.675924509562184,False
2QH,4NY4,5VCD,35,3.3688799881921616,True,3.675924509562184,False
2QH,4NY4,9GK1,35,3.4908746521145546,True,3.675924509562184,False
5AW,4K9U,1TQN,35,0.8426558737282599,False,8.52120261465481,True
5AW,4K9U,1W0E,35,0.8054490350978001,False,8.52120261465481,True
5AW,4K9U,4I3Q,35,0.8463539820170688,False,8.52120261465481,True
5AW,4K9U,5VCC,35,0.8245118606463782,False,8.52120261465481,True
5AW,4K9U,5VCD,35,0.8295457431497159,False,8.52120261465481,True
5AW,4K9U,9GK1,35,0.8687455020858937,False,8.52120261465481,True
6AW,4K9V,1TQN,35,3.9004644518214833,True,3.9858416927921247,False
6AW,4K9V,1W0E,35,3.9228598249074054,True,3.9858416927921247,False
6AW,4K9V,4I3Q,35,3.7801600759680154,True,3.9858416927921247,False
6AW,4K9V,5VCC,35,4.140666674796766,True,3.9858416927921247,False
6AW,4K9V,5VCD,35,4.006805738438738,True,3.9858416927921247,False
6AW,4K9V,9GK1,35,3.8940750174598118,True,3.9858416927921247,False
7AW,4K9W,1TQN,35,2.4745371598080173,True,4.023818211599522,False
7AW,4K9W,1W0E,35,2.43436404756976,True,4.023818211599522,False
7AW,4K9W,4I3Q,35,2.2773666264026198,True,4.023818211599522,False
7AW,4K9W,5VCC,35,2.520489615629514,True,4.023818211599522,False
7AW,4K9W,5VCD,35,2.514227460463789,True,4.023818211599522,False
7AW,4K9W,9GK1,35,2.003615958967067,False,4.023818211599522,False
80K,6BD6,1TQN,35,2.9963775588710413,True,4.114434833607161,False
80K,6BD6,1W0E,35,2.987823582020992,True,4.114434833607161,False
80K,6BD6,4I3Q,35,3.4221694107604557,True,4.114434833607161,False
80K,6BD6,5VCC,35,2.9251630444818058,True,4.114434833607161,False
80K,6BD6,5VCD,35,2.963644437678282,True,4.114434833607161,False
80K,6BD6,9GK1,35,2.631330071198484,True,4.114434833607161,False
8AW,4K9X,1TQN,35,3.595853456911826,True,3.9518620927355244,False
8AW,4K9X,1W0E,35,3.5645590458046583,True,3.9518620927355244,False
8AW,4K9X,4I3Q,35,3.8413323681930223,True,3.9518620927355244,False
8AW,4K9X,5VCC,35,3.630602391167709,True,3.9518620927355244,False
8AW,4K9X,5VCD,35,3.688600093416985,True,3.9518620927355244,False
8AW,4K9X,9GK1,35,3.489362287749342,True,3.9518620927355244,False
A1A06,9COS,1TQN,35,1.6047355824405778,False,,False
A1A06,9COS,1W0E,35,1.5903610889981437,False,,False
A1A06,9COS,4I3Q,35,1.6333794113361162,False,,False
A1A06,9COS,5VCC,35,1.8639440891386068,False,,False
A1A06,9COS,5VCD,35,1.7132118722528782,False,,False
A1A06,9COS,9GK1,35,1.570205793888574,False,,False
A1A07,9COR,1TQN,35,2.0778948909026056,False,6.200317491870877,False
A1A07,9COR,1W0E,35,2.096149735977288,False,6.200317491870877,False
A1A07,9COR,4I3Q,35,2.163852304552638,False,6.200317491870877,False
A1A07,9COR,5VCC,35,2.2943344785415607,True,6.200317491870877,False
A1A07,9COR,5VCD,35,2.1357616920633964,False,6.200317491870877,False
A1A07,9COR,9GK1,35,2.028945613498552,False,6.200317491870877,False
A1A08,9COT,1TQN,35,4.042108044251643,True,,False
A1A08,9COT,1W0E,35,4.036477403604133,True,,False
A1A08,9COT,4I3Q,35,4.280157562994602,True,,False
A1A08,9COT,5VCC,35,3.9948951443344183,True,,False
A1A08,9COT,5VCD,35,4.072756493575841,True,,False
A1A08,9COT,9GK1,35,3.7135222787277473,True,,False
A1A4K,9COX,1TQN,35,0.47804065216534286,False,,False
A1A4K,9COX,1W0E,35,0.7011474678983786,False,,False
A1A4K,9COX,4I3Q,35,0.7396138543712089,False,,False
A1A4K,9COX,5VCC,35,0.6598682209833091,False,,False
A1A4K,9COX,5VCD,35,0.645025860558226,False,,False
A1A4K,9COX,9GK1,35,0.6815930671761166,False,,False
A1A4S,9COV,1TQN,35,2.849982410778677,True,,False
A1A4S,9COV,1W0E,35,2.8672749855307567,True,,False
A1A4S,9COV,4I3Q,35,2.9997024894430533,True,,False
A1A4S,9COV,5VCC,35,3.0961915514999823,True,,False
A1A4S,9COV,5VCD,35,2.9335830461344976,True,,False
A1A4S,9COV,9GK1,35,2.7947658071319745,True,,False
A1A4T,9COY,1TQN,35,0.542815753778257,False,,True
A1A4T,9COY,1W0E,35,0.5705430775575261,False,,True
A1A4T,9COY,4I3Q,35,0.5373827812043329,False,,True
A1A4T,9COY,5VCC,35,0.46968907428129364,False,,True
A1A4T,9COY,5VCD,35,0.5209529752474851,False,,True
A1A4T,9COY,9GK1,35,0.6246682398238566,False,,True
A1A4U,9COU,1TQN,35,3.0289736560308613,True,,False
A1A4U,9COU,1W0E,35,3.0220642203214636,True,,False
A1A4U,9COU,4I3Q,35,2.884601135920376,True,,False
A1A4U,9COU,5VCC,35,3.3374188546456036,True,,False
A1A4U,9COU,5VCD,35,3.264439757645847,True,,False
A1A4U,9COU,9GK1,35,2.7192332829919907,True,,False
A1A4V,9COW,1TQN,35,3.511739914137894,True,,False
A1A4V,9COW,1W0E,35,3.253572015968733,True,,False
A1A4V,9COW,4I3Q,35,3.526887541796747,True,,False
A1A4V,9COW,5VCC,35,3.343878768528581,True,,False
A1A4V,9COW,5VCD,35,3.428005380435966,True,,False
A1A4V,9COW,9GK1,35,3.3505864029815142,True,,False
A1APA,9BBB,1TQN,35,1.6212818795712667,False,8.09011662462291,False
A1APA,9BBB,1W0E,35,1.4288817177176136,False,8.09011662462291,False
A1APA,9BBB,4I3Q,35,1.437918428107058,False,8.09011662462291,False
A1APA,9BBB,5VCC,35,1.822453412324285,False,8.09011662462291,False
A1APA,9BBB,5VCD,35,1.622008335563711,False,8.09011662462291,False
A1APA,9BBB,9GK1,35,1.568283232074926,False,8.09011662462291,False
A1ASO,9BVC,1TQN,35,5.317377901833652,True,5.902740380535127,False
A1ASO,9BVC,1W0E,35,5.4717760276631715,True,5.902740380535127,False
A1ASO,9BVC,4I3Q,35,5.447419623994685,True,5.902740380535127,False
A1ASO,9BVC,5VCC,35,5.465899633880425,True,5.902740380535127,False
A1ASO,9BVC,5VCD,35,5.501331217986751,True,5.902740380535127,False
A1ASO,9BVC,9GK1,35,5.490258816752286,True,5.902740380535127,False
A1ASP,9BVB,1TQN,35,5.269093137170193,True,5.57298959266927,False
A1ASP,9BVB,1W0E,35,5.430546417520738,True,5.57298959266927,False
A1ASP,9BVB,4I3Q,35,5.436599157066681,True,5.57298959266927,False
A1ASP,9BVB,5VCC,35,5.419505040092293,True,5.57298959266927,False
A1ASP,9BVB,5VCD,35,5.464552250206861,True,5.57298959266927,False
A1ASP,9BVB,9GK1,35,5.456295227980269,True,5.57298959266927,False
A1ASQ,9BVA,1TQN,35,4.880311361995812,True,4.767917574790909,False
A1ASQ,9BVA,1W0E,35,4.942771350868719,True,4.767917574790909,False
A1ASQ,9BVA,4I3Q,35,4.806907559204154,True,4.767917574790909,False
A1ASQ,9BVA,5VCC,35,5.145380374843892,True,4.767917574790909,False
A1ASQ,9BVA,5VCD,35,5.173828544567119,True,4.767917574790909,False
A1ASQ,9BVA,9GK1,35,4.8299068836485555,True,4.767917574790909,False
A1ASR,9BV9,1TQN,35,5.339025477896109,True,5.702879535813464,False
A1ASR,9BV9,1W0E,35,5.529230362764509,True,5.702879535813464,False
A1ASR,9BV9,4I3Q,35,5.470446077529972,True,5.702879535813464,False
A1ASR,9BV9,5VCC,35,5.515938183072674,True,5.702879535813464,False
A1ASR,9BV9,5VCD,35,5.55168584537337,True,5.702879535813464,False
A1ASR,9BV9,9GK1,35,5.547695029947774,True,5.702879535813464,False
A1ASS,9BV8,1TQN,35,3.468143650449476,True,4.237979353418325,False
A1ASS,9BV8,1W0E,35,3.587402399158047,True,4.237979353418325,False
A1ASS,9BV8,4I3Q,35,3.2745595169538793,True,4.237979353418325,False
A1ASS,9BV8,5VCC,35,3.614025826158407,True,4.237979353418325,False
A1ASS,9BV8,5VCD,35,3.6550628700811645,True,4.237979353418325,False
A1ASS,9BV8,9GK1,35,3.6306965708617187,True,4.237979353418325,False
A1AST,9BV7,1TQN,35,4.061528197048396,True,4.717358264961439,False
A1AST,9BV7,1W0E,35,4.193463767481285,True,4.717358264961439,False
A1AST,9BV7,4I3Q,35,4.265486896803089,True,4.717358264961439,False
A1AST,9BV7,5VCC,35,4.1827785161949205,True,4.717358264961439,False
A1AST,9BV7,5VCD,35,4.2340607477219425,True,4.717358264961439,False
A1AST,9BV7,9GK1,35,4.22768069234372,True,4.717358264961439,False
A1ASU,9BV6,1TQN,35,1.1141806431020485,False,6.766914363282573,False
A1ASU,9BV6,1W0E,35,1.475772312514803,False,6.766914363282573,False
A1ASU,9BV6,4I3Q,35,1.026113686830229,False,6.766914363282573,False
A1ASU,9BV6,5VCC,35,1.4105053820632707,False,6.766914363282573,False
A1ASU,9BV6,5VCD,35,1.3406690915835928,False,6.766914363282573,False
A1ASU,9BV6,9GK1,35,1.4139739624077472,False,6.766914363282573,False
A1ASV,9BV5,1TQN,35,3.218387287149956,True,4.100817723332749,False
A1ASV,9BV5,1W0E,35,3.490006958583381,True,4.100817723332749,False
A1ASV,9BV5,4I3Q,35,3.0596104732457485,True,4.100817723332749,False
A1ASV,9BV5,5VCC,35,3.485630880077844,True,4.100817723332749,False
A1ASV,9BV5,5VCD,35,3.5184069167691567,True,4.100817723332749,False
A1ASV,9BV5,9GK1,35,3.5178291110353843,True,4.100817723332749,False
A1BNX,9MS1,1TQN,35,1.2185364770250444,False,8.219096361522961,False
A1BNX,9MS1,1W0E,35,1.466016431380952,False,8.219096361522961,False
A1BNX,9MS1,4I3Q,35,1.2522203945217183,False,8.219096361522961,False
A1BNX,9MS1,5VCC,35,1.496952722182432,False,8.219096361522961,False
A1BNX,9MS1,5VCD,35,1.4778801538801498,False,8.219096361522961,False
A1BNX,9MS1,9GK1,35,1.4850111116332192,False,8.219096361522961,False
A1CIW,9PLK,1TQN,35,3.0481996240393063,True,6.970304871381166,False
A1CIW,9PLK,1W0E,35,3.1617267830708804,True,6.970304871381166,False
A1CIW,9PLK,4I3Q,35,3.044518043279045,True,6.970304871381166,False
A1CIW,9PLK,5VCC,35,3.200872803150562,True,6.970304871381166,False
A1CIW,9PLK,5VCD,35,3.3018399733284727,True,6.970304871381166,False
A1CIW,9PLK,9GK1,35,3.224826839896106,True,6.970304871381166,False
CFF,8SO1,1TQN,35,7.168013570509752,True,7.204819567483976,False
CFF,8SO1,1W0E,35,7.5449792538585525,True,7.204819567483976,False
CFF,8SO1,4I3Q,35,7.050788877696529,True,7.204819567483976,False
CFF,8SO1,5VCC,35,7.525677607139489,True,7.204819567483976,False
CFF,8SO1,5VCD,35,7.50184489588803,True,7.204819567483976,False
CFF,8SO1,9GK1,35,7.555191908866271,True,7.204819567483976,False
CL6,8SPD,1TQN,35,4.819145893910119,True,6.743027168527501,False
CL6,8SPD,1W0E,35,4.906129972870341,True,6.743027168527501,False
CL6,8SPD,4I3Q,35,4.6053242445773455,True,6.743027168527501,False
CL6,8SPD,5VCC,35,4.9208751918531695,True,6.743027168527501,False
CL6,8SPD,5VCD,35,4.950572621762648,True,6.743027168527501,False
CL6,8SPD,9GK1,35,4.931233470710864,True,6.743027168527501,False
D0R,3TJS,1TQN,35,2.1641818191459348,False,5.087365133347517,False
D0R,3TJS,1W0E,35,2.2156732929554237,True,5.087365133347517,False
D0R,3TJS,4I3Q,35,2.1714233081210312,False,5.087365133347517,False
D0R,3TJS,5VCC,35,2.4030862715905115,True,5.087365133347517,False
D0R,3TJS,5VCD,35,2.4150474849009718,True,5.087365133347517,False
D0R,3TJS,9GK1,35,2.3878120630430706,True,5.087365133347517,False
D7J,6BD7,1TQN,35,4.919660593377764,True,5.124331566165482,False
D7J,6BD7,1W0E,35,5.038657729370325,True,5.124331566165482,False
D7J,6BD7,4I3Q,35,4.968426853673953,True,5.124331566165482,False
D7J,6BD7,5VCC,35,5.060241645064995,True,5.124331566165482,False
D7J,6BD7,5VCD,35,5.076985379032104,True,5.124331566165482,False
D7J,6BD7,9GK1,35,5.0958785129290325,True,5.124331566165482,False
D7M,6BD5,1TQN,35,5.958616483501939,True,6.520971783407744,False
D7M,6BD5,1W0E,35,6.319512651270951,True,6.520971783407744,False
D7M,6BD5,4I3Q,35,5.797164292982724,True,6.520971783407744,False
D7M,6BD5,5VCC,35,6.331507635225451,True,6.520971783407744,False
D7M,6BD5,5VCD,35,6.292376607943571,True,6.520971783407744,False
D7M,6BD5,9GK1,35,6.342707571439047,True,6.520971783407744,False
D7Y,6BCZ,1TQN,35,6.070108473432339,True,6.608732177959705,False
D7Y,6BCZ,1W0E,35,6.3755985916651605,True,6.608732177959705,False
D7Y,6BCZ,4I3Q,35,5.831346294661004,True,6.608732177959705,False
D7Y,6BCZ,5VCC,35,6.386765069533269,True,6.608732177959705,False
D7Y,6BCZ,5VCD,35,6.343433280647887,True,6.608732177959705,False
D7Y,6BCZ,9GK1,35,6.450935125401308,True,6.608732177959705,False
D81,6BD8,1TQN,35,2.709859300392372,True,3.3749146655878595,False
D81,6BD8,1W0E,35,2.715120432642607,True,3.3749146655878595,False
D81,6BD8,4I3Q,35,2.838406509838855,True,3.3749146655878595,False
D81,6BD8,5VCC,35,2.6782587135089253,True,3.3749146655878595,False
D81,6BD8,5VCD,35,2.7708767681132174,True,3.3749146655878595,False
D81,6BD8,9GK1,35,2.5588841790777717,True,3.3749146655878595,False
DEJ,6BDI,1TQN,35,3.3361794485539074,True,3.9778252852532368,False
DEJ,6BDI,1W0E,35,3.503867887177187,True,3.9778252852532368,False
DEJ,6BDI,4I3Q,35,3.4201786776477303,True,3.9778252852532368,False
DEJ,6BDI,5VCC,35,3.5102206587583953,True,3.9778252852532368,False
DEJ,6BDI,5VCD,35,3.532690928283816,True,3.9778252852532368,False
DEJ,6BDI,9GK1,35,3.5635893274823105,True,3.9778252852532368,False
DEV,6BDH,1TQN,35,2.259152542754176,True,,False
DEV,6BDH,1W0E,35,2.4104782101169033,True,,False
DEV,6BDH,4I3Q,35,2.3990331243893084,True,,False
DEV,6BDH,5VCC,35,2.4360185045746148,True,,False
DEV,6BDH,5VCD,35,2.4592215500878396,True,,False
DEV,6BDH,9GK1,35,2.4593939397459454,True,,False
DJ1,6BDK,1TQN,35,4.302144246435317,True,4.821053204435728,False
DJ1,6BDK,1W0E,35,4.5493433583781995,True,4.821053204435728,False
DJ1,6BDK,4I3Q,35,4.359996776362023,True,4.821053204435728,False
DJ1,6BDK,5VCC,35,4.5370777668441775,True,4.821053204435728,False
DJ1,6BDK,5VCD,35,4.5585682567478365,True,4.821053204435728,False
DJ1,6BDK,9GK1,35,4.605795823675855,True,4.821053204435728,False
ERY,2J0D,1TQN,35,0.9532081687863208,False,4.590675440498925,True
ERY,2J0D,1W0E,35,0.8803694305039154,False,4.590675440498925,True
ERY,2J0D,4I3Q,35,0.938244290342893,False,4.590675440498925,True
ERY,2J0D,5VCC,35,0.7792889891893984,False,4.590675440498925,True
ERY,2J0D,5VCD,35,0.672963633771344,False,4.590675440498925,True
ERY,2J0D,9GK1,35,0.9285936102530603,False,4.590675440498925,True
FZV,6DAC,1TQN,35,3.380536287735443,True,5.093853060307101,False
FZV,6DAC,1W0E,35,3.438496942469655,True,5.093853060307101,False
FZV,6DAC,4I3Q,35,3.416845109386969,True,5.093853060307101,False
FZV,6DAC,5VCC,35,3.671199607336456,True,5.093853060307101,False
FZV,6DAC,5VCD,35,3.6313297063634007,True,5.093853060307101,False
FZV,6DAC,9GK1,35,3.5360993915858567,True,5.093853060307101,False
G0D,6DA2,1TQN,35,4.338419210260181,True,5.185908406441442,False
G0D,6DA2,1W0E,35,4.550039394387874,True,5.185908406441442,False
G0D,6DA2,4I3Q,35,4.366014721516675,True,5.185908406441442,False
G0D,6DA2,5VCC,35,4.58621131208325,True,5.185908406441442,False
G0D,6DA2,5VCD,35,4.558886071485998,True,5.185908406441442,False
G0D,6DA2,9GK1,35,4.671765921011635,True,5.185908406441442,False
G0J,6DA8,1TQN,35,2.413382868406024,True,5.333291103999481,False
G0J,6DA8,1W0E,35,2.4303455904789923,True,5.333291103999481,False
G0J,6DA8,4I3Q,35,2.5538359326904785,True,5.333291103999481,False
G0J,6DA8,5VCC,35,2.6076961465248574,True,5.333291103999481,False
G0J,6DA8,5VCD,35,2.4552441763625223,True,5.333291103999481,False
G0J,6DA8,9GK1,35,2.356288403980367,True,5.333291103999481,False
G0M,6DAA,1TQN,35,2.254644790226191,True,6.418657414132646,False
G0M,6DAA,1W0E,35,2.2787883492405183,True,6.418657414132646,False
G0M,6DAA,4I3Q,35,2.385682300269219,True,6.418657414132646,False
G0M,6DAA,5VCC,35,2.4579672065989158,True,6.418657414132646,False
G0M,6DAA,5VCD,35,2.3007676594632023,True,6.418657414132646,False
G0M,6DAA,9GK1,35,2.1985560590529225,False,6.418657414132646,False
G0V,6DAB,1TQN,35,2.542392797159759,True,,False
G0V,6DAB,1W0E,35,2.409243673503829,True,,False
G0V,6DAB,4I3Q,35,2.5430370885265483,True,,False
G0V,6DAB,5VCC,35,2.700915201403204,True,,False
G0V,6DAB,5VCD,35,2.588762367791063,True,,False
G0V,6DAB,9GK1,35,2.2415369882568705,True,,False
G1J,6DA5,1TQN,35,2.3536654912365265,True,5.345682744046825,False
G1J,6DA5,1W0E,35,2.191187485711642,False,5.345682744046825,False
G1J,6DA5,4I3Q,35,2.09614653052808,False,5.345682744046825,False
G1J,6DA5,5VCC,35,2.521384505171306,True,5.345682744046825,False
G1J,6DA5,5VCD,35,2.3850075385779137,True,5.345682744046825,False
G1J,6DA5,9GK1,35,1.8325022731137468,False,5.345682744046825,False
J9K,4D78,1TQN,35,2.3770848439047887,True,4.377099267779976,False
J9K,4D78,1W0E,35,2.5607244712236628,True,4.377099267779976,False
J9K,4D78,4I3Q,35,2.2819225145624054,True,4.377099267779976,False
J9K,4D78,5VCC,35,2.618532427921645,True,4.377099267779976,False
J9K,4D78,5VCD,35,2.586694791952278,True,4.377099267779976,False
J9K,4D78,9GK1,35,2.5753617241019624,True,4.377099267779976,False
KLN,2V0M,1TQN,35,4.185109662938803,True,4.4668535906161075,False
KLN,2V0M,1W0E,35,4.101813869262465,True,4.4668535906161075,False
KLN,2V0M,4I3Q,35,3.929036223131573,True,4.4668535906161075,False
KLN,2V0M,5VCC,35,4.2048418211647025,True,4.4668535906161075,False
KLN,2V0M,5VCD,35,4.231282079620766,True,4.4668535906161075,False
KLN,2V0M,9GK1,35,3.9775495731993376,True,4.4668535906161075,False
MF8,5G5J,1TQN,35,7.569612284252069,True,7.993436620127792,False
MF8,5G5J,1W0E,35,7.814330805632306,True,7.993436620127792,False
MF8,5G5J,4I3Q,35,7.374518120548082,True,7.993436620127792,False
MF8,5G5J,5VCC,35,7.828847800255377,True,7.993436620127792,False
MF8,5G5J,5VCD,35,7.787386871359702,True,7.993436620127792,False
MF8,5G5J,9GK1,35,7.782614050099238,True,7.993436620127792,False
MWS,6OOB,1TQN,35,4.288851292043139,True,3.9203558511951426,False
MWS,6OOB,1W0E,35,4.116097958650276,True,3.9203558511951426,False
MWS,6OOB,4I3Q,35,4.1986090558624545,True,3.9203558511951426,False
MWS,6OOB,5VCC,35,4.35574865158992,True,3.9203558511951426,False
MWS,6OOB,5VCD,35,4.326832663070847,True,3.9203558511951426,False
MWS,6OOB,9GK1,35,4.287104381948847,True,3.9203558511951426,False
MWV,6OO9,1TQN,35,3.4700108180067577,True,3.3519172125814816,False
MWV,6OO9,1W0E,35,3.5107566776384678,True,3.3519172125814816,False
MWV,6OO9,4I3Q,35,3.381313771038722,True,3.3519172125814816,False
MWV,6OO9,5VCC,35,3.7346142397135984,True,3.3519172125814816,False
MWV,6OO9,5VCD,35,3.7526391846101927,True,3.3519172125814816,False
MWV,6OO9,9GK1,35,3.3995877246612123,True,3.3519172125814816,False
MWY,6OOA,1TQN,35,0.3835944507357545,False,3.3199617467675733,True
MWY,6OOA,1W0E,35,0.3686132411812339,False,3.3199617467675733,True
MWY,6OOA,4I3Q,35,0.3341093318064997,False,3.3199617467675733,True
MWY,6OOA,5VCC,35,0.4240379093674618,False,3.3199617467675733,True
MWY,6OOA,5VCD,35,0.36180829846764856,False,3.3199617467675733,True
MWY,6OOA,9GK1,35,0.2950183425238887,False,3.3199617467675733,True
MYT,1W0G,1TQN,35,5.8936947792457435,True,6.26597845511776,False
MYT,1W0G,1W0E,35,6.286345541757966,True,6.26597845511776,False
MYT,1W0G,4I3Q,35,5.7192981244722825,True,6.26597845511776,False
MYT,1W0G,5VCC,35,6.282383564494698,True,6.26597845511776,False
MYT,1W0G,5VCD,35,6.246401229728767,True,6.26597845511776,False
MYT,1W0G,9GK1,35,6.24203093065885,True,6.26597845511776,False
NH0,7UF9,1TQN,35,4.386556666585069,True,,False
NH0,7UF9,1W0E,35,4.394809037505383,True,,False
NH0,7UF9,4I3Q,35,4.46289255361409,True,,False
NH0,7UF9,5VCC,35,4.638178766430135,True,,False
NH0,7UF9,5VCD,35,4.473882551419807,True,,False
NH0,7UF9,9GK1,35,4.335836158367517,True,,False
NI6,7UFA,1TQN,35,2.853562128071501,True,4.943306282236613,False
NI6,7UFA,1W0E,35,2.910287903874517,True,4.943306282236613,False
NI6,7UFA,4I3Q,35,3.0651231409879114,True,4.943306282236613,False
NI6,7UFA,5VCC,35,3.012242793300542,True,4.943306282236613,False
NI6,7UFA,5VCD,35,2.886543031969269,True,4.943306282236613,False
NI6,7UFA,9GK1,35,2.7887799783917915,True,4.943306282236613,False
NJ0,7UFB,1TQN,35,4.173048768244054,True,4.460915264830749,False
NJ0,7UFB,1W0E,35,4.17565282189051,True,4.460915264830749,False
NJ0,7UFB,4I3Q,35,4.104949299106615,True,4.460915264830749,False
NJ0,7UFB,5VCC,35,4.407154100478471,True,4.460915264830749,False
NJ0,7UFB,5VCD,35,4.245110846205582,True,4.460915264830749,False
NJ0,7UFB,9GK1,35,4.154873725482708,True,4.460915264830749,False
NJO,7UFC,1TQN,35,2.9284177011207,True,4.0920358014074125,False
NJO,7UFC,1W0E,35,3.314904364476617,True,4.0920358014074125,False
NJO,7UFC,4I3Q,35,2.506779777142301,True,4.0920358014074125,False
NJO,7UFC,5VCC,35,3.277894311482218,True,4.0920358014074125,False
NJO,7UFC,5VCD,35,3.1923110797178835,True,4.0920358014074125,False
NJO,7UFC,9GK1,35,3.3226415629430317,True,4.0920358014074125,False
NXR,7UFE,1TQN,35,3.4720943274297635,True,3.450710216752494,False
NXR,7UFE,1W0E,35,3.2485318366847142,True,3.450710216752494,False
NXR,7UFE,4I3Q,35,3.698838909573204,True,3.450710216752494,False
NXR,7UFE,5VCC,35,3.4522477645954974,True,3.450710216752494,False
NXR,7UFE,5VCD,35,3.5261523535384716,True,3.450710216752494,False
NXR,7UFE,9GK1,35,3.3058917294429264,True,3.450710216752494,False
NYF,7UFF,1TQN,35,3.787252391385393,True,3.8058867560661858,False
NYF,7UFF,1W0E,35,3.8033235235182863,True,3.8058867560661858,False
NYF,7UFF,4I3Q,35,3.6352217186517413,True,3.8058867560661858,False
NYF,7UFF,5VCC,35,3.9985508861583177,True,3.8058867560661858,False
NYF,7UFF,5VCD,35,3.892902793750152,True,3.8058867560661858,False
NYF,7UFF,9GK1,35,3.8043337721788912,True,3.8058867560661858,False
PG0,9BV6,1TQN,35,6.946230523206652,True,9.096958502708473,False
PG0,9BV6,1W0E,35,7.145895507619798,True,9.096958502708473,False
PG0,9BV6,4I3Q,35,7.010737139794689,True,9.096958502708473,False
PG0,9BV6,5VCC,35,7.13474869494065,True,9.096958502708473,False
PG0,9BV6,5VCD,35,7.1825294192352995,True,9.096958502708473,False
PG0,9BV6,9GK1,35,7.152335232983894,True,9.096958502708473,False
PG4,9YK4,1TQN,35,4.351584824357368,True,4.543956425847413,False
PG4,9YK4,1W0E,35,4.456196808213869,True,4.543956425847413,False
PG4,9YK4,4I3Q,35,4.524637408291567,True,4.543956425847413,False
PG4,9YK4,5VCC,35,4.434155829243736,True,4.543956425847413,False
PG4,9YK4,5VCD,35,4.500979082470518,True,4.543956425847413,False
PG4,9YK4,9GK1,35,4.487476717654904,True,4.543956425847413,False
PK9,4D6Z,1TQN,35,3.3818830148192145,True,3.8028628689449215,False
PK9,4D6Z,1W0E,35,3.6911989215598098,True,3.8028628689449215,False
PK9,4D6Z,4I3Q,35,3.3682121089773998,True,3.8028628689449215,False
PK9,4D6Z,5VCC,35,3.690319668843217,True,3.8028628689449215,False
PK9,4D6Z,5VCD,35,3.686464738888758,True,3.8028628689449215,False
PK9,4D6Z,9GK1,35,3.682493987622208,True,3.8028628689449215,False
PKT,4D7D,1TQN,35,2.615288479108041,True,5.06022805810173,False
PKT,4D7D,1W0E,35,2.760300524341816,True,5.06022805810173,False
PKT,4D7D,4I3Q,35,2.6625921316423344,True,5.06022805810173,False
PKT,4D7D,5VCC,35,2.7887876129467677,True,5.06022805810173,False
PKT,4D7D,5VCD,35,2.788488552133601,True,5.06022805810173,False
PKT,4D7D,9GK1,35,2.7800551902991537,True,5.06022805810173,False
QDJ,6UNL,1TQN,35,1.4511069447840774,False,,False
QDJ,6UNL,1W0E,35,1.5610435167471601,False,,False
QDJ,6UNL,4I3Q,35,1.455323263124611,False,,False
QDJ,6UNL,5VCC,35,1.582379083982376,False,,False
QDJ,6UNL,5VCD,35,1.6380971037054959,False,,False
QDJ,6UNL,9GK1,35,1.5777702150132193,False,,False
QDP,6UNM,1TQN,35,1.2441873668793522,False,,False
QDP,6UNM,1W0E,35,1.2707472616100188,False,,False
QDP,6UNM,4I3Q,35,1.142930708874338,False,,False
QDP,6UNM,5VCC,35,1.3757248437074086,False,,False
QDP,6UNM,5VCD,35,1.3082338019445792,False,,False
QDP,6UNM,9GK1,35,1.2975344090292757,False,,False
QDV,6UNI,1TQN,35,3.280972508706395,True,,False
QDV,6UNI,1W0E,35,3.2788835704962604,True,,False
QDV,6UNI,4I3Q,35,3.5443104470980424,True,,False
QDV,6UNI,5VCC,35,3.3403677088174666,True,,False
QDV,6UNI,5VCD,35,3.3099680266942126,True,,False
QDV,6UNI,9GK1,35,3.170312689968815,True,,False
QDY,6UNJ,1TQN,35,2.8002538296237343,True,4.664379272743589,False
QDY,6UNJ,1W0E,35,2.7957305328077573,True,4.664379272743589,False
QDY,6UNJ,4I3Q,35,2.6625019510409382,True,4.664379272743589,False
QDY,6UNJ,5VCC,35,3.074714459090284,True,4.664379272743589,False
QDY,6UNJ,5VCD,35,3.0603430061646333,True,4.664379272743589,False
QDY,6UNJ,9GK1,35,2.6278860143219958,True,4.664379272743589,False
QE4,6UNK,1TQN,35,3.410353598756426,True,5.480871828459411,False
QE4,6UNK,1W0E,35,3.3556206407783744,True,5.480871828459411,False
QE4,6UNK,4I3Q,35,3.74967555771071,True,5.480871828459411,False
QE4,6UNK,5VCC,35,3.395322298137835,True,5.480871828459411,False
QE4,6UNK,5VCD,35,3.472725821296802,True,5.480871828459411,False
QE4,6UNK,9GK1,35,3.2406568673323344,True,5.480871828459411,False
QEA,6UNH,1TQN,35,1.3970840102001898,False,3.4572019032738006,False
QEA,6UNH,1W0E,35,1.4720262112658256,False,3.4572019032738006,False
QEA,6UNH,4I3Q,35,1.2328203769479955,False,3.4572019032738006,False
QEA,6UNH,5VCC,35,1.5469113737131626,False,3.4572019032738006,False
QEA,6UNH,5VCD,35,1.484123517779943,False,3.4572019032738006,False
QEA,6UNH,9GK1,35,1.4700250876092857,False,3.4572019032738006,False
QEP,6UNG,1TQN,35,1.8014227961557356,False,3.706128573053019,True
QEP,6UNG,1W0E,35,1.7588531507756544,False,3.706128573053019,True
QEP,6UNG,4I3Q,35,2.180151844992604,False,3.706128573053019,True
QEP,6UNG,5VCC,35,1.6725122969875068,False,3.706128573053019,True
QEP,6UNG,5VCD,35,1.7905319735355594,False,3.706128573053019,True
QEP,6UNG,9GK1,35,1.792335891409243,False,3.706128573053019,True
QES,6UNE,1TQN,35,2.9331871723361176,True,4.859834873737997,False
QES,6UNE,1W0E,35,2.946069939779107,True,4.859834873737997,False
QES,6UNE,4I3Q,35,3.463238839246295,True,4.859834873737997,False
QES,6UNE,5VCC,35,2.948829097006635,True,4.859834873737997,False
QES,6UNE,5VCD,35,3.0077240530717524,True,4.859834873737997,False
QES,6UNE,9GK1,35,2.8104562844582355,True,4.859834873737997,False
RIT,3NXU,1TQN,35,2.3524480514152093,True,3.718580643202455,False
RIT,3NXU,1W0E,35,2.2342957554540614,True,3.718580643202455,False
RIT,3NXU,4I3Q,35,2.271438026670286,True,3.718580643202455,False
RIT,3NXU,5VCC,35,2.4227382315302295,True,3.718580643202455,False
RIT,3NXU,5VCD,35,2.385957342549595,True,3.718580643202455,False
RIT,3NXU,9GK1,35,2.3567568965770076,True,3.718580643202455,False
T0K,7UFD,1TQN,35,4.2774133416209255,True,4.236350552067191,False
T0K,7UFD,1W0E,35,4.200715975323191,True,4.236350552067191,False
T0K,7UFD,4I3Q,35,4.082647777849612,True,4.236350552067191,False
T0K,7UFD,5VCC,35,4.443973012441129,True,4.236350552067191,False
T0K,7UFD,5VCD,35,4.355354218218744,True,4.236350552067191,False
T0K,7UFD,9GK1,35,4.2887309504888504,True,4.236350552067191,False
TCI,9PLJ,1TQN,35,5.059526881887994,True,5.58013709509005,False
TCI,9PLJ,1W0E,35,5.107318904658433,True,5.58013709509005,False
TCI,9PLJ,4I3Q,35,4.992357101607307,True,5.58013709509005,False
TCI,9PLJ,5VCC,35,5.307238474083514,True,5.58013709509005,False
TCI,9PLJ,5VCD,35,5.1485979113899045,True,5.58013709509005,False
TCI,9PLJ,9GK1,35,5.044043744120868,True,5.58013709509005,False
X5Y,7KVH,1TQN,35,2.4642508587689895,True,3.599254645061947,False
X5Y,7KVH,1W0E,35,2.4359526786693366,True,3.599254645061947,False
X5Y,7KVH,4I3Q,35,2.575178645176968,True,3.599254645061947,False
X5Y,7KVH,5VCC,35,2.6904799765626457,True,3.599254645061947,False
X5Y,7KVH,5VCD,35,2.5724735735574193,True,3.599254645061947,False
X5Y,7KVH,9GK1,35,2.4215325157891683,True,3.599254645061947,False
X6J,7KVP,1TQN,35,4.006611169361328,True,4.393320612020026,False
X6J,7KVP,1W0E,35,4.042081930495804,True,4.393320612020026,False
X6J,7KVP,4I3Q,35,4.028979810502342,True,4.393320612020026,False
X6J,7KVP,5VCC,35,4.253948027257652,True,4.393320612020026,False
X6J,7KVP,5VCD,35,4.106945207251301,True,4.393320612020026,False
X6J,7KVP,9GK1,35,3.978363776896018,True,4.393320612020026,False
X6S,7KVO,1TQN,35,3.511566292127234,True,3.2461007378083586,False
X6S,7KVO,1W0E,35,3.322259019842835,True,3.2461007378083586,False
X6S,7KVO,4I3Q,35,3.749855950130489,True,3.2461007378083586,False
X6S,7KVO,5VCC,35,3.476189199517066,True,3.2461007378083586,False
X6S,7KVO,5VCD,35,3.5433269755715595,True,3.2461007378083586,False
X6S,7KVO,9GK1,35,3.363021426260796,True,3.2461007378083586,False
X6V,7KVN,1TQN,35,2.367429910249359,True,3.8279024282235827,False
X6V,7KVN,1W0E,35,2.2552359842298015,True,3.8279024282235827,False
X6V,7KVN,4I3Q,35,2.1633788966484877,False,3.8279024282235827,False
X6V,7KVN,5VCC,35,2.6240770526189534,True,3.8279024282235827,False
X6V,7KVN,5VCD,35,2.5359720547338984,True,3.8279024282235827,False
X6V,7KVN,9GK1,35,2.027209658003962,False,3.8279024282235827,False
X71,7KVM,1TQN,35,1.7213621946181556,False,5.315086546802412,False
X71,7KVM,1W0E,35,1.7222819401285594,False,5.315086546802412,False
X71,7KVM,4I3Q,35,1.7183932986768404,False,5.315086546802412,False
X71,7KVM,5VCC,35,1.860328462912148,False,5.315086546802412,False
X71,7KVM,5VCD,35,1.7685135302050343,False,5.315086546802412,False
X71,7KVM,9GK1,35,1.8741598511052844,False,5.315086546802412,False
X74,7KVS,1TQN,35,3.334566350825968,True,3.3281421243690836,False
X74,7KVS,1W0E,35,3.1753051991260386,True,3.3281421243690836,False
X74,7KVS,4I3Q,35,3.810861477073427,True,3.3281421243690836,False
X74,7KVS,5VCC,35,3.3347853151848006,True,3.3281421243690836,False
X74,7KVS,5VCD,35,3.379617135512129,True,3.3281421243690836,False
X74,7KVS,9GK1,35,3.232950523193792,True,3.3281421243690836,False
X7D,7KVQ,1TQN,35,3.8121559943453978,True,3.6816281724258784,False
X7D,7KVQ,1W0E,35,3.6842463312477975,True,3.6816281724258784,False
X7D,7KVQ,4I3Q,35,4.351476848310793,True,3.6816281724258784,False
X7D,7KVQ,5VCC,35,3.8127167191058597,True,3.6816281724258784,False
X7D,7KVQ,5VCD,35,3.864478817845167,True,3.6816281724258784,False
X7D,7KVQ,9GK1,35,3.5832267229366996,True,3.6816281724258784,False
X7J,7KVK,1TQN,35,2.79714801098183,True,3.5583224980319033,False
X7J,7KVK,1W0E,35,2.7192089965257527,True,3.5583224980319033,False
X7J,7KVK,4I3Q,35,2.7158983013532247,True,3.5583224980319033,False
X7J,7KVK,5VCC,35,3.0750847630265596,True,3.5583224980319033,False
X7J,7KVK,5VCD,35,3.0503900186522364,True,3.5583224980319033,False
X7J,7KVK,9GK1,35,2.644436082974839,True,3.5583224980319033,False
X7M,7KVJ,1TQN,35,4.047328531915498,True,,False
X7M,7KVJ,1W0E,35,4.097879553305865,True,,False
X7M,7KVJ,4I3Q,35,4.2792361870910165,True,,False
X7M,7KVJ,5VCC,35,4.158243215035964,True,,False
X7M,7KVJ,5VCD,35,4.137504656688686,True,,False
X7M,7KVJ,9GK1,35,4.069465036278646,True,,False
X7P,7KVI,1TQN,35,0.8706041233898653,False,8.846435722933842,True
X7P,7KVI,1W0E,35,0.9869112055372484,False,8.846435722933842,True
X7P,7KVI,4I3Q,35,0.9549868433930585,False,8.846435722933842,True
X7P,7KVI,5VCC,35,1.0444326060716551,False,8.846435722933842,True
X7P,7KVI,5VCD,35,0.8782563594879772,False,8.846435722933842,True
X7P,7KVI,9GK1,35,0.8246990455420594,False,8.846435722933842,True
Y83,6BDM,1TQN,35,2.7212471368773348,True,6.730176372131714,False
Y83,6BDM,1W0E,35,2.7012114222605437,True,6.730176372131714,False
Y83,6BDM,4I3Q,35,3.1695197399073045,True,6.730176372131714,False
Y83,6BDM,5VCC,35,2.6890565326432085,True,6.730176372131714,False
Y83,6BDM,5VCD,35,2.700172964579896,True,6.730176372131714,False
Y83,6BDM,9GK1,35,2.4827281472064295,True,6.730176372131714,False
YNV,7LXL,1TQN,35,2.7606871101958608,True,7.284243543429888,False
YNV,7LXL,1W0E,35,2.6897213568564284,True,7.284243543429888,False
YNV,7LXL,4I3Q,35,2.7380843602059013,True,7.284243543429888,False
YNV,7LXL,5VCC,35,2.846295054690376,True,7.284243543429888,False
YNV,7LXL,5VCD,35,2.7926019957146564,True,7.284243543429888,False
YNV,7LXL,9GK1,35,2.716562533393936,True,7.284243543429888,False
Z8Z,4I4G,1TQN,35,2.4779734608385646,True,4.037723616098557,False
Z8Z,4I4G,1W0E,35,2.392868419217856,True,4.037723616098557,False
Z8Z,4I4G,4I3Q,35,2.3213676002031898,True,4.037723616098557,False
Z8Z,4I4G,5VCC,35,2.6279742674572897,True,4.037723616098557,False
Z8Z,4I4G,5VCD,35,2.5496151984351907,True,4.037723616098557,False
Z8Z,4I4G,9GK1,35,2.490102361018985,True,4.037723616098557,False
Z9Z,4I4H,1TQN,35,1.8724295857129207,False,3.4586949851063773,False
Z9Z,4I4H,1W0E,35,1.8187366043118567,False,3.4586949851063773,False
Z9Z,4I4H,4I3Q,35,1.6856688685546557,False,3.4586949851063773,False
Z9Z,4I4H,5VCC,35,2.029459111953646,False,3.4586949851063773,False
Z9Z,4I4H,5VCD,35,1.9471849585256724,False,3.4586949851063773,False
Z9Z,4I4H,9GK1,35,1.89104586105049,False,3.4586949851063773,False
