id,smiles,pdb,cls,fe,crystal_mode,stored_mode,pred_fe_donor_median,pred_fe_donor_min,pred_frac_coordinated,pool_mean_lddt,pred_mode,label_agrees,pred_agrees_crystal,margin_to_coord_cut
CL6,c1ccc(cc1)C(c2ccccc2)(c3ccccc3Cl)n4ccnc4,8SPD,type_II_coordinated,1.9351350942763632,type_II,type_II,2.0906436825717964,2.056638631408056,1.0,0.4912405303030303,type_II,True,True,-0.665
RIT,CC(C)c1nc(cs1)CN(C)C(=O)N[C@@H](C(C)C)C(=O)N[C@@H](Cc2ccccc2)C[C@@H]([C@H](Cc3ccccc3)NC(=O)OCc4cncs4)O,3NXU,type_II_coordinated,1.964519788650652,type_II,type_II,2.1650688917153715,2.102447523839775,1.0,0.6900739827373613,type_II,True,True,-0.635
8AW,CC[C@H](C)C(=O)N[C@H](CC[C@H](Cc1ccccc1)NC(=O)OCc2cncs2)Cc3ccccc3,4K9X,type_II_coordinated,1.9737097050984984,type_II,type_II,2.1558238093479716,2.102036947391744,1.0,0.7019623655913978,type_II,True,True,-0.626
PKT,CC(C)(C)OC(=O)N[C@@H](Cc1c[nH]c2c1cccc2)CSCCC(=O)NCc3cccnc3,4D7D,type_II_coordinated,2.00848350752502,type_II,type_II,2.245676408214311,2.185521934801845,1.0,0.3070418552036199,type_II,True,True,-0.592
T0K,c1ccc(cc1)C[C@@H](CS[C@@H](Cc2ccccc2)C(=O)NCCc3cccnc3)NC(=O)CCc4cccnc4,7UFD,type_II_coordinated,2.037164696336553,type_II,type_II,2.2570107241945356,2.2065006874234143,1.0,0.23490061162079506,type_II,True,True,-0.563
A1A4S,c1ccc(cc1)C[C@H](C(=O)NCCCc2cccnc2)SC[C@H](Cc3c[nH]c4c3cccc4)NC(=O)c5cccnc5,9COV,type_II_coordinated,2.0582026139328464,type_II,type_II,2.2794162981464927,2.247757163997037,1.0,0.6319875776397516,type_II,True,True,-0.542
7AW,CCC[C@@H](CC[C@H](Cc1ccccc1)NC(=O)[C@H](C(C)C)NC(=O)N(C)Cc2csc(n2)C(C)C)NC(=O)OCc3cncs3,4K9W,type_II_coordinated,2.0597533832961648,type_II,type_II,2.1852472147382556,2.153650566085408,1.0,0.6540238450074516,type_II,True,True,-0.54
KLN,CC(=O)N1CCN(CC1)c2ccc(cc2)OC[C@@H]3CO[C@@](O3)(Cn4ccnc4)c5ccc(cc5Cl)Cl,2V0M,type_II_coordinated,2.062159305194436,type_II,type_II,2.0880133111717942,2.051493687267889,1.0,0.3801495726495726,type_II,True,True,-0.538
NH0,CC(C)(C)OC(=O)N[C@@H](Cc1ccccc1)CS[C@H](Cc2ccccc2)C(=O)NCCc3ccncc3,7UF9,type_II_coordinated,2.0622572584427954,type_II,type_II,2.1673440442489715,2.117420389648688,1.0,0.7216450216450216,type_II,True,True,-0.538
X7D,CC(C)(C)OC(=O)N[C@@H](Cc1cccc2c1cccc2)CS[C@@H](Cc3ccccc3)C(=O)NCCCc4cccnc4,7KVQ,type_II_coordinated,2.0704364274229743,type_II,type_II,2.2301973483557695,2.189744981361985,1.0,0.7009245562130177,type_II,True,True,-0.53
X6S,CC(C)(C)OC(=O)N[C@@H](Cc1cccc2c1cccc2)CS[C@H](Cc3ccccc3)C(=O)NCCCc4cccnc4,7KVO,type_II_coordinated,2.0736887423140384,type_II,type_II,2.229703062857454,2.1829714395978708,1.0,0.7100114854517611,type_II,True,True,-0.526
NI6,CC(C)(C)OC(=O)N[C@@H](Cc1ccccc1)CS[C@H](Cc2ccccc2)C(=O)NCCCc3ccncc3,7UFA,type_II_coordinated,2.077754075919477,type_II,type_II,2.1142513006761865,2.073886814196956,1.0,0.7476885098743267,type_II,True,True,-0.522
X6V,CC(C)(C)OC(=O)N[C@@H](Cc1c[nH]c2c1cccc2)CS[C@H](Cc3ccccc3)C(=O)NCCCc4cccnc4,7KVN,type_II_coordinated,2.0798031156818664,type_II,type_II,2.2777876109007362,2.1979665338216594,1.0,0.41346153846153844,type_II,True,True,-0.52
X74,CC(C)(C)OC(=O)N[C@H](Cc1cccc2c1cccc2)CS[C@H](Cc3ccccc3)C(=O)NCCCc4cccnc4,7KVS,type_II_coordinated,2.0822982495310343,type_II,type_II,2.2315420948043316,2.185703807060783,1.0,0.6699921752738655,type_II,True,True,-0.518
Z8Z,CC(C)c1nc(cs1)CN(C)C(=O)N[C@@H](C(C)C)C(=O)N[C@H](CC[C@H](Cc2ccccc2)NC(=O)OCc3cnco3)Cc4ccccc4,4I4G,type_II_coordinated,2.0950343672598786,type_II,type_II,2.1263638568310648,2.096579965252936,1.0,0.6749479166666666,type_II,True,True,-0.505
NJO,c1ccc(cc1)C[C@@H](CS[C@H](Cc2ccccc2)C(=O)NCCc3cccnc3)NC(=O)CCc4cccnc4,7UFC,type_II_coordinated,2.1020801602222488,type_II,type_II,2.2575904385633967,2.2076872989850718,1.0,0.6979074074074074,type_II,True,True,-0.498
6AW,CC[C@@H](CC[C@H](CC)NC(=O)OCc1cncs1)NC(=O)[C@H](CO)NC(=O)N(C)Cc2csc(n2)C(C)C,4K9V,type_II_coordinated,2.103192335474814,type_II,type_II,2.1488592553866144,2.111817832910784,1.0,0.7594485294117648,type_II,True,True,-0.497
D0R,CC(C)c1nc(cs1)CN(C)C(=O)N[C@@H](C(C)C)C(=O)N[C@@H](Cc2ccccc2)C[C@@H]([C@H](Cc3ccccc3)N)O,3TJS,type_II_coordinated,2.1069043642272915,type_II,type_II,5.430327483603037,2.0507578302910363,0.25,0.32549559471365636,type_I,True,False,-0.493
X5Y,CC(C)(C)OC(=O)N[C@@H](Cc1ccccc1)CS[C@H](Cc2ccccc2)C(=O)NCCCc3cccnc3,7KVH,type_II_coordinated,2.1075201066656515,type_II,type_II,2.2046504876799498,2.15019443146428,1.0,0.7414511494252873,type_II,True,True,-0.492
X71,CC(C)(C)OC(=O)N[C@@H](Cc1ccccc1)CSC[C@H](Cc2ccccc2)C(=O)NCCCc3cccnc3,7KVM,type_II_coordinated,2.1090007112374334,type_II,type_II,2.217046817721142,2.1312295233503127,1.0,0.5879061371841154,type_II,True,True,-0.491
J9K,CC(C)(C)OC(=O)N[C@@H](Cc1ccccc1)CSCCC(=O)NCc2cccnc2,4D78,type_II_coordinated,2.118484835914576,type_II,type_II,2.203093668896683,2.167804895026303,1.0,0.27990470852017935,type_II,True,True,-0.482
A1A07,c1ccc(cc1)C[C@@H](CS[C@H](Cc2ccccc2)C(=O)NCCc3cccnc3)NC(=O)CNC(=O)C(F)(F)F,9COR,type_II_coordinated,2.1343209693014784,type_II,type_II,2.266120782894362,2.2376376565699823,1.0,0.6973340040241449,type_II,True,True,-0.466
D81,CC(C)(C)OC(=C)N[C@@H](Cc1ccccc1)CSC[C@@H](C(=O)NCc2cccnc2)NC3CCCC3,6BD8,type_II_coordinated,2.1347866403929,type_II,type_II,2.165461106223394,2.034310667867619,1.0,0.5256476683937824,type_II,True,True,-0.465
Z9Z,CC(C)c1nc(cs1)CN(C)C(=O)N[C@H](C(C)C)C(=O)N[C@@H](CC[C@H](Cc2ccccc2)NC(=O)OCc3cccnc3)Cc4ccccc4,4I4H,type_II_coordinated,2.1375981848794714,type_II,type_II,2.2251304511899503,2.167410877660256,1.0,0.7009503865979381,type_II,True,True,-0.462
A1APA,CC(C)c1nc(cs1)CN(C)C(=O)N[C@@H](CCN2CCOCC2)C(=O)N[C@H](CC[C@H](Cc3ccccc3)NC(=O)OCc4cncs4)Cc5ccccc5,9BBB,type_II_coordinated,2.1409276026993544,type_II,type_II,2.2162234888007,2.1847176686702565,1.0,0.6731762295081968,type_II,True,True,-0.459
A1A4T,CC(C)(C)C(=O)N[C@@H](Cc1ccc(cc1)c2ccccc2)CS[C@H](Cc3ccccc3)C(=O)NCCCc4cccnc4,9COY,type_II_coordinated,2.147687826477583,type_II,type_II,2.234887331490641,2.206139128182989,1.0,0.5039423076923077,type_II,True,True,-0.452
X7J,CC(C)(C)OC(=O)N[C@H](Cc1ccccc1)CS[C@H](Cc2ccccc2)C(=O)NCCCc3cccnc3,7KVK,type_II_coordinated,2.151354224668729,type_II,type_II,2.19714320631089,2.141910563468979,1.0,0.7144845360824743,type_II,True,True,-0.449
NXR,c1ccc(cc1)C[C@@H](CS[C@H](Cc2ccccc2)C(=O)NCCCc3cccnc3)NC(=O)c4cccnc4,7UFE,type_II_coordinated,2.156195955844457,type_II,type_II,2.1959273506152135,2.163107671222124,1.0,0.831391797556719,type_II,True,True,-0.444
1RD,CC(C)c1nc(cs1)CN(C)C(=O)N[C@@H](C(C)C)C(=O)NCCCCNC(=O)OCc2cncs2,4K9T,type_II_coordinated,2.16511200634055,type_II,type_II,2.1885806749801278,2.132038990590932,1.0,0.28258226037195994,type_II,True,True,-0.435
X7M,CC(C)(C)OC(=O)N[C@@H](Cc1ccccc1)CS[C@@H](Cc2ccccc2)C(=O)NCCCc3cccnc3,7KVJ,type_II_coordinated,2.182478865877056,type_II,type_II,2.198359458711,2.1441533478275288,1.0,0.8160885167464114,type_II,True,True,-0.418
A1A08,c1ccc(cc1)C[C@@H](CS[C@H](Cc2ccccc2)C(=O)NCCCc3cccnc3)NC(=O)C(F)(F)F,9COT,type_II_coordinated,2.1853548910874867,type_II,type_II,2.2560191254832223,2.225510016243468,1.0,0.8295202020202022,type_II,True,True,-0.415
A1A4V,c1ccc(cc1)C[C@H](C(=O)NCCCc2cccnc2)SC[C@H](Cc3cccc4c3cccc4)NC(=O)c5cccnc5,9COW,type_II_coordinated,2.191686337047341,type_II,type_II,2.2206671272803833,2.177649535738017,1.0,0.5420942164179104,type_II,True,True,-0.408
A1A06,c1ccc(cc1)C[C@@H](CS[C@H](Cc2ccccc2)C(=O)NCCCc3cccnc3)NC(=O)CNC(=O)C(F)(F)F,9COS,type_II_coordinated,2.19189986085131,type_II,type_II,2.2183765604881645,2.1867142888361064,1.0,0.8256372549019607,type_II,True,True,-0.408
X7P,CC(C)(C)OC(=O)N[C@H](Cc1ccccc1)CS[C@@H](Cc2ccccc2)C(=O)NCCCc3cccnc3,7KVI,type_II_coordinated,2.198385998863712,type_II,type_II,2.199120422127698,2.1449226762286795,1.0,0.5050890585241731,type_II,True,True,-0.402
QEP,CC(C)(C)OC(=O)N[C@@H](Cc1cccc2c1cccc2)CSC[C@@H](C(=O)NCc3cccnc3)Nc4ccccc4,6UNG,type_II_coordinated,2.1991018621246265,type_II,type_II,2.2446371290421703,2.1716719241635003,1.0,0.5354166666666667,type_II,True,True,-0.401
A1ASQ,c1ccc(c(c1)CCCl)NC(=O)Nc2cc(ccc2n3ccnc3)C(F)(F)F,9BVA,type_II_coordinated,2.2002049904497523,type_II,type_II,2.2764126008366223,2.2222710331550477,1.0,0.6623291571753986,type_II,True,True,-0.4
A1A4U,c1ccc(cc1)C[C@@H](CS[C@H](Cc2ccccc2)C(=O)NCCCc3cccnc3)NS(=O)(=O)c4ccccc4,9COU,type_II_coordinated,2.2004504084391443,type_II,type_II,2.268064484896394,2.2410344463885425,1.0,0.7515199161425576,type_II,True,True,-0.4
G0V,CC(C)(C)OC(=O)N[C@H](Cc1ccccc1)CS[C@H](Cc2ccccc2)C(=O)NCCc3cccnc3,6DAB,type_II_coordinated,2.2062830734064924,type_II,type_II,2.214514547892454,2.1838106373035187,1.0,0.5001269035532995,type_II,True,True,-0.394
A1ASU,Cc1nc(cs1)c2ccc(cc2)n3c(cnn3)c4ccc(cc4)OC,9BV6,type_II_coordinated,2.2070704565101664,type_II,type_II,2.184051104251976,2.092517212617377,1.0,0.6356085526315789,type_II,True,True,-0.393
NYF,c1ccc(cc1)C[C@@H](CS[C@H](Cc2ccccc2)C(=O)NCCCc3cccnc3)NC(=O)CNC(=O)c4cccnc4,7UFF,type_II_coordinated,2.207428594541625,type_II,type_II,2.210031082344077,2.166158241334183,1.0,0.7810616929698708,type_II,True,True,-0.393
A1ASV,CC(C)(C)C(=O)Nc1cc(ccc1n2ccnc2)C(F)(F)F,9BV5,type_II_coordinated,2.2089701220251947,type_II,type_II,2.244353443805756,2.1947398991680083,1.0,0.5997875354107649,type_II,True,True,-0.391
D7J,CC(C)N[C@@H](CSC[C@H](Cc1ccccc1)NC(=O)OC(C)(C)C)C(=O)NCc2cccnc2,6BD7,type_II_coordinated,2.2121297430304576,type_II,type_II,2.2072514972722868,2.181266147768309,1.0,0.7037175648702594,type_II,True,True,-0.388
Y83,CC(C)(C)OC(=O)N[C@@H](Cc1c[nH]c2c1cccc2)CSC[C@H](C(=O)NCc3cccnc3)Nc4ccccc4,6BDM,type_II_coordinated,2.21232931545012,type_II,type_II,2.248194034452105,2.163852335858434,1.0,0.5856905158069883,type_II,True,True,-0.388
A1A4K,c1ccc(cc1)C[C@@H](C(=O)NCCCc2cccnc2)SC[C@H](Cc3cccc4c3cccc4)NC(=O)c5cccnc5,9COX,type_II_coordinated,2.2155058113216484,type_II,type_II,2.2206304005606246,2.186519382992065,1.0,0.438546511627907,type_II,True,True,-0.384
G1J,CC(C)(C)OC(=O)N[C@H](Cc1ccccc1)CS[C@@H](Cc2ccccc2)C(=O)NCc3cccnc3,6DA5,type_II_coordinated,2.2179247056651863,type_II,type_II,2.2142428963765104,2.1816448540951847,1.0,0.8182692307692309,type_II,True,True,-0.382
A1ASP,c1ccc(c(c1)CC(=O)Nc2cc(ccc2n3ccnc3)C(F)(F)F)Cl,9BVB,type_II_coordinated,2.2201772451766097,type_II,type_II,2.2144095507640547,2.1451689624362924,1.0,0.6294642857142857,type_II,True,True,-0.38
A1ASS,c1cc(c(cc1C(F)(F)F)NC(=O)C2CCC2)n3ccnc3,9BV8,type_II_coordinated,2.22335197393485,type_II,type_II,2.218415063213397,2.1863073731751443,1.0,0.6612974683544304,type_II,True,True,-0.377
A1AST,c1ccc(c(c1)CCC(=O)NC[C@@H]2Cc3cccc(c3O2)c4cccnc4)Cl,9BV7,type_II_coordinated,2.226745382840166,type_II,type_II,2.3492427131860047,2.2582300302892087,1.0,0.5554133858267717,type_II,True,True,-0.373
A1ASO,c1ccc(c(c1)N(Cc2cccc(c2)O)C(=O)Nc3cc(ccc3n4ccnc4)C(F)(F)F)Cl,9BVC,type_II_coordinated,2.230922230827423,type_II,type_II,2.284113915484247,2.1710920398269624,1.0,0.6089182692307692,type_II,True,True,-0.369
80K,CC(C)(C)OC(=O)NCCSC[C@H](C(=O)NCc1cccnc1)Nc2ccccc2,6BD6,type_II_coordinated,2.2309383675933314,type_II,type_II,2.2052269308856296,2.1217886205039367,1.0,0.5433795411089866,type_II,True,True,-0.369
X6J,CC(C)(C)OC(=O)N[C@H](Cc1cccc2c1cccc2)CS[C@@H](Cc3ccccc3)C(=O)NCCCc4cccnc4,7KVP,type_II_coordinated,2.234098923503612,type_II,type_II,2.2296582690587905,2.1903070683353967,1.0,0.6710087719298246,type_II,True,True,-0.366
G0M,CC(C)(C)OC(=O)N[C@@H](Cc1ccccc1)CS[C@H](Cc2ccccc2)C(=O)NCc3cccnc3,6DAA,type_II_coordinated,2.24765522267095,type_II,type_II,2.2157875589286093,2.1852346546995816,1.0,0.7523521505376344,type_II,True,True,-0.352
A1ASR,c1ccc(c(c1)NC(=O)Nc2cc(ccc2n3ccnc3)C(F)(F)F)Cl,9BV9,type_II_coordinated,2.253415407775494,type_II,type_II,2.1907776349907646,2.1315187551602723,1.0,0.6812974683544304,type_II,True,True,-0.347
G0D,CC(C)(C)OC(=O)N[C@H](Cc1ccccc1)CS[C@H](Cc2ccccc2)C(=O)NCc3cccnc3,6DA2,type_II_coordinated,2.257760173269074,type_II,type_II,2.2137653364813996,2.184024854620478,1.0,0.5863457760314341,type_II,True,True,-0.342
D7M,CC(C)(C)OC(=O)NCCSC[C@@H](C(=O)NCc1cccnc1)NC2CCCC2,6BD5,type_II_coordinated,2.259590670895949,type_II,type_II,2.2509611346390366,2.22108583834574,1.0,0.6881871035940803,type_II,True,True,-0.34
MYT,CC(C)(c1cccnc1)C(=O)c2cccnc2,1W0G,type_II_coordinated,2.268636815358505,type_II,type_II,2.3194387404320884,2.259906233563685,0.95,0.7404329608938547,type_II,True,True,-0.331
DEJ,CC(C)N[C@@H](CSC[C@H](Cc1c[nH]c2c1cccc2)NC(=O)OC(C)(C)C)C(=O)NCc3cccnc3,6BDI,type_II_coordinated,2.2708049233696848,type_II,type_II,2.2590153331551104,2.174720275368765,1.0,0.5856149012567325,type_II,True,True,-0.329
D7Y,CC(C)N[C@@H](CSCCNC(=O)OC(C)(C)C)C(=O)NCc1cccnc1,6BCZ,type_II_coordinated,2.2824096915321754,type_II,type_II,2.2434657749361344,2.209240603374834,1.0,0.7748344370860927,type_II,True,True,-0.318
NJ0,c1ccc(cc1)C[C@@H](CS[C@H](Cc2ccccc2)C(=O)NCc3cccnc3)NC(=O)Cc4cccnc4,7UFB,type_II_coordinated,2.2858917297195,type_II,type_II,2.30412251380372,2.2583629671733467,1.0,0.26862391930835733,type_II,True,True,-0.314
QDP,CC(C)(C)OC(=O)N[C@@H](Cc1cccc2c1cccc2)CS[C@@H](Cc3cccc4c3cccc4)C(=O)/N=C/Cc5cccnc5,6UNM,type_II_coordinated,2.3005479781999787,type_II,type_II,2.2276657657645096,2.179194251529679,1.0,0.7146144278606965,type_II,True,True,-0.299
QEA,CC(C)(C)OC(=O)N[C@H](Cc1c[nH]c2c1cccc2)CS[C@@H](Cc3ccccc3)C(=O)NCCc4cccnc4,6UNH,type_II_coordinated,2.3190172487499985,type_II,type_II,2.238029970190598,2.153938972464169,1.0,0.4610331632653061,type_II,True,True,-0.281
QES,CC(C)(C)OC(=O)N[C@H](Cc1c[nH]c2c1cccc2)CSC[C@H](C(=O)NCc3cccnc3)Nc4ccccc4,6UNE,type_II_coordinated,2.335890836490437,type_II,type_II,2.239591337321727,2.158355173436476,1.0,0.6315809968847352,type_II,True,True,-0.264
5AW,C[C@@H](CC[C@H](C)NC(=O)OCc1cncs1)NC(=O)[C@@H](C(C)C)NC(=O)N(C)Cc2csc(n2)C(C)C,4K9U,type_II_coordinated,2.3549872611120417,type_II,type_II,2.1718200790280253,2.1331459564221102,1.0,0.18840163934426224,type_II,True,True,-0.245
A1BNX,c1ccc(c(c1)NC(=O)N(Cc2cccc(c2)O)c3cc(ccc3n4ccnc4)C(F)(F)F)Cl,9MS1,type_II_coordinated,2.355592069947597,type_II,type_II,2.1216645582199343,2.039639654693936,1.0,0.29065265486725667,type_II,True,True,-0.244
QE4,CC(C)(C)OC(=O)N[C@@H](Cc1cccc2c1cccc2)CS[C@H](Cc3ccccc3)C(=O)NCCc4cccnc4,6UNK,type_II_coordinated,2.3661314418265107,type_II,type_II,2.2357130109978707,2.183689134034421,1.0,0.7093141233766234,type_II,True,True,-0.234
DJ1,CC(C)(C)OC(=O)N[C@@H](Cc1c[nH]c2c1cccc2)CSC[C@@H](C(=O)NCc3cccnc3)NC4CCCC4,6BDK,type_II_coordinated,2.367741539948985,type_II,type_II,2.2973113246377297,2.209479684654285,1.0,0.4836677367576244,type_II,True,True,-0.232
DEV,CC(C)(C)OC(=O)N[C@@H](Cc1ccccc1)CSC[C@H](C(=O)NCc2cccnc2)Nc3ccccc3,6BDH,type_II_coordinated,2.3736648878896114,type_II,type_II,2.197181797300063,2.1562882737240865,1.0,0.6469417475728155,type_II,True,True,-0.226
PK9,CC(C)(C)OC(=O)NCCCCCC(=O)NCc1cccnc1,4D6Z,type_I_active_site,2.3791229476426805,type_II,type_I,2.189295131734821,2.113053233593513,1.0,0.2971938775510204,type_II,False,True,-0.221
QDV,CC(C)(C)OC(=O)N[C@@H](Cc1c[nH]c2c1cccc2)CS[C@H](Cc3ccccc3)C(=O)NCCc4cccnc4,6UNI,type_II_coordinated,2.397094908425613,type_II,type_II,2.233687909346295,2.1654341069864027,1.0,0.4839259796806966,type_II,True,True,-0.203
QDJ,CC(C)(C)OC(=O)N[C@H](Cc1cccc2c1cccc2)CS[C@@H](Cc3cccc4c3cccc4)C(=O)NCc5cccnc5,6UNL,type_II_coordinated,2.402352805064236,type_II,type_II,2.214696423889605,2.161911764781347,1.0,0.5422619047619047,type_II,True,True,-0.198
G0J,CC(C)(C)OC(=O)N[C@@H](Cc1ccccc1)CN[C@H](Cc2ccccc2)C(=O)NCc3cccnc3,6DA8,type_II_coordinated,2.404723268902265,type_II,type_II,2.2046600011917024,2.1681096855325377,1.0,0.45571979434447296,type_II,True,True,-0.195
FZV,CC(C)(C)OC(=O)N[C@@H](Cc1ccccc1)CS[C@H](Cc2ccccc2)C(=O)NCCc3cccnc3,6DAC,type_II_coordinated,2.45125784037502,type_II,type_II,2.214171233643505,2.1822307628892044,1.0,0.6618951612903226,type_II,True,True,-0.149
2QH,Cc1cc(ccc1OC)[C@]2(C3=NCC(CN3C(=N2)N)(F)F)c4ccc(c(c4)c5cccnc5)F,4NY4,type_II_coordinated,2.5805168087032486,type_II,type_II,2.2645249608592266,2.178952171549436,1.0,0.7913530465949821,type_II,True,True,-0.019
QDY,CC(C)(C)OC(=O)N[C@H](Cc1cccc2c1cccc2)CS[C@@H](Cc3ccccc3)C(=O)NCCc4cccnc4,6UNJ,type_I_active_site,2.824470392834737,type_I,type_I,2.23094247260826,2.1796285941875517,1.0,0.39235455974842764,type_II,True,False,0.224
08J,Cc1ncc2n1-c3ccc(cc3C(=NC2)c4ccccc4F)Cl,5TE8,type_I_active_site,3.0160484080995764,type_I,type_I,5.819699064922839,2.9378229640671,0.0,0.2823407202216066,type_I,True,True,0.416
CFF,Cn1cnc2c1C(=O)N(C(=O)N2C)C,8SO1,type_I_active_site,3.39760503884722,type_I,type_I,3.9524512107525176,3.3413490270847195,0.0,0.48127906976744184,type_I,True,True,0.798
08Y,CC(C)C[C@H]1C(=O)N2CCC[C@H]2[C@]3(N1C(=O)[C@](O3)(C(C)C)NC(=O)[C@H]4CN([C@@H]5Cc6c7c(cccc7[nH]c6Br)C5=C4)C)O,3UA1,type_I_active_site,3.46165870645851,type_I,type_I,5.249907084338485,3.790483223521772,0.0,0.703818578553616,type_I,True,True,0.862
YNV,C[C@]12CC[C@H]3[C@H]([C@@H]1CC[C@@H]2O)[C@@H](CC4=CC(=O)CC[C@]34C)C/C=C\C[C@@H]5CC6=CC(=O)CC[C@@]6([C@@H]7[C@@H]5[C@@H]8CC[C@@H]([C@]8(CC7)C)O)C,7LXL,type_I_active_site,3.728231484229485,type_I,type_I,6.49134884479102,4.86233011415309,0.0,0.2893737166324435,type_I,True,True,1.128
MWV,CC(C)[C@H]1c2ccc(cc2CC[C@@]1(CCN(C)CCCc3[nH]c4ccccc4n3)OC(=O)COC)F,6OO9,type_I_active_site,3.7629415355543343,type_I,type_I,7.695273983419412,6.683604508055515,0.0,0.397701367781155,peripheral,True,False,1.163
MF8,[H]/N=C(/N)\N/C(=N\[H])/N(C)C,5G5J,type_I_active_site,4.080010539202072,type_I,type_I,3.965495487064292,3.061847272709728,0.0,0.6489341085271317,type_I,True,True,1.48
TCI,CCCCCc1cc(c2c(c1)OC([C@H]3[C@H]2C=C(CC3)C)(C)C)O,9PLJ,type_I_active_site,4.138057998626891,type_I,type_I,5.883522361893133,5.542645880380596,0.0,0.36450839328537166,type_I,True,True,1.538
MWY,CC[C@@]1(C[C@H]([C@@]2([C@@H](CC[C@@]3([C@H]2C(=O)CC3)[C@H]([C@@H]1O)C)C)C)OC(=O)CSc4nc([nH]n4)N)C,6OOA,type_I_active_site,4.273572042214804,type_I,type_I,6.077366006230029,4.667206085743375,0.0,0.37200704225352105,type_I,True,True,1.674
ERY,CC[C@@H]1[C@@]([C@@H]([C@H](C(=O)[C@@H](C[C@@]([C@@H]([C@H]([C@@H]([C@H](C(=O)O1)C)O[C@H]2C[C@@]([C@H]([C@@H](O2)C)O)(C)OC)C)O[C@H]3[C@@H]([C@H](C[C@H](O3)C)N(C)C)O)(C)O)C)C)O)(C)O,2J0D,type_I_active_site,4.4933397378787205,type_I,type_I,5.012326951676224,3.087893700404856,0.0,0.6105,type_I,True,True,1.893
A1CIW,c1ccc(cc1)C(c2ccccc2)([C@@H]3CCN(C3)CCc4ccc5c(c4)CCO5)C(=O)N,9PLK,type_I_active_site,4.671759411613574,type_I,type_I,6.1442655480933634,3.956322431172667,0.0,0.3784147869674185,type_I,True,True,2.072
PG4,C(COCCOCCOCCO)O,9YK4,type_I_active_site,5.070688414801289,type_I,type_I,4.869817828890827,4.314617078270099,0.0,0.5007065217391304,type_I,True,True,2.471
MWS,C/C(=C/COc1c2ccoc2cc3c1C=CC(=O)O3)/CC[C@@H](C(C)(C)O)O,6OOB,type_I_active_site,5.171214460839927,type_I,type_I,3.8478704209396364,3.068519524933808,0.0,0.6678285968028419,type_I,True,True,2.571
PG0,COCCOCCO,9BV6,type_I_active_site,5.302997359984259,type_I,type_I,4.498718651651513,3.794885551871097,0.0,0.4125,type_I,True,True,2.703
