pair,pose,xeng,ref_depth
1EA1_TPF,protenix_v2/1EA1_TPF__r0s0.cif,0.6314022871603824,2
1EA1_TPF,protenix_v2/1EA1_TPF__r10s0.cif,0.6757022237765034,2
1EA1_TPF,protenix_v2/1EA1_TPF__r2s0.cif,0.7212784270050956,2
1EA1_TPF,protenix_v2/1EA1_TPF__r3s0.cif,0.750331021794025,2
1EGY_9AP,protenix_v2/1EGY_9AP__r0s0.cif,1.0858782240895917,3
1EGY_9AP,protenix_v2/1EGY_9AP__r0s2.cif,7.0964824222176475,3
1EGY_9AP,protenix_v2/1EGY_9AP__r10s0.cif,1.063288662652143,3
1EGY_9AP,protenix_v2/1EGY_9AP__r2s0.cif,0.9088942317450964,3
1EGY_9AP,protenix_v2/1EGY_9AP__r3s0.cif,1.2393710923394654,3
1EUP_ASD,protenix_v2/1EUP_ASD__r0s0.cif,2.0558208557840643,3
1EUP_ASD,protenix_v2/1EUP_ASD__r0s1.cif,12.242627345190774,3
1EUP_ASD,protenix_v2/1EUP_ASD__r10s0.cif,1.9448051441097123,3
1EUP_ASD,protenix_v2/1EUP_ASD__r2s0.cif,1.9245843045060032,3
1EUP_ASD,protenix_v2/1EUP_ASD__r3s0.cif,1.861384238170797,3
1IZO_PAM,protenix_v2/1IZO_PAM__r0s0.cif,0.7244983870625386,2
1IZO_PAM,protenix_v2/1IZO_PAM__r10s0.cif,0.6961843782634242,2
1IZO_PAM,protenix_v2/1IZO_PAM__r2s0.cif,1.3204635169686871,2
1JIN_KTN,protenix_v2/1JIN_KTN__r0s0.cif,1.861566994541543,3
1JIN_KTN,protenix_v2/1JIN_KTN__r0s1.cif,10.388387079042372,3
1JIN_KTN,protenix_v2/1JIN_KTN__r10s0.cif,1.866453201636159,3
1JIN_KTN,protenix_v2/1JIN_KTN__r2s0.cif,1.8826142921838187,3
1JIN_KTN,protenix_v2/1JIN_KTN__r3s0.cif,1.8332196420133677,3
1OXA_DEB,protenix_v2/1OXA_DEB__r0s0.cif,1.094611882563615,3
1OXA_DEB,protenix_v2/1OXA_DEB__r10s0.cif,1.0981123931138466,3
1OXA_DEB,protenix_v2/1OXA_DEB__r2s0.cif,1.0785816271927493,3
1OXA_DEB,protenix_v2/1OXA_DEB__r3s0.cif,1.1196472630857506,3
1OXA_DEB,protenix_v2/1OXA_DEB__r5s0.cif,1.0741228908585165,3
1SUO_CPZ,protenix_v2/1SUO_CPZ__r0s0.cif,0.44833218540543857,3
1SUO_CPZ,protenix_v2/1SUO_CPZ__r10s0.cif,0.2210837362466481,3
1SUO_CPZ,protenix_v2/1SUO_CPZ__r1s0.cif,0.48546531875795734,3
2BDM_TMI,protenix_v2/2BDM_TMI__r0s0.cif,1.6167615007158773,3
2BDM_TMI,protenix_v2/2BDM_TMI__r0s1.cif,9.332489228327702,3
2BDM_TMI,protenix_v2/2BDM_TMI__r10s0.cif,1.4616926727967094,3
2BDM_TMI,protenix_v2/2BDM_TMI__r1s0.cif,1.3556592759742958,3
2JJO_EY5,protenix_v2/2JJO_EY5__r0s0.cif,0.5101078495124846,3
2JJO_EY5,protenix_v2/2JJO_EY5__r0s1.cif,13.04557943766161,3
2JJO_EY5,protenix_v2/2JJO_EY5__r10s0.cif,0.5709649529437958,3
2JJO_EY5,protenix_v2/2JJO_EY5__r1s0.cif,0.6115544395576779,3
2JJO_EY5,protenix_v2/2JJO_EY5__r2s0.cif,0.4904112078470666,3
2JJO_EY5,protenix_v2/2JJO_EY5__r3s0.cif,0.5454555182901774,3
2JJP_KLN,protenix_v2/2JJP_KLN__r0s0.cif,1.9948591321891989,3
2JJP_KLN,protenix_v2/2JJP_KLN__r0s1.cif,10.91738304280148,3
2JJP_KLN,protenix_v2/2JJP_KLN__r10s0.cif,1.9439409394892966,3
2JJP_KLN,protenix_v2/2JJP_KLN__r1s0.cif,1.890367742567765,3
2JJP_KLN,protenix_v2/2JJP_KLN__r1s1.cif,10.979277919849281,3
2JJP_KLN,protenix_v2/2JJP_KLN__r2s0.cif,2.003903575504864,3
2JJP_KLN,protenix_v2/2JJP_KLN__r3s0.cif,1.921884597682667,3
2X2N_X2N,protenix_v2/2X2N_X2N__r0s0.cif,0.8108814228064075,2
2X2N_X2N,protenix_v2/2X2N_X2N__r10s0.cif,0.783113802715653,2
2XFH_CL6,protenix_v2/2XFH_CL6__r0s0.cif,0.6418629809924329,3
2XFH_CL6,protenix_v2/2XFH_CL6__r10s0.cif,0.6630321076744892,3
2XFH_CL6,protenix_v2/2XFH_CL6__r1s0.cif,0.6415030602171957,3
2XFH_CL6,protenix_v2/2XFH_CL6__r2s0.cif,0.6643686217802486,3
2XFH_CL6,protenix_v2/2XFH_CL6__r3s0.cif,0.6533982178933643,3
3B99_U51,protenix_v2/3B99_U51__r0s0.cif,0.9066836983386054,2
3B99_U51,protenix_v2/3B99_U51__r0s1.cif,9.04812307337021,2
3B99_U51,protenix_v2/3B99_U51__r10s0.cif,0.9955928772030199,2
3G5N_PB2,protenix_v2/3G5N_PB2__r0s0.cif,2.7275691355802785,3
3G5N_PB2,protenix_v2/3G5N_PB2__r10s0.cif,2.743903085656763,3
3G5N_PB2,protenix_v2/3G5N_PB2__r1s0.cif,2.822338622425375,3
3G93_PB2,protenix_v2/3G93_PB2__r0s0.cif,2.7275691355802785,3
3G93_PB2,protenix_v2/3G93_PB2__r10s0.cif,2.743903085656763,3
3G93_PB2,protenix_v2/3G93_PB2__r1s0.cif,2.822338622425375,3
3K1O_POZ,protenix_v2/3K1O_POZ__r0s0.cif,0.45807500274335416,2
3K1O_POZ,protenix_v2/3K1O_POZ__r0s1.cif,13.872536038989235,2
3K1O_POZ,protenix_v2/3K1O_POZ__r10s0.cif,0.7030673319491125,2
3K1O_POZ,protenix_v2/3K1O_POZ__r1s0.cif,0.5259976558784414,2
3K1O_POZ,protenix_v2/3K1O_POZ__r2s0.cif,0.486468708673845,2
3KSW_VNF,protenix_v2/3KSW_VNF__r0s0.cif,0.6182332355629025,2
3KSW_VNF,protenix_v2/3KSW_VNF__r10s0.cif,0.572959073038461,2
3KSW_VNF,protenix_v2/3KSW_VNF__r1s0.cif,0.6382604619735753,2
3KSW_VNF,protenix_v2/3KSW_VNF__r1s1.cif,8.8726191923479,2
3KSW_VNF,protenix_v2/3KSW_VNF__r2s0.cif,0.5146036732331983,2
3KW4_TIC,protenix_v2/3KW4_TIC__r0s0.cif,1.1945971127637034,3
3KW4_TIC,protenix_v2/3KW4_TIC__r0s1.cif,11.272547945089245,3
3KW4_TIC,protenix_v2/3KW4_TIC__r10s0.cif,0.9992646258625314,3
3KW4_TIC,protenix_v2/3KW4_TIC__r1s0.cif,0.924412878345715,3
3L4D_TPF,protenix_v2/3L4D_TPF__r0s0.cif,0.538643372392924,2
3L4D_TPF,protenix_v2/3L4D_TPF__r10s0.cif,0.5899256990767409,2
3L4D_TPF,protenix_v2/3L4D_TPF__r1s0.cif,0.5527895492116448,2
3L4D_TPF,protenix_v2/3L4D_TPF__r2s0.cif,0.5395633309470488,2
3ME6_CGE,protenix_v2/3ME6_CGE__r0s0.cif,1.6355270306840852,3
3ME6_CGE,protenix_v2/3ME6_CGE__r0s1.cif,11.22950404618843,3
3ME6_CGE,protenix_v2/3ME6_CGE__r10s0.cif,1.8905502447488143,3
3ME6_CGE,protenix_v2/3ME6_CGE__r1s0.cif,1.5909927148716594,3
3QM4_PN0,protenix_v2/3QM4_PN0__r0s0.cif,0.3759000169271266,2
3QM4_PN0,protenix_v2/3QM4_PN0__r10s0.cif,0.4424055977698317,2
3R1B_TB2,protenix_v2/3R1B_TB2__r0s0.cif,1.3598301602594336,3
3R1B_TB2,protenix_v2/3R1B_TB2__r0s1.cif,9.836681199697573,3
3R1B_TB2,protenix_v2/3R1B_TB2__r10s0.cif,1.8955733861604864,3
3R1B_TB2,protenix_v2/3R1B_TB2__r1s0.cif,1.27653491818742,3
3TDA_PN0,protenix_v2/3TDA_PN0__r0s0.cif,0.5688114623608778,2
3TDA_PN0,protenix_v2/3TDA_PN0__r10s0.cif,0.550057543568927,2
3TJS_D0R,protenix_v2/3TJS_D0R__r0s0.cif,1.7966576614778138,3
3TJS_D0R,protenix_v2/3TJS_D0R__r0s1.cif,10.969744781204106,3
3TJS_D0R,protenix_v2/3TJS_D0R__r10s0.cif,1.8029999571847466,3
3TJS_D0R,protenix_v2/3TJS_D0R__r1s0.cif,1.786849619856169,3
3TK3_CPZ,protenix_v2/3TK3_CPZ__r0s0.cif,0.6114249133047667,2
3TK3_CPZ,protenix_v2/3TK3_CPZ__r0s1.cif,7.650169209748497,2
3TK3_CPZ,protenix_v2/3TK3_CPZ__r10s0.cif,0.4526748955101274,2
3TMZ_06X,protenix_v2/3TMZ_06X__r0s0.cif,1.653010920626599,3
3TMZ_06X,protenix_v2/3TMZ_06X__r0s1.cif,10.827866191747304,3
3TMZ_06X,protenix_v2/3TMZ_06X__r10s0.cif,1.5997884669389635,3
3TMZ_06X,protenix_v2/3TMZ_06X__r1s0.cif,1.6266656122866203,3
3UA1_08Y,protenix_v2/3UA1_08Y__r0s0.cif,1.0263440715899819,2
3UA1_08Y,protenix_v2/3UA1_08Y__r0s1.cif,13.262883454119125,2
3UA1_08Y,protenix_v2/3UA1_08Y__r10s0.cif,1.0192046536698565,2
3UA1_08Y,protenix_v2/3UA1_08Y__r1s0.cif,0.9845441160643437,2
3UAS_0BV,protenix_v2/3UAS_0BV__r0s0.cif,1.329985521678237,2
3UAS_0BV,protenix_v2/3UAS_0BV__r10s0.cif,1.5356728052727686,2
3ZG2_UDO,protenix_v2/3ZG2_UDO__r0s0.cif,0.539975157914142,4
3ZG2_UDO,protenix_v2/3ZG2_UDO__r10s0.cif,0.4128903585273721,4
3ZG2_UDO,protenix_v2/3ZG2_UDO__r1s0.cif,0.41842692667309767,4
3ZG3_UDD,protenix_v2/3ZG3_UDD__r0s0.cif,0.3727127830158243,4
3ZG3_UDD,protenix_v2/3ZG3_UDD__r10s0.cif,0.27758789332910966,4
3ZG3_UDD,protenix_v2/3ZG3_UDD__r1s0.cif,0.3848149287417831,4
4BJK_18I,protenix_v2/4BJK_18I__r0s0.cif,0.3021561665839511,2
4BJK_18I,protenix_v2/4BJK_18I__r0s1.cif,11.191375646304301,2
4BJK_18I,protenix_v2/4BJK_18I__r10s0.cif,0.33879256643704114,2
4BJK_18I,protenix_v2/4BJK_18I__r2s0.cif,0.35404216538313227,2
4BMM_TU1,protenix_v2/4BMM_TU1__r0s0.cif,0.32064322152295266,3
4BMM_TU1,protenix_v2/4BMM_TU1__r0s2.cif,11.14917636118821,3
4BMM_TU1,protenix_v2/4BMM_TU1__r10s0.cif,0.4892585381791969,3
4BMM_TU1,protenix_v2/4BMM_TU1__r1s0.cif,0.4411245695803956,3
4BMM_TU1,protenix_v2/4BMM_TU1__r2s0.cif,0.5080154046147305,3
4BMM_TU1,protenix_v2/4BMM_TU1__r3s0.cif,0.4100650967463917,3
4BY0_5PS,protenix_v2/4BY0_5PS__r0s0.cif,0.44764427701712023,3
4BY0_5PS,protenix_v2/4BY0_5PS__r0s1.cif,11.038720345140282,3
4BY0_5PS,protenix_v2/4BY0_5PS__r10s0.cif,0.446897112860283,3
4BY0_5PS,protenix_v2/4BY0_5PS__r1s0.cif,0.5102247108395767,3
4BY0_5PS,protenix_v2/4BY0_5PS__r1s1.cif,11.032595074182952,3
4BY0_5PS,protenix_v2/4BY0_5PS__r2s0.cif,0.3560444372487433,3
4BY0_5PS,protenix_v2/4BY0_5PS__r3s0.cif,0.41075873959037906,3
4BY0_5PS,protenix_v2/4BY0_5PS__r4s0.cif,0.34078022338584796,3
4C0C_WVH,protenix_v2/4C0C_WVH__r0s0.cif,0.4633548137320335,3
4C0C_WVH,protenix_v2/4C0C_WVH__r0s1.cif,12.421920562383201,3
4C0C_WVH,protenix_v2/4C0C_WVH__r10s0.cif,0.5701781334204498,3
4C0C_WVH,protenix_v2/4C0C_WVH__r1s0.cif,0.4300501041987896,3
4C0C_WVH,protenix_v2/4C0C_WVH__r1s1.cif,12.407388982528857,3
4C0C_WVH,protenix_v2/4C0C_WVH__r2s0.cif,0.5373276302378475,3
4C0C_WVH,protenix_v2/4C0C_WVH__r3s0.cif,0.531896858968459,3
4C0C_WVH,protenix_v2/4C0C_WVH__r4s0.cif,0.5543151911916658,3
4CK8_LFD,protenix_v2/4CK8_LFD__r0s0.cif,0.51717518462019,4
4CK8_LFD,protenix_v2/4CK8_LFD__r10s0.cif,0.8555508399459375,4
4CK8_LFD,protenix_v2/4CK8_LFD__r1s0.cif,0.8669230790312906,4
4CK9_LFT,protenix_v2/4CK9_LFT__r0s0.cif,0.4427530098342245,4
4CK9_LFT,protenix_v2/4CK9_LFT__r10s0.cif,0.5442653164852388,4
4CK9_LFT,protenix_v2/4CK9_LFT__r1s0.cif,0.42900868510421125,4
4CK9_LFT,protenix_v2/4CK9_LFT__r4s0.cif,0.42582200439661544,4
4CKA_LFS,protenix_v2/4CKA_LFS__r0s0.cif,0.5456123640618189,4
4CKA_LFS,protenix_v2/4CKA_LFS__r10s0.cif,0.5847248727281225,4
4CKA_LFS,protenix_v2/4CKA_LFS__r1s0.cif,0.7494480159639844,4
4D78_J9K,protenix_v2/4D78_J9K__r0s0.cif,0.9292545456589152,3
4D78_J9K,protenix_v2/4D78_J9K__r0s1.cif,9.729120071312911,3
4D78_J9K,protenix_v2/4D78_J9K__r10s0.cif,1.5452818242202098,3
4D78_J9K,protenix_v2/4D78_J9K__r1s0.cif,1.101379822438471,3
4D78_J9K,protenix_v2/4D78_J9K__r4s0.cif,0.9178050791681639,3
4DVQ_1CA,protenix_v2/4DVQ_1CA__r0s0.cif,0.7273029948777493,2
4DVQ_1CA,protenix_v2/4DVQ_1CA__r10s0.cif,1.1427509464982846,2
4EGN_TWO,protenix_v2/4EGN_TWO__r0s0.cif,0.13470306042606198,3
4EGN_TWO,protenix_v2/4EGN_TWO__r10s0.cif,0.1340170966779472,3
4EGN_TWO,protenix_v2/4EGN_TWO__r2s0.cif,0.11161046082629016,3
4EGN_TWO,protenix_v2/4EGN_TWO__r3s0.cif,0.12786165003852118,3
4EGO_1F1,protenix_v2/4EGO_1F1__r0s0.cif,0.22584152261770993,3
4EGO_1F1,protenix_v2/4EGO_1F1__r0s2.cif,8.8819396447604,3
4EGO_1F1,protenix_v2/4EGO_1F1__r10s0.cif,0.1397080533716386,3
4EGO_1F1,protenix_v2/4EGO_1F1__r2s0.cif,0.14680816872412294,3
4EGO_1F1,protenix_v2/4EGO_1F1__r3s0.cif,0.14675959153193796,3
4EGO_1F1,protenix_v2/4EGO_1F1__r4s0.cif,0.1176945101087498,3
4EGP_FIV,protenix_v2/4EGP_FIV__r0s0.cif,0.32477565651819007,3
4EGP_FIV,protenix_v2/4EGP_FIV__r2s0.cif,0.31705014038841706,3
4EGP_FIV,protenix_v2/4EGP_FIV__r3s0.cif,0.36545976797008667,3
4G3J_VNT,protenix_v2/4G3J_VNT__r0s0.cif,0.7164408970316191,2
4G3J_VNT,protenix_v2/4G3J_VNT__r0s1.cif,11.087336672271515,2
4G3J_VNT,protenix_v2/4G3J_VNT__r10s0.cif,0.7661539872573162,2
4G3J_VNT,protenix_v2/4G3J_VNT__r1s0.cif,0.7356217885783243,2
4G3J_VNT,protenix_v2/4G3J_VNT__r2s0.cif,0.6118000729768593,2
4G7G_VFV,protenix_v2/4G7G_VFV__r0s0.cif,0.7484342517721503,2
4G7G_VFV,protenix_v2/4G7G_VFV__r10s0.cif,0.7537250455841775,2
4G7G_VFV,protenix_v2/4G7G_VFV__r1s0.cif,0.7115032834531254,2
4G7G_VFV,protenix_v2/4G7G_VFV__r2s0.cif,0.8299318175434817,2
4G7G_VFV,protenix_v2/4G7G_VFV__r3s0.cif,0.929224928249426,2
4I4G_Z8Z,protenix_v2/4I4G_Z8Z__r0s0.cif,0.9531514057277005,4
4I4G_Z8Z,protenix_v2/4I4G_Z8Z__r0s1.cif,11.970587371067502,4
4I4G_Z8Z,protenix_v2/4I4G_Z8Z__r10s0.cif,1.0552236086973013,4
4I4G_Z8Z,protenix_v2/4I4G_Z8Z__r1s0.cif,1.03505972237137,4
4I4H_Z9Z,protenix_v2/4I4H_Z9Z__r0s0.cif,1.1095873796458129,3
4I4H_Z9Z,protenix_v2/4I4H_Z9Z__r0s1.cif,11.859922686522077,3
4I4H_Z9Z,protenix_v2/4I4H_Z9Z__r10s0.cif,1.07671475132061,3
4I4H_Z9Z,protenix_v2/4I4H_Z9Z__r1s0.cif,1.056857581298684,3
4JLT_8PR,protenix_v2/4JLT_8PR__r0s0.cif,1.696618467481243,2
4JLT_8PR,protenix_v2/4JLT_8PR__r0s1.cif,9.654833859899664,2
4JLT_8PR,protenix_v2/4JLT_8PR__r10s0.cif,1.526504099420014,2
4K9T_1RD,protenix_v2/4K9T_1RD__r0s0.cif,1.1873753655565429,3
4K9T_1RD,protenix_v2/4K9T_1RD__r10s0.cif,1.157690214157869,3
4K9T_1RD,protenix_v2/4K9T_1RD__r1s0.cif,1.1863450573437508,3
4K9U_5AW,protenix_v2/4K9U_5AW__r0s0.cif,0.9427818530042479,3
4K9U_5AW,protenix_v2/4K9U_5AW__r0s1.cif,11.33311644325623,3
4K9U_5AW,protenix_v2/4K9U_5AW__r10s0.cif,1.1664088031242512,3
4K9U_5AW,protenix_v2/4K9U_5AW__r1s0.cif,0.9499326550457896,3
4K9U_5AW,protenix_v2/4K9U_5AW__r2s0.cif,1.2369793975104253,3
4K9V_6AW,protenix_v2/4K9V_6AW__r0s0.cif,0.637681216719392,3
4K9V_6AW,protenix_v2/4K9V_6AW__r10s0.cif,0.7422191252480835,3
4K9V_6AW,protenix_v2/4K9V_6AW__r1s0.cif,0.7725769566737007,3
4K9W_7AW,protenix_v2/4K9W_7AW__r0s0.cif,1.16242841596863,3
4K9W_7AW,protenix_v2/4K9W_7AW__r0s1.cif,11.951131241378581,3
4K9W_7AW,protenix_v2/4K9W_7AW__r10s0.cif,1.1825966150983789,3
4K9W_7AW,protenix_v2/4K9W_7AW__r1s0.cif,1.2167710553687328,3
4TT5_36Y,protenix_v2/4TT5_36Y__r0s0.cif,2.123801090131779,3
4TT5_36Y,protenix_v2/4TT5_36Y__r0s1.cif,7.602463603133461,3
4TT5_36Y,protenix_v2/4TT5_36Y__r10s0.cif,2.0960919253986243,3
4TT5_36Y,protenix_v2/4TT5_36Y__r2s0.cif,1.8566513309229624,3
4TT5_36Y,protenix_v2/4TT5_36Y__r3s0.cif,2.280974500050306,3
4TT5_36Y,protenix_v2/4TT5_36Y__r5s0.cif,2.261533291982055,3
4TUV_CPZ,protenix_v2/4TUV_CPZ__r0s0.cif,1.8078993178406122,3
4TUV_CPZ,protenix_v2/4TUV_CPZ__r10s0.cif,1.7325330623559987,3
4TUV_CPZ,protenix_v2/4TUV_CPZ__r2s0.cif,1.7216402417534855,3
4UQH_25S,protenix_v2/4UQH_25S__r0s0.cif,0.3806544820460681,2
4UQH_25S,protenix_v2/4UQH_25S__r10s0.cif,0.32619823440803286,2
4UQH_25S,protenix_v2/4UQH_25S__r1s0.cif,0.30272252646460507,2
4UQH_25S,protenix_v2/4UQH_25S__r2s0.cif,0.34291366978963145,2
4UVR_J5Y,protenix_v2/4UVR_J5Y__r0s0.cif,0.3208947258926647,3
4UVR_J5Y,protenix_v2/4UVR_J5Y__r10s0.cif,0.4799470210451777,3
4UVR_J5Y,protenix_v2/4UVR_J5Y__r1s0.cif,0.3824676452488254,3
4UVR_J5Y,protenix_v2/4UVR_J5Y__r1s1.cif,12.266531303890753,3
4UVR_J5Y,protenix_v2/4UVR_J5Y__r2s0.cif,0.45214958935479116,3
4UVR_J5Y,protenix_v2/4UVR_J5Y__r3s0.cif,0.36693918422023214,3
4UVR_J5Y,protenix_v2/4UVR_J5Y__r4s0.cif,0.39697288940293957,3
4UYL_VNI,protenix_v2/4UYL_VNI__r0s0.cif,0.44363900594379063,4
4UYL_VNI,protenix_v2/4UYL_VNI__r10s0.cif,0.23717448513830863,4
4UYL_VNI,protenix_v2/4UYL_VNI__r1s0.cif,0.3915367596507373,4
4UYL_VNI,protenix_v2/4UYL_VNI__r4s0.cif,0.36466509724688834,4
4UYM_VOR,protenix_v2/4UYM_VOR__r0s0.cif,0.19092243963194366,4
4UYM_VOR,protenix_v2/4UYM_VOR__r10s0.cif,0.33471997328025804,4
4UYM_VOR,protenix_v2/4UYM_VOR__r1s0.cif,0.20260208880127814,4
4UYM_VOR,protenix_v2/4UYM_VOR__r4s0.cif,0.18824323007371568,4
4WPD_3SQ,protenix_v2/4WPD_3SQ__r0s0.cif,0.6551610109093849,3
4WPD_3SQ,protenix_v2/4WPD_3SQ__r0s1.cif,7.387970956147829,3
4WPD_3SQ,protenix_v2/4WPD_3SQ__r10s0.cif,0.6558995661825264,3
4WPD_3SQ,protenix_v2/4WPD_3SQ__r2s0.cif,0.6298098880748192,3
4WPD_3SQ,protenix_v2/4WPD_3SQ__r3s0.cif,0.4130258550760666,3
4WQJ_36Y,protenix_v2/4WQJ_36Y__r0s0.cif,2.1871233135211923,3
4WQJ_36Y,protenix_v2/4WQJ_36Y__r0s1.cif,7.607649951970614,3
4WQJ_36Y,protenix_v2/4WQJ_36Y__r10s0.cif,2.1430895447675904,3
4WQJ_36Y,protenix_v2/4WQJ_36Y__r2s0.cif,1.9105026367525715,3
4WQJ_36Y,protenix_v2/4WQJ_36Y__r3s0.cif,2.339451075442746,3
4XRY_SI5,protenix_v2/4XRY_SI5__r0s0.cif,0.977360082779178,2
4XRY_SI5,protenix_v2/4XRY_SI5__r10s0.cif,0.7632154325000451,2
4XRY_SI5,protenix_v2/4XRY_SI5__r1s0.cif,0.8695712353369742,2
4XRZ_SI6,protenix_v2/4XRZ_SI6__r0s0.cif,0.6244253175124174,3
4XRZ_SI6,protenix_v2/4XRZ_SI6__r10s0.cif,0.6315052001821845,3
4XRZ_SI6,protenix_v2/4XRZ_SI6__r4s0.cif,0.6269041626496997,3
4ZGX_QHC,protenix_v2/4ZGX_QHC__r0s0.cif,0.45182664352015905,2
4ZGX_QHC,protenix_v2/4ZGX_QHC__r10s0.cif,0.43056893374295413,2
5AJR_VT1,protenix_v2/5AJR_VT1__r0s0.cif,0.5430319734025371,4
5AJR_VT1,protenix_v2/5AJR_VT1__r10s0.cif,0.4770268683171114,4
5AJR_VT1,protenix_v2/5AJR_VT1__r1s0.cif,0.6075730018682878,4
5AJR_VT1,protenix_v2/5AJR_VT1__r4s0.cif,0.38812344282364053,4
5EQB_1YN,protenix_v2/5EQB_1YN__r0s0.cif,0.9113700554175665,2
5EQB_1YN,protenix_v2/5EQB_1YN__r10s0.cif,0.8601107859905713,2
5EQB_1YN,protenix_v2/5EQB_1YN__r2s0.cif,0.6902457124766278,2
5EQB_1YN,protenix_v2/5EQB_1YN__r3s0.cif,0.7978844315429767,2
5FRB_VT2,protenix_v2/5FRB_VT2__r0s0.cif,0.7322945326086965,2
5FRB_VT2,protenix_v2/5FRB_VT2__r0s1.cif,12.166430783752048,2
5FRB_VT2,protenix_v2/5FRB_VT2__r10s0.cif,0.8640745756157457,2
5TE8_08J,protenix_v2/5TE8_08J__r0s0.cif,0.9127723860184339,2
5TE8_08J,protenix_v2/5TE8_08J__r0s1.cif,8.251330421585422,2
5TE8_08J,protenix_v2/5TE8_08J__r10s0.cif,1.4876422135768184,2
5TE8_08J,protenix_v2/5TE8_08J__r1s0.cif,1.6196193227976687,2
5VC0_RIT,protenix_v2/5VC0_RIT__r0s0.cif,0.9822645826283876,4
5VC0_RIT,protenix_v2/5VC0_RIT__r10s0.cif,1.0256549912888808,4
5VC0_RIT,protenix_v2/5VC0_RIT__r1s0.cif,1.066335318266749,4
5VEU_RIT,protenix_v2/5VEU_RIT__r0s0.cif,1.5415743503770472,3
5VEU_RIT,protenix_v2/5VEU_RIT__r0s1.cif,12.106742764098078,3
5VEU_RIT,protenix_v2/5VEU_RIT__r10s0.cif,1.4029474857684392,3
5VEU_RIT,protenix_v2/5VEU_RIT__r1s0.cif,1.3288482943632096,3
5YQA_8ZU,protenix_v2/5YQA_8ZU__r0s0.cif,0.14422867221621846,3
5YQA_8ZU,protenix_v2/5YQA_8ZU__r10s0.cif,0.1290500728539001,3
5YQA_8ZU,protenix_v2/5YQA_8ZU__r2s0.cif,0.14472989838199404,3
6BCZ_D7Y,protenix_v2/6BCZ_D7Y__r0s0.cif,1.1263069266118981,3
6BCZ_D7Y,protenix_v2/6BCZ_D7Y__r0s1.cif,8.823132120030719,3
6BCZ_D7Y,protenix_v2/6BCZ_D7Y__r10s0.cif,0.790943072154688,3
6BCZ_D7Y,protenix_v2/6BCZ_D7Y__r1s0.cif,0.6873345448803541,3
6BD5_D7M,protenix_v2/6BD5_D7M__r0s0.cif,1.0410070019138653,3
6BD5_D7M,protenix_v2/6BD5_D7M__r10s0.cif,1.0980914459219058,3
6BD5_D7M,protenix_v2/6BD5_D7M__r1s0.cif,1.1497080200582535,3
6BD5_D7M,protenix_v2/6BD5_D7M__r4s0.cif,1.1988892857900375,3
6BD6_80K,protenix_v2/6BD6_80K__r0s0.cif,1.1241618123166444,3
6BD6_80K,protenix_v2/6BD6_80K__r0s1.cif,9.265201675128912,3
6BD6_80K,protenix_v2/6BD6_80K__r10s0.cif,1.1473141908970885,3
6BD6_80K,protenix_v2/6BD6_80K__r1s0.cif,1.3029016246698484,3
6BD6_80K,protenix_v2/6BD6_80K__r2s0.cif,0.9455461201468416,3
6BD8_D81,protenix_v2/6BD8_D81__r0s0.cif,0.88115029897272,4
6BD8_D81,protenix_v2/6BD8_D81__r0s1.cif,10.195239227350271,4
6BD8_D81,protenix_v2/6BD8_D81__r10s0.cif,1.3653748047598433,4
6BD8_D81,protenix_v2/6BD8_D81__r1s0.cif,0.9893298235244385,4
6BDH_DEV,protenix_v2/6BDH_DEV__r0s0.cif,1.240468629050872,3
6BDH_DEV,protenix_v2/6BDH_DEV__r0s1.cif,10.170636155227228,3
6BDH_DEV,protenix_v2/6BDH_DEV__r10s0.cif,1.149817046472863,3
6BDH_DEV,protenix_v2/6BDH_DEV__r1s0.cif,1.2867325901143192,3
6BDI_DEJ,protenix_v2/6BDI_DEJ__r0s0.cif,1.3399427841603941,3
6BDI_DEJ,protenix_v2/6BDI_DEJ__r0s1.cif,9.713557156636332,3
6BDI_DEJ,protenix_v2/6BDI_DEJ__r10s0.cif,1.244405435691186,3
6BDI_DEJ,protenix_v2/6BDI_DEJ__r1s0.cif,1.2619928050759157,3
6BDI_DEJ,protenix_v2/6BDI_DEJ__r4s0.cif,1.1204770363116598,3
6BDK_DJ1,protenix_v2/6BDK_DJ1__r0s0.cif,0.8032690151777963,3
6BDK_DJ1,protenix_v2/6BDK_DJ1__r0s1.cif,9.964750042618126,3
6BDK_DJ1,protenix_v2/6BDK_DJ1__r10s0.cif,1.2023305764496788,3
6BDK_DJ1,protenix_v2/6BDK_DJ1__r1s0.cif,1.398239808552842,3
6C94_V16,protenix_v2/6C94_V16__r0s0.cif,0.33921746458067836,2
6C94_V16,protenix_v2/6C94_V16__r10s0.cif,0.20048611168278146,2
6C94_V16,protenix_v2/6C94_V16__r3s0.cif,0.21531925124246512,2
6DA2_G0D,protenix_v2/6DA2_G0D__r0s0.cif,1.0941249853199881,3
6DA2_G0D,protenix_v2/6DA2_G0D__r10s0.cif,1.0090337087944832,3
6DA2_G0D,protenix_v2/6DA2_G0D__r1s0.cif,0.9733855979892602,3
6DA3_G0D,protenix_v2/6DA3_G0D__r0s0.cif,0.9769567962953571,3
6DA3_G0D,protenix_v2/6DA3_G0D__r0s1.cif,10.11375483031468,3
6DA3_G0D,protenix_v2/6DA3_G0D__r10s0.cif,0.7430717831589525,3
6DA3_G0D,protenix_v2/6DA3_G0D__r1s0.cif,1.037173290343361,3
6DA5_G1J,protenix_v2/6DA5_G1J__r0s0.cif,1.1784044855568596,3
6DA5_G1J,protenix_v2/6DA5_G1J__r0s1.cif,10.031256630240103,3
6DA5_G1J,protenix_v2/6DA5_G1J__r10s0.cif,1.2415787538014234,3
6DA5_G1J,protenix_v2/6DA5_G1J__r1s0.cif,1.120121011389919,3
6DA8_G0J,protenix_v2/6DA8_G0J__r0s0.cif,1.2686323553732894,3
6DA8_G0J,protenix_v2/6DA8_G0J__r0s1.cif,10.314674103051864,3
6DA8_G0J,protenix_v2/6DA8_G0J__r10s0.cif,1.224708500501981,3
6DA8_G0J,protenix_v2/6DA8_G0J__r1s0.cif,1.3171889069057308,3
6DAC_FZV,protenix_v2/6DAC_FZV__r0s0.cif,0.9049913286814283,3
6DAC_FZV,protenix_v2/6DAC_FZV__r10s0.cif,0.7800282042860616,3
6DAC_FZV,protenix_v2/6DAC_FZV__r1s0.cif,1.0848803527320945,3
6DAC_FZV,protenix_v2/6DAC_FZV__r4s0.cif,0.8288300760227418,3
6DAJ_FZV,protenix_v2/6DAJ_FZV__r0s0.cif,0.9939512477307101,3
6DAJ_FZV,protenix_v2/6DAJ_FZV__r10s0.cif,1.0994015944493087,3
6DAJ_FZV,protenix_v2/6DAJ_FZV__r1s0.cif,0.9858180586890931,3
6MA6_MYT,protenix_v2/6MA6_MYT__r0s0.cif,1.021675082437244,3
6MA6_MYT,protenix_v2/6MA6_MYT__r0s1.cif,7.432006448199654,3
6MA6_MYT,protenix_v2/6MA6_MYT__r10s0.cif,0.965847533526845,3
6MA6_MYT,protenix_v2/6MA6_MYT__r1s0.cif,0.9831352342190295,3
6MA6_MYT,protenix_v2/6MA6_MYT__r2s0.cif,0.9542782840367149,3
6MA6_MYT,protenix_v2/6MA6_MYT__r4s0.cif,1.0377103178488445,3
6OOA_MWY,protenix_v2/6OOA_MWY__r0s0.cif,1.301035182709584,2
6OOA_MWY,protenix_v2/6OOA_MWY__r0s1.cif,11.14977259351066,2
6OOA_MWY,protenix_v2/6OOA_MWY__r10s0.cif,1.4181003663641458,2
6OOA_MWY,protenix_v2/6OOA_MWY__r1s0.cif,1.0445328292836256,2
6OOA_MWY,protenix_v2/6OOA_MWY__r2s0.cif,1.2972925274795024,2
6OOB_MWS,protenix_v2/6OOB_MWS__r0s0.cif,1.99880299168336,2
6OOB_MWS,protenix_v2/6OOB_MWS__r0s1.cif,9.323768856335882,2
6OOB_MWS,protenix_v2/6OOB_MWS__r10s0.cif,2.1648452727952527,2
6OOB_MWS,protenix_v2/6OOB_MWS__r1s0.cif,2.1173160510691877,2
6OOB_MWS,protenix_v2/6OOB_MWS__r2s0.cif,2.093347524497992,2
6PRS_OW7,protenix_v2/6PRS_OW7__r0s0.cif,0.18824269158875695,3
6PRS_OW7,protenix_v2/6PRS_OW7__r10s0.cif,0.1802387516504811,3
6PRS_OW7,protenix_v2/6PRS_OW7__r2s0.cif,0.18997627733593894,3
6PRS_OW7,protenix_v2/6PRS_OW7__r3s0.cif,0.16846703775312624,3
6U30_PQM,protenix_v2/6U30_PQM__r0s0.cif,0.14758627815404618,3
6U30_PQM,protenix_v2/6U30_PQM__r0s1.cif,7.581849065476962,3
6U30_PQM,protenix_v2/6U30_PQM__r10s0.cif,0.1722233615929483,3
6U30_PQM,protenix_v2/6U30_PQM__r2s0.cif,0.1015555062330568,3
6U31_PQP,protenix_v2/6U31_PQP__r0s0.cif,0.1410956296454212,3
6U31_PQP,protenix_v2/6U31_PQP__r0s1.cif,7.594712852348398,3
6U31_PQP,protenix_v2/6U31_PQP__r2s0.cif,0.22871434467830867,3
6U31_PQP,protenix_v2/6U31_PQP__r3s0.cif,0.18083861052242747,3
6U3K_PQS,protenix_v2/6U3K_PQS__r0s0.cif,0.19523143237399151,3
6U3K_PQS,protenix_v2/6U3K_PQS__r10s0.cif,0.23470275246442418,3
6U3K_PQS,protenix_v2/6U3K_PQS__r2s0.cif,0.2303590917112247,3
6U3K_PQS,protenix_v2/6U3K_PQS__r3s0.cif,0.20604470997418486,3
6UNE_QES,protenix_v2/6UNE_QES__r0s0.cif,1.4615670014651252,3
6UNE_QES,protenix_v2/6UNE_QES__r0s1.cif,10.170643617207615,3
6UNE_QES,protenix_v2/6UNE_QES__r10s0.cif,1.004010552535911,3
6UNE_QES,protenix_v2/6UNE_QES__r1s0.cif,0.8643309226415435,3
6UNG_QEP,protenix_v2/6UNG_QEP__r0s0.cif,1.1397475199871037,3
6UNG_QEP,protenix_v2/6UNG_QEP__r0s1.cif,10.207948317470091,3
6UNG_QEP,protenix_v2/6UNG_QEP__r10s0.cif,1.0254179764555944,3
6UNG_QEP,protenix_v2/6UNG_QEP__r1s0.cif,1.0661697801945904,3
6UNH_QEA,protenix_v2/6UNH_QEA__r0s0.cif,0.6966244691161881,3
6UNH_QEA,protenix_v2/6UNH_QEA__r10s0.cif,0.7418756552124629,3
6UNH_QEA,protenix_v2/6UNH_QEA__r1s0.cif,0.9485343819234426,3
6UNI_QDV,protenix_v2/6UNI_QDV__r0s0.cif,0.9908932862206926,3
6UNI_QDV,protenix_v2/6UNI_QDV__r10s0.cif,1.089763783642451,3
6UNI_QDV,protenix_v2/6UNI_QDV__r1s0.cif,1.1281551869591924,3
6UNJ_QDY,protenix_v2/6UNJ_QDY__r0s0.cif,1.223112025508439,2
6UNJ_QDY,protenix_v2/6UNJ_QDY__r0s1.cif,10.31231938737292,2
6UNJ_QDY,protenix_v2/6UNJ_QDY__r10s0.cif,0.7920207600143794,2
6UNJ_QDY,protenix_v2/6UNJ_QDY__r1s0.cif,0.5595512917095417,2
6UNK_QE4,protenix_v2/6UNK_QE4__r0s0.cif,0.8503791755274017,3
6UNK_QE4,protenix_v2/6UNK_QE4__r10s0.cif,0.9199115892498396,3
6UNK_QE4,protenix_v2/6UNK_QE4__r1s0.cif,0.9219639687600925,3
6UNK_QE4,protenix_v2/6UNK_QE4__r2s0.cif,0.8442880831352667,3
6UNL_QDJ,protenix_v2/6UNL_QDJ__r0s0.cif,0.8945322378122337,3
6UNL_QDJ,protenix_v2/6UNL_QDJ__r0s1.cif,10.869377758595219,3
6UNL_QDJ,protenix_v2/6UNL_QDJ__r10s0.cif,0.7017564356512794,3
6UNL_QDJ,protenix_v2/6UNL_QDJ__r1s0.cif,0.8707955420805589,3
6UNM_QDP,protenix_v2/6UNM_QDP__r0s0.cif,1.0581221308979456,3
6UNM_QDP,protenix_v2/6UNM_QDP__r10s0.cif,1.1520009040944494,3
6UNM_QDP,protenix_v2/6UNM_QDP__r1s0.cif,1.1921306711799493,3
6UNM_QDP,protenix_v2/6UNM_QDP__r4s0.cif,1.2064481528699373,3
6UNN_K3Z,protenix_v2/6UNN_K3Z__r0s0.cif,0.44225021445795615,3
6UNN_K3Z,protenix_v2/6UNN_K3Z__r10s0.cif,0.12199906434853747,3
6UNN_K3Z,protenix_v2/6UNN_K3Z__r2s0.cif,0.11784976394651243,3
6UNN_K3Z,protenix_v2/6UNN_K3Z__r5s0.cif,0.10564831348370723,3
6XZ8_O4T,protenix_v2/6XZ8_O4T__r0s0.cif,0.3146632431289292,2
6XZ8_O4T,protenix_v2/6XZ8_O4T__r10s0.cif,0.3043960662163827,2
6XZ9_O4W,protenix_v2/6XZ9_O4W__r0s0.cif,0.3418682337849553,2
6XZ9_O4W,protenix_v2/6XZ9_O4W__r10s0.cif,0.3046493355631873,2
7JW5_Z7Z,protenix_v2/7JW5_Z7Z__r0s0.cif,0.1402657476364456,3
7JW5_Z7Z,protenix_v2/7JW5_Z7Z__r0s1.cif,8.579783520097726,3
7JW5_Z7Z,protenix_v2/7JW5_Z7Z__r10s0.cif,0.15518076754515456,3
7JW5_Z7Z,protenix_v2/7JW5_Z7Z__r2s0.cif,0.10194995853443473,3
7JW5_Z7Z,protenix_v2/7JW5_Z7Z__r3s0.cif,0.1181085169871034,3
7JXB_VLG,protenix_v2/7JXB_VLG__r0s0.cif,0.1800132575115433,3
7JXB_VLG,protenix_v2/7JXB_VLG__r0s1.cif,8.736601189399673,3
7JXB_VLG,protenix_v2/7JXB_VLG__r10s0.cif,0.20926425572477925,3
7JXB_VLG,protenix_v2/7JXB_VLG__r2s0.cif,0.23012442944130548,3
7JXB_VLG,protenix_v2/7JXB_VLG__r3s0.cif,0.19831722177737357,3
7KVH_X5Y,protenix_v2/7KVH_X5Y__r0s0.cif,0.45558356897750407,3
7KVH_X5Y,protenix_v2/7KVH_X5Y__r10s0.cif,0.465015943086555,3
7KVH_X5Y,protenix_v2/7KVH_X5Y__r1s0.cif,0.4999399913749348,3
7KVI_X7P,protenix_v2/7KVI_X7P__r0s0.cif,0.6602134711490515,3
7KVI_X7P,protenix_v2/7KVI_X7P__r10s0.cif,0.5298834495669743,3
7KVI_X7P,protenix_v2/7KVI_X7P__r1s0.cif,0.8576064850832951,3
7KVJ_X7M,protenix_v2/7KVJ_X7M__r0s0.cif,1.1557725640197647,3
7KVJ_X7M,protenix_v2/7KVJ_X7M__r10s0.cif,0.5387952018873335,3
7KVJ_X7M,protenix_v2/7KVJ_X7M__r1s0.cif,0.3424741066092462,3
7KVM_X71,protenix_v2/7KVM_X71__r0s0.cif,0.46721416314867686,3
7KVM_X71,protenix_v2/7KVM_X71__r0s1.cif,10.116509358088642,3
7KVM_X71,protenix_v2/7KVM_X71__r10s0.cif,0.930745845213785,3
7KVM_X71,protenix_v2/7KVM_X71__r1s0.cif,1.0568115577837027,3
7KVN_X6V,protenix_v2/7KVN_X6V__r0s0.cif,0.9086860961641624,3
7KVN_X6V,protenix_v2/7KVN_X6V__r0s1.cif,10.553700644708549,3
7KVN_X6V,protenix_v2/7KVN_X6V__r10s0.cif,0.8530203519657523,3
7KVN_X6V,protenix_v2/7KVN_X6V__r1s0.cif,1.1057367713552484,3
7KVO_X6S,protenix_v2/7KVO_X6S__r0s0.cif,0.7453848553787282,3
7KVO_X6S,protenix_v2/7KVO_X6S__r10s0.cif,0.46670034055994103,3
7KVO_X6S,protenix_v2/7KVO_X6S__r1s0.cif,0.4549773304891353,3
7KVP_X6J,protenix_v2/7KVP_X6J__r0s0.cif,0.3597646035844395,3
7KVP_X6J,protenix_v2/7KVP_X6J__r0s1.cif,10.476989859958714,3
7KVP_X6J,protenix_v2/7KVP_X6J__r10s0.cif,0.3098188689633003,3
7KVP_X6J,protenix_v2/7KVP_X6J__r1s0.cif,0.710255030892891,3
7KVP_X6J,protenix_v2/7KVP_X6J__r2s0.cif,0.265463028121837,3
7KVQ_X7D,protenix_v2/7KVQ_X7D__r0s0.cif,0.3739406289706157,3
7KVQ_X7D,protenix_v2/7KVQ_X7D__r0s1.cif,10.469982685857861,3
7KVQ_X7D,protenix_v2/7KVQ_X7D__r10s0.cif,0.5049042422328877,3
7KVQ_X7D,protenix_v2/7KVQ_X7D__r1s0.cif,0.3224606125726215,3
7LRL_YBS,protenix_v2/7LRL_YBS__r0s0.cif,0.1589698806911741,3
7LRL_YBS,protenix_v2/7LRL_YBS__r10s0.cif,0.2192930707638527,3
7LRL_YBS,protenix_v2/7LRL_YBS__r1s0.cif,0.19652774700097694,3
7LS3_YCJ,protenix_v2/7LS3_YCJ__r0s0.cif,0.13282612863179843,3
7LS3_YCJ,protenix_v2/7LS3_YCJ__r0s1.cif,9.952942478597988,3
7LS3_YCJ,protenix_v2/7LS3_YCJ__r10s0.cif,0.17461263173348693,3
7LS3_YCJ,protenix_v2/7LS3_YCJ__r1s0.cif,0.16047171060339785,3
7LS4_YCG,protenix_v2/7LS4_YCG__r0s0.cif,0.17391217725823113,3
7LS4_YCG,protenix_v2/7LS4_YCG__r10s0.cif,0.19927478472512647,3
7LS4_YCG,protenix_v2/7LS4_YCG__r1s0.cif,0.22474983593148454,3
7N14_ZRS,protenix_v2/7N14_ZRS__r0s0.cif,0.24804197252953716,3
7N14_ZRS,protenix_v2/7N14_ZRS__r0s1.cif,7.708170545419368,3
7N14_ZRS,protenix_v2/7N14_ZRS__r10s0.cif,0.28783728645787426,3
7N14_ZRS,protenix_v2/7N14_ZRS__r2s0.cif,0.20840789465001133,3
7N14_ZRS,protenix_v2/7N14_ZRS__r3s0.cif,0.2541642700259397,3
7N3L_04Y,protenix_v2/7N3L_04Y__r0s0.cif,0.3866481203946281,3
7N3L_04Y,protenix_v2/7N3L_04Y__r10s0.cif,0.42894773862772,3
7N3L_04Y,protenix_v2/7N3L_04Y__r1s0.cif,0.3346605075982554,3
7N3M_05D,protenix_v2/7N3M_05D__r0s0.cif,0.17090508825136622,3
7N3M_05D,protenix_v2/7N3M_05D__r0s1.cif,8.86717998021306,3
7N3M_05D,protenix_v2/7N3M_05D__r10s0.cif,0.17019632561057754,3
7N3M_05D,protenix_v2/7N3M_05D__r1s0.cif,0.21953087747295688,3
7N6F_0I1,protenix_v2/7N6F_0I1__r0s0.cif,0.4340379999460419,3
7N6F_0I1,protenix_v2/7N6F_0I1__r10s0.cif,0.4036368211784027,3
7N6F_0I1,protenix_v2/7N6F_0I1__r1s0.cif,0.4092289572400302,3
7R8S_8ZU,protenix_v2/7R8S_8ZU__r0s0.cif,0.31560838048134704,3
7R8S_8ZU,protenix_v2/7R8S_8ZU__r10s0.cif,0.1794716445755522,3
7R8S_8ZU,protenix_v2/7R8S_8ZU__r2s0.cif,0.09248464762246596,3
7SV2_MWY,protenix_v2/7SV2_MWY__r0s0.cif,2.023486263766341,3
7SV2_MWY,protenix_v2/7SV2_MWY__r10s0.cif,2.267433676781621,3
7SV2_MWY,protenix_v2/7SV2_MWY__r1s0.cif,2.2079792114689076,3
7TND_JO4,protenix_v2/7TND_JO4__r0s0.cif,0.1403679698927195,3
7TND_JO4,protenix_v2/7TND_JO4__r0s1.cif,8.606523679252287,3
7TND_JO4,protenix_v2/7TND_JO4__r10s0.cif,0.15355477813157434,3
7TND_JO4,protenix_v2/7TND_JO4__r2s0.cif,0.1333013596231348,3
7TND_JO4,protenix_v2/7TND_JO4__r3s0.cif,0.14715299949346847,3
7TRT_KQF,protenix_v2/7TRT_KQF__r0s0.cif,0.2193686925569381,3
7TRT_KQF,protenix_v2/7TRT_KQF__r10s0.cif,0.1477952455120992,3
7TRT_KQF,protenix_v2/7TRT_KQF__r2s0.cif,0.3340990988459527,3
7TRT_KQF,protenix_v2/7TRT_KQF__r3s0.cif,0.22728632003407276,3
7TRU_KQR,protenix_v2/7TRU_KQR__r0s0.cif,0.29997096602964085,3
7TRU_KQR,protenix_v2/7TRU_KQR__r0s2.cif,8.531643177443634,3
7TRU_KQR,protenix_v2/7TRU_KQR__r10s0.cif,0.26685559221736077,3
7TRU_KQR,protenix_v2/7TRU_KQR__r2s0.cif,0.2774702905989382,3
7TRU_KQR,protenix_v2/7TRU_KQR__r3s0.cif,0.38096516943254927,3
7TZY_L3K,protenix_v2/7TZY_L3K__r0s0.cif,0.182756489572676,3
7TZY_L3K,protenix_v2/7TZY_L3K__r10s0.cif,0.17553945868828125,3
7TZY_L3K,protenix_v2/7TZY_L3K__r2s0.cif,0.08333990410663376,3
7U00_L4I,protenix_v2/7U00_L4I__r0s0.cif,0.13606624379951934,3
7U00_L4I,protenix_v2/7U00_L4I__r10s0.cif,0.244666997054981,3
7U00_L4I,protenix_v2/7U00_L4I__r2s0.cif,0.21805395840275107,3
7U00_L4I,protenix_v2/7U00_L4I__r3s0.cif,0.18171858335412538,3
7UAY_O39,protenix_v2/7UAY_O39__r0s0.cif,1.3999850789360497,3
7UAY_O39,protenix_v2/7UAY_O39__r0s1.cif,10.724235030091137,3
7UAY_O39,protenix_v2/7UAY_O39__r10s0.cif,1.6255095671054083,3
7UAY_O39,protenix_v2/7UAY_O39__r1s0.cif,1.7166144903163387,3
7UF9_NH0,protenix_v2/7UF9_NH0__r0s0.cif,1.2390846194617255,3
7UF9_NH0,protenix_v2/7UF9_NH0__r0s1.cif,10.073230301824749,3
7UF9_NH0,protenix_v2/7UF9_NH0__r10s0.cif,1.578371068383458,3
7UF9_NH0,protenix_v2/7UF9_NH0__r1s0.cif,1.4455672614782686,3
7UFA_NI6,protenix_v2/7UFA_NI6__r0s0.cif,0.8912932401730528,3
7UFA_NI6,protenix_v2/7UFA_NI6__r10s0.cif,1.185439018198838,3
7UFA_NI6,protenix_v2/7UFA_NI6__r1s0.cif,0.6935639837746909,3
7UFB_NJ0,protenix_v2/7UFB_NJ0__r0s0.cif,1.3038012146848075,3
7UFB_NJ0,protenix_v2/7UFB_NJ0__r10s0.cif,1.491592271502306,3
7UFB_NJ0,protenix_v2/7UFB_NJ0__r1s0.cif,1.4819662611736557,3
7UFC_NJO,protenix_v2/7UFC_NJO__r0s0.cif,0.6122549006845,3
7UFC_NJO,protenix_v2/7UFC_NJO__r0s1.cif,11.174433667059956,3
7UFC_NJO,protenix_v2/7UFC_NJO__r10s0.cif,0.7412450021902725,3
7UFC_NJO,protenix_v2/7UFC_NJO__r1s0.cif,0.613173995619891,3
8D39_QDB,protenix_v2/8D39_QDB__r0s0.cif,0.13512581496608325,3
8D39_QDB,protenix_v2/8D39_QDB__r10s0.cif,0.14892952955389926,3
8D39_QDB,protenix_v2/8D39_QDB__r2s0.cif,0.12212382065464406,3
8D39_QDB,protenix_v2/8D39_QDB__r3s0.cif,0.1636452355377264,3
8DL4_SKX,protenix_v2/8DL4_SKX__r0s0.cif,0.8207604822651101,2
8DL4_SKX,protenix_v2/8DL4_SKX__r10s0.cif,0.6779517907852417,2
8DL4_SKX,protenix_v2/8DL4_SKX__r2s0.cif,0.5634289958704176,2
8SG5_CL6,protenix_v2/8SG5_CL6__r0s0.cif,0.7527888480173255,3
8SG5_CL6,protenix_v2/8SG5_CL6__r0s1.cif,7.909726290958253,3
8SG5_CL6,protenix_v2/8SG5_CL6__r10s0.cif,0.7781813994895899,3
8SG5_CL6,protenix_v2/8SG5_CL6__r1s0.cif,0.773815047938601,3
8SO2_CFF,protenix_v2/8SO2_CFF__r0s0.cif,2.0104985075029163,2
8SO2_CFF,protenix_v2/8SO2_CFF__r0s1.cif,7.5816216817585005,2
8SO2_CFF,protenix_v2/8SO2_CFF__r10s0.cif,2.0276793777190383,2
8SO2_CFF,protenix_v2/8SO2_CFF__r1s0.cif,1.928786668859928,2
8SPD_CL6,protenix_v2/8SPD_CL6__r0s0.cif,0.4752055637812706,3
8SPD_CL6,protenix_v2/8SPD_CL6__r10s0.cif,0.4952737815731614,3
8SPD_CL6,protenix_v2/8SPD_CL6__r1s0.cif,0.5227379689733928,3
8VK6_A1AB6,protenix_v2/8VK6_A1AB6__r0s0.cif,0.4004052214217515,2
8VK6_A1AB6,protenix_v2/8VK6_A1AB6__r10s0.cif,0.4647706808050782,2
8VK6_A1AB6,protenix_v2/8VK6_A1AB6__r2s0.cif,0.6844809526129966,2
8VKF_LVK,protenix_v2/8VKF_LVK__r0s0.cif,0.2847346531674065,3
8VKF_LVK,protenix_v2/8VKF_LVK__r10s0.cif,0.5690463994338933,3
8VKF_LVK,protenix_v2/8VKF_LVK__r2s0.cif,0.20066753340907253,3
8VKF_LVK,protenix_v2/8VKF_LVK__r3s0.cif,0.5255474677277274,3
8VL0_LVC,protenix_v2/8VL0_LVC__r0s0.cif,0.26467690048574394,3
8VL0_LVC,protenix_v2/8VL0_LVC__r0s1.cif,8.433439942671347,3
8VL0_LVC,protenix_v2/8VL0_LVC__r10s0.cif,0.4128213555916576,3
8VL0_LVC,protenix_v2/8VL0_LVC__r2s0.cif,0.27159347913532267,3
8VOC_M4F,protenix_v2/8VOC_M4F__r0s0.cif,0.1976631366843594,3
8VOC_M4F,protenix_v2/8VOC_M4F__r10s0.cif,0.1941004243863009,3
8VOC_M4F,protenix_v2/8VOC_M4F__r2s0.cif,0.16905972665103217,3
8VOC_M4F,protenix_v2/8VOC_M4F__r3s0.cif,0.22901807005655353,3
9BBB_A1APA,protenix_v2/9BBB_A1APA__r0s0.cif,0.78366245585218,3
9BBB_A1APA,protenix_v2/9BBB_A1APA__r0s1.cif,12.774095134117445,3
9BBB_A1APA,protenix_v2/9BBB_A1APA__r10s0.cif,0.7487996188833108,3
9BBB_A1APA,protenix_v2/9BBB_A1APA__r1s0.cif,0.7775858311826124,3
9BV5_A1ASV,protenix_v2/9BV5_A1ASV__r0s0.cif,1.1537255955505443,3
9BV5_A1ASV,protenix_v2/9BV5_A1ASV__r10s0.cif,0.7636460568088923,3
9BV5_A1ASV,protenix_v2/9BV5_A1ASV__r1s0.cif,0.9430934136767938,3
9BV6_A1ASU,protenix_v2/9BV6_A1ASU__r0s0.cif,0.583339022768136,3
9BV6_A1ASU,protenix_v2/9BV6_A1ASU__r10s0.cif,0.8831787885156593,3
9BV6_A1ASU,protenix_v2/9BV6_A1ASU__r1s0.cif,0.47055773755663416,3
9BV8_A1ASS,protenix_v2/9BV8_A1ASS__r0s0.cif,1.035022008245529,3
9BV8_A1ASS,protenix_v2/9BV8_A1ASS__r10s0.cif,0.6610085768346622,3
9BV8_A1ASS,protenix_v2/9BV8_A1ASS__r1s0.cif,0.818222142183711,3
9BV9_A1ASR,protenix_v2/9BV9_A1ASR__r0s0.cif,0.2554545128508336,3
9BV9_A1ASR,protenix_v2/9BV9_A1ASR__r0s1.cif,8.480691707307711,3
9BV9_A1ASR,protenix_v2/9BV9_A1ASR__r10s0.cif,0.3466193009919903,3
9BV9_A1ASR,protenix_v2/9BV9_A1ASR__r1s0.cif,0.44663627155973984,3
9BVA_A1ASQ,protenix_v2/9BVA_A1ASQ__r0s0.cif,0.38490474182871565,3
9BVA_A1ASQ,protenix_v2/9BVA_A1ASQ__r0s1.cif,8.3714338643604,3
9BVA_A1ASQ,protenix_v2/9BVA_A1ASQ__r10s0.cif,0.5398670822868065,3
9BVA_A1ASQ,protenix_v2/9BVA_A1ASQ__r1s0.cif,0.4449917545040201,3
9BVB_A1ASP,protenix_v2/9BVB_A1ASP__r0s0.cif,0.6673902475655856,3
9BVB_A1ASP,protenix_v2/9BVB_A1ASP__r10s0.cif,0.6556865626885675,3
9BVB_A1ASP,protenix_v2/9BVB_A1ASP__r1s0.cif,0.751974865061601,3
9BVC_A1ASO,protenix_v2/9BVC_A1ASO__r0s0.cif,1.9018677652755336,3
9BVC_A1ASO,protenix_v2/9BVC_A1ASO__r0s1.cif,9.322198354687181,3
9BVC_A1ASO,protenix_v2/9BVC_A1ASO__r10s0.cif,1.2819476670068068,3
9BVC_A1ASO,protenix_v2/9BVC_A1ASO__r1s0.cif,1.5795240673571467,3
9COR_A1A07,protenix_v2/9COR_A1A07__r0s0.cif,1.3418057744971836,3
9COR_A1A07,protenix_v2/9COR_A1A07__r10s0.cif,0.9482664688669392,3
9COR_A1A07,protenix_v2/9COR_A1A07__r1s0.cif,1.5720909383681192,3
9COS_A1A06,protenix_v2/9COS_A1A06__r0s0.cif,1.1956466055762658,3
9COS_A1A06,protenix_v2/9COS_A1A06__r0s2.cif,10.442175114324462,3
9COS_A1A06,protenix_v2/9COS_A1A06__r10s0.cif,1.0880097999556226,3
9COS_A1A06,protenix_v2/9COS_A1A06__r1s0.cif,0.9863660956837705,3
9COT_A1A08,protenix_v2/9COT_A1A08__r0s0.cif,0.8144023817408271,3
9COT_A1A08,protenix_v2/9COT_A1A08__r10s0.cif,0.7190993999325306,3
9COT_A1A08,protenix_v2/9COT_A1A08__r1s0.cif,0.8433571699166568,3
9COU_A1A4U,protenix_v2/9COU_A1A4U__r0s0.cif,0.9789105765155748,3
9COU_A1A4U,protenix_v2/9COU_A1A4U__r0s1.cif,10.19721201900785,3
9COU_A1A4U,protenix_v2/9COU_A1A4U__r10s0.cif,1.268833552095922,3
9COU_A1A4U,protenix_v2/9COU_A1A4U__r1s0.cif,1.134251920577742,3
9COV_A1A4S,protenix_v2/9COV_A1A4S__r0s0.cif,0.4816242106470079,3
9COV_A1A4S,protenix_v2/9COV_A1A4S__r10s0.cif,0.6428284644195273,3
9COV_A1A4S,protenix_v2/9COV_A1A4S__r1s0.cif,1.0617467740352025,3
9COW_A1A4V,protenix_v2/9COW_A1A4V__r0s0.cif,0.32712831504980416,3
9COW_A1A4V,protenix_v2/9COW_A1A4V__r0s1.cif,10.522729925823045,3
9COW_A1A4V,protenix_v2/9COW_A1A4V__r10s0.cif,0.298933132635906,3
9COW_A1A4V,protenix_v2/9COW_A1A4V__r1s0.cif,0.8135206146598963,3
9COX_A1A4K,protenix_v2/9COX_A1A4K__r0s0.cif,0.6093612079029245,3
9COX_A1A4K,protenix_v2/9COX_A1A4K__r10s0.cif,0.40508330262282205,3
9COX_A1A4K,protenix_v2/9COX_A1A4K__r1s0.cif,0.5035523957757951,3
9COY_A1A4T,protenix_v2/9COY_A1A4T__r0s0.cif,1.0436238195089003,4
9COY_A1A4T,protenix_v2/9COY_A1A4T__r0s1.cif,11.992251779886486,4
9COY_A1A4T,protenix_v2/9COY_A1A4T__r10s0.cif,0.9374129194221055,4
9COY_A1A4T,protenix_v2/9COY_A1A4T__r1s0.cif,0.8648508676278092,4
9MS2_A1BNX,protenix_v2/9MS2_A1BNX__r0s0.cif,1.3350858277437385,3
9MS2_A1BNX,protenix_v2/9MS2_A1BNX__r0s1.cif,9.174687833835746,3
9MS2_A1BNX,protenix_v2/9MS2_A1BNX__r10s0.cif,1.306471798159709,3
9MS2_A1BNX,protenix_v2/9MS2_A1BNX__r1s0.cif,1.0427344294121113,3
9NNA_A1BZE,protenix_v2/9NNA_A1BZE__r0s0.cif,0.4123787146484648,3
9NNA_A1BZE,protenix_v2/9NNA_A1BZE__r0s1.cif,9.870103056022137,3
9NNA_A1BZE,protenix_v2/9NNA_A1BZE__r10s0.cif,0.4839218404847858,3
9NNA_A1BZE,protenix_v2/9NNA_A1BZE__r1s0.cif,0.31438862032470816,3
9NNE_A1BZD,protenix_v2/9NNE_A1BZD__r0s0.cif,0.33989445692284326,3
9NNE_A1BZD,protenix_v2/9NNE_A1BZD__r0s1.cif,9.636892735464322,3
9NNE_A1BZD,protenix_v2/9NNE_A1BZD__r10s0.cif,0.3995297877755532,3
9NNE_A1BZD,protenix_v2/9NNE_A1BZD__r1s0.cif,0.30060243032094586,3
9NNI_A1BZC,protenix_v2/9NNI_A1BZC__r0s0.cif,0.17924341783137854,3
9NNI_A1BZC,protenix_v2/9NNI_A1BZC__r0s1.cif,9.303307117212483,3
9NNI_A1BZC,protenix_v2/9NNI_A1BZC__r10s0.cif,0.2606791322861722,3
9NNI_A1BZC,protenix_v2/9NNI_A1BZC__r1s0.cif,0.2595796004632841,3
9NNJ_A1BZB,protenix_v2/9NNJ_A1BZB__r0s0.cif,0.9092843362732065,3
9NNJ_A1BZB,protenix_v2/9NNJ_A1BZB__r10s0.cif,1.496999640841681,3
9NNJ_A1BZB,protenix_v2/9NNJ_A1BZB__r1s0.cif,0.9970927559525758,3
9NNM_A1BZA,protenix_v2/9NNM_A1BZA__r0s0.cif,0.3882950585150164,3
9NNM_A1BZA,protenix_v2/9NNM_A1BZA__r0s1.cif,10.053789520343615,3
9NNM_A1BZA,protenix_v2/9NNM_A1BZA__r10s0.cif,0.6915715850448169,3
9NNM_A1BZA,protenix_v2/9NNM_A1BZA__r1s0.cif,0.7110315841148852,3
9NNO_A1BY9,protenix_v2/9NNO_A1BY9__r0s0.cif,0.21066953949818182,3
9NNO_A1BY9,protenix_v2/9NNO_A1BY9__r0s1.cif,9.253873115894509,3
9NNO_A1BY9,protenix_v2/9NNO_A1BY9__r10s0.cif,0.24279195250697816,3
9NNO_A1BY9,protenix_v2/9NNO_A1BY9__r1s0.cif,0.2521137082117694,3
9NNO_A1BY9,protenix_v2/9NNO_A1BY9__r4s0.cif,0.19584906739357236,3
9PLK_A1CIW,protenix_v2/9PLK_A1CIW__r0s0.cif,2.4007577387256758,2
9PLK_A1CIW,protenix_v2/9PLK_A1CIW__r0s1.cif,10.942942401949455,2
9PLK_A1CIW,protenix_v2/9PLK_A1CIW__r10s0.cif,2.5908184377405634,2
9PLK_A1CIW,protenix_v2/9PLK_A1CIW__r1s0.cif,2.7919426297803582,2
9PLK_A1CIW,protenix_v2/9PLK_A1CIW__r2s0.cif,1.6180888725059108,2
9ZEG_JO4,protenix_v2/9ZEG_JO4__r0s0.cif,0.1403679698927195,3
9ZEG_JO4,protenix_v2/9ZEG_JO4__r0s1.cif,8.606523679252287,3
9ZEG_JO4,protenix_v2/9ZEG_JO4__r10s0.cif,0.15355477813157434,3
9ZEG_JO4,protenix_v2/9ZEG_JO4__r2s0.cif,0.1333013596231348,3
9ZEG_JO4,protenix_v2/9ZEG_JO4__r3s0.cif,0.14715299949346847,3
9ZEH_JO4,protenix_v2/9ZEH_JO4__r0s0.cif,0.14721021774538254,3
9ZEH_JO4,protenix_v2/9ZEH_JO4__r0s1.cif,8.597357390179381,3
9ZEH_JO4,protenix_v2/9ZEH_JO4__r10s0.cif,0.15393720313925804,3
9ZEH_JO4,protenix_v2/9ZEH_JO4__r2s0.cif,0.12764481735087999,3
9ZEH_JO4,protenix_v2/9ZEH_JO4__r3s0.cif,0.1464077690186408,3
9ZEI_JO4,protenix_v2/9ZEI_JO4__r0s0.cif,0.13526445656177177,2
9ZEI_JO4,protenix_v2/9ZEI_JO4__r0s1.cif,8.574218347912787,2
9ZEI_JO4,protenix_v2/9ZEI_JO4__r10s0.cif,0.1290038245405755,2
9ZEI_JO4,protenix_v2/9ZEI_JO4__r2s0.cif,0.17397652248414205,2
1Z11_8MO,protenix_v2/1Z11_8MO__r0s0.cif,0.17814561191363415,4
1Z11_8MO,protenix_v2/1Z11_8MO__r10s0.cif,0.30382679606655594,4
2FDU_D1G,protenix_v2/2FDU_D1G__r0s0.cif,1.2559725131261341,4
2FDU_D1G,protenix_v2/2FDU_D1G__r10s0.cif,1.2732248488935363,4
2FDV_D2G,protenix_v2/2FDV_D2G__r0s0.cif,1.0527251743639663,4
2FDV_D2G,protenix_v2/2FDV_D2G__r10s0.cif,1.0269140017418237,4
3T3R_9PL,protenix_v2/3T3R_9PL__r0s0.cif,0.24088741456554646,4
3T3R_9PL,protenix_v2/3T3R_9PL__r10s0.cif,0.2791231071312413,4
3T3R_9PL,protenix_v2/3T3R_9PL__r2s0.cif,0.27600809548003796,4
3T3S_9PL,protenix_v2/3T3S_9PL__r0s0.cif,0.5922325000117556,2
3T3S_9PL,protenix_v2/3T3S_9PL__r10s0.cif,0.6285865821882362,2
3T3S_9PL,protenix_v2/3T3S_9PL__r1s0.cif,0.6189556377886157,2
4C27_26N,protenix_v2/4C27_26N__r0s0.cif,1.2116067777941444,4
4C27_26N,protenix_v2/4C27_26N__r10s0.cif,1.1820527157851561,4
4C27_26N,protenix_v2/4C27_26N__r1s0.cif,0.939459441793065,4
4C28_TW5,protenix_v2/4C28_TW5__r0s0.cif,0.5533226976555119,4
4C28_TW5,protenix_v2/4C28_TW5__r10s0.cif,0.4228935844804399,4
4C28_TW5,protenix_v2/4C28_TW5__r1s0.cif,0.6170677175056812,4
4EJG_NCT,protenix_v2/4EJG_NCT__r0s0.cif,1.3088989733086127,2
4EJG_NCT,protenix_v2/4EJG_NCT__r10s0.cif,1.3569567351062084,2
4EJH_0QA,protenix_v2/4EJH_0QA__r0s0.cif,0.8992357613472923,2
4EJH_0QA,protenix_v2/4EJH_0QA__r10s0.cif,0.8074035582840011,2
4EJI_0QA,protenix_v2/4EJI_0QA__r0s0.cif,0.4480096948273334,2
4EJI_0QA,protenix_v2/4EJI_0QA__r10s0.cif,0.6034545728115328,2
4EJI_0QA,protenix_v2/4EJI_0QA__r1s0.cif,0.6776101375353183,2
4EJJ_NCT,protenix_v2/4EJJ_NCT__r0s0.cif,0.6054579721723463,4
4EJJ_NCT,protenix_v2/4EJJ_NCT__r10s0.cif,0.45706930584372873,4
4H6O_NEE,protenix_v2/4H6O_NEE__r0s0.cif,0.5202726345868235,4
4H6O_NEE,protenix_v2/4H6O_NEE__r10s0.cif,0.6753699000893802,4
4H6O_NEE,protenix_v2/4H6O_NEE__r1s0.cif,0.5961005906478236,4
4UHI_VFV,protenix_v2/4UHI_VFV__r0s0.cif,0.6908151976234943,3
4UHI_VFV,protenix_v2/4UHI_VFV__r10s0.cif,0.6433389613877217,3
4UHL_VFV,protenix_v2/4UHL_VFV__r0s0.cif,0.734377071463451,3
4UHL_VFV,protenix_v2/4UHL_VFV__r10s0.cif,0.8459554757611151,3
5JLC_1YN,protenix_v2/5JLC_1YN__r0s0.cif,0.7152822928351221,2
5JLC_1YN,protenix_v2/5JLC_1YN__r10s0.cif,0.7290032932728397,2
6CR2_LFV,protenix_v2/6CR2_LFV__r0s0.cif,0.52231306340618,3
6CR2_LFV,protenix_v2/6CR2_LFV__r10s0.cif,0.5837091852012123,3
6Q2T_PJM,protenix_v2/6Q2T_PJM__r0s0.cif,0.5659033733675064,4
6Q2T_PJM,protenix_v2/6Q2T_PJM__r10s0.cif,0.5130897787759756,4
6T0F_K2B,protenix_v2/6T0F_K2B__r0s0.cif,1.1680107679021743,3
6T0F_K2B,protenix_v2/6T0F_K2B__r10s0.cif,1.1305286728953332,3
6T0F_K2B,protenix_v2/6T0F_K2B__r1s0.cif,1.1770741317114934,3
6T0L_M8N,protenix_v2/6T0L_M8N__r0s0.cif,0.5933952874822784,3
6T0L_M8N,protenix_v2/6T0L_M8N__r10s0.cif,0.5409534719157879,3
6T0L_M8N,protenix_v2/6T0L_M8N__r1s0.cif,0.6362859630303568,3
1W0G_MYT,protenix_v2/1W0G_MYT__r0s0.cif,1.0045453464843348,2
1W0G_MYT,protenix_v2/1W0G_MYT__r10s0.cif,0.9872300336300746,2
2IJ7_TPF,protenix_v2/2IJ7_TPF__r0s0.cif,2.5835974538184536,3
2IJ7_TPF,protenix_v2/2IJ7_TPF__r10s0.cif,1.1544191428592159,3
2IJ7_TPF,protenix_v2/2IJ7_TPF__r1s0.cif,1.232762645883852,3
2J0D_ERY,protenix_v2/2J0D_ERY__r0s0.cif,1.1086648674082664,2
2J0D_ERY,protenix_v2/2J0D_ERY__r10s0.cif,1.0534359960114181,2
2J0D_ERY,protenix_v2/2J0D_ERY__r1s0.cif,1.2175742807456054,2
2V0M_KLN,protenix_v2/2V0M_KLN__r0s0.cif,1.5167407024533788,2
2V0M_KLN,protenix_v2/2V0M_KLN__r10s0.cif,1.1799493703452046,2
2WUZ_TPF,protenix_v2/2WUZ_TPF__r0s0.cif,0.650250673683667,2
2WUZ_TPF,protenix_v2/2WUZ_TPF__r10s0.cif,0.7118226119190654,2
2WUZ_TPF,protenix_v2/2WUZ_TPF__r1s0.cif,0.6585816369842328,2
2WX2_TPF,protenix_v2/2WX2_TPF__r0s0.cif,0.650250673683667,2
2WX2_TPF,protenix_v2/2WX2_TPF__r10s0.cif,0.7118226119190654,2
2WX2_TPF,protenix_v2/2WX2_TPF__r1s0.cif,0.6585816369842328,2
3G5H_YTT,protenix_v2/3G5H_YTT__r0s0.cif,0.2694848285865999,2
3G5H_YTT,protenix_v2/3G5H_YTT__r10s0.cif,0.38518805723207933,2
3G5H_YTT,protenix_v2/3G5H_YTT__r1s0.cif,0.41446577488995984,2
3JUS_ECL,protenix_v2/3JUS_ECL__r0s0.cif,0.3771493765967122,2
3JUS_ECL,protenix_v2/3JUS_ECL__r10s0.cif,0.3924600146353274,2
3JUS_ECL,protenix_v2/3JUS_ECL__r1s0.cif,0.3850376431323048,2
3JUS_ECN,protenix_v2/3JUS_ECN__r0s0.cif,0.3174865279746675,2
3JUS_ECN,protenix_v2/3JUS_ECN__r10s0.cif,0.46389303118491027,2
3JUS_ECN,protenix_v2/3JUS_ECN__r1s0.cif,0.4455908108065628,2
3LD6_KKK,protenix_v2/3LD6_KKK__r0s0.cif,0.8906334698023981,2
3LD6_KKK,protenix_v2/3LD6_KKK__r10s0.cif,1.0850616205937527,2
3LD6_KKK,protenix_v2/3LD6_KKK__r1s0.cif,0.5839246330728585,2
3NXU_RIT,protenix_v2/3NXU_RIT__r0s0.cif,1.0417537154760823,2
3NXU_RIT,protenix_v2/3NXU_RIT__r10s0.cif,0.9894472460434466,2
3TIK_JKF,protenix_v2/3TIK_JKF__r0s0.cif,0.4998225015888595,3
3TIK_JKF,protenix_v2/3TIK_JKF__r10s0.cif,0.35205219937918275,3
3TIK_JKF,protenix_v2/3TIK_JKF__r1s0.cif,0.44860474811105294,3
4G44_TZM,protenix_v2/4G44_TZM__r0s0.cif,1.8282818556155302,3
4G44_TZM,protenix_v2/4G44_TZM__r10s0.cif,1.875166816459415,3
4G45_MQN,protenix_v2/4G45_MQN__r0s0.cif,2.060492692432264,3
4G45_MQN,protenix_v2/4G45_MQN__r10s0.cif,6.81313225173912,3
4G45_MQN,protenix_v2/4G45_MQN__r1s0.cif,6.421591767398265,3
5FSA_X2N,protenix_v2/5FSA_X2N__r0s0.cif,0.865159507856142,2
5FSA_X2N,protenix_v2/5FSA_X2N__r10s0.cif,0.7401445352078868,2
5IBD_GGJ,protenix_v2/5IBD_GGJ__r0s0.cif,0.4790612620626041,3
5IBD_GGJ,protenix_v2/5IBD_GGJ__r10s0.cif,0.416048003912418,3
5IBE_69M,protenix_v2/5IBE_69M__r0s0.cif,0.5895927533197287,2
5IBE_69M,protenix_v2/5IBE_69M__r10s0.cif,1.216092264463452,2
5IBF_69W,protenix_v2/5IBF_69W__r0s0.cif,1.0816778138116794,3
5IBF_69W,protenix_v2/5IBF_69W__r10s0.cif,1.0577974040523204,3
5IBG_69S,protenix_v2/5IBG_69S__r0s0.cif,1.4855483319568605,3
5IBG_69S,protenix_v2/5IBG_69S__r10s0.cif,1.4674858325873608,3
5O4K_9KE,protenix_v2/5O4K_9KE__r0s0.cif,0.6749100076351099,3
5O4K_9KE,protenix_v2/5O4K_9KE__r10s0.cif,0.7596743569539092,3
5O4L_9KB,protenix_v2/5O4L_9KB__r0s0.cif,1.0064262364247425,3
5O4L_9KB,protenix_v2/5O4L_9KB__r10s0.cif,0.9952443938462462,3
5TZ1_VT1,protenix_v2/5TZ1_VT1__r0s0.cif,0.2973568002365974,2
5TZ1_VT1,protenix_v2/5TZ1_VT1__r10s0.cif,0.3916593397073807,2
6RQ0_KE2,protenix_v2/6RQ0_KE2__r0s0.cif,0.45018386039402836,2
6RQ0_KE2,protenix_v2/6RQ0_KE2__r10s0.cif,0.4601207790424634,2
6RQ0_KE2,protenix_v2/6RQ0_KE2__r1s0.cif,0.46804687033652853,2
6RQ1_KE5,protenix_v2/6RQ1_KE5__r0s0.cif,0.6527462024556733,3
6RQ1_KE5,protenix_v2/6RQ1_KE5__r10s0.cif,0.6590385906539155,3
6RQ1_KE5,protenix_v2/6RQ1_KE5__r1s0.cif,0.6564166805268059,3
6RQ3_OUC,protenix_v2/6RQ3_OUC__r0s0.cif,0.8057127993591439,3
6RQ3_OUC,protenix_v2/6RQ3_OUC__r10s0.cif,0.9547318924070275,3
6RQ3_OUC,protenix_v2/6RQ3_OUC__r1s0.cif,0.7866416179096619,3
6RQ5_KEB,protenix_v2/6RQ5_KEB__r0s0.cif,0.4704430521676454,3
6RQ5_KEB,protenix_v2/6RQ5_KEB__r10s0.cif,0.4412676021228552,3
6RQ6_R2H,protenix_v2/6RQ6_R2H__r0s0.cif,0.32137394905047995,3
6RQ6_R2H,protenix_v2/6RQ6_R2H__r10s0.cif,0.36458484528314344,3
6RQ8_KEH,protenix_v2/6RQ8_KEH__r0s0.cif,0.3924477854729544,3
6RQ8_KEH,protenix_v2/6RQ8_KEH__r10s0.cif,0.3234597527221742,3
6RQ9_KEQ,protenix_v2/6RQ9_KEQ__r0s0.cif,0.2704519441545173,3
6RQ9_KEQ,protenix_v2/6RQ9_KEQ__r10s0.cif,0.4004059302376515,3
6RQB_Q47,protenix_v2/6RQB_Q47__r0s0.cif,0.528879501596851,3
6RQB_Q47,protenix_v2/6RQB_Q47__r10s0.cif,0.5681051611756615,3
6RQB_Q47,protenix_v2/6RQB_Q47__r1s0.cif,0.4359119742554758,3
6RQD_KEW,protenix_v2/6RQD_KEW__r0s0.cif,0.2673041456957599,3
6RQD_KEW,protenix_v2/6RQD_KEW__r10s0.cif,0.45876463903898196,3
6RQD_KEW,protenix_v2/6RQD_KEW__r1s0.cif,0.3514843761879268,3
6RQE_KEZ,protenix_v2/6RQE_KEZ__r0s0.cif,0.418127541792875,3
6RQE_KEZ,protenix_v2/6RQE_KEZ__r10s0.cif,0.4727043092494047,3
6RQE_KEZ,protenix_v2/6RQE_KEZ__r1s0.cif,0.5006745504038977,3
6TE7_N55,protenix_v2/6TE7_N55__r0s0.cif,0.6742284148318434,2
6TE7_N55,protenix_v2/6TE7_N55__r10s0.cif,0.7314156963534757,2
6TET_N5Z,protenix_v2/6TET_N5Z__r0s0.cif,0.7368807003048898,3
6TET_N5Z,protenix_v2/6TET_N5Z__r10s0.cif,1.0764831208757393,3
6TEV_N5W,protenix_v2/6TEV_N5W__r0s0.cif,2.9387870819373205,3
6TEV_N5W,protenix_v2/6TEV_N5W__r10s0.cif,2.892657745409346,3
7KVK_X7J,protenix_v2/7KVK_X7J__r0s0.cif,0.6245976961135634,3
7KVK_X7J,protenix_v2/7KVK_X7J__r10s0.cif,0.5728871057359356,3
7KVS_X74,protenix_v2/7KVS_X74__r0s0.cif,0.4401675539174555,3
7KVS_X74,protenix_v2/7KVS_X74__r10s0.cif,0.3687737792099561,3
7NQO_ULZ,protenix_v2/7NQO_ULZ__r0s0.cif,1.898480042959169,3
7NQO_ULZ,protenix_v2/7NQO_ULZ__r10s0.cif,1.8253422379092692,3
7NQO_ULZ,protenix_v2/7NQO_ULZ__r1s0.cif,1.8802479113172714,3
7UFE_NXR,protenix_v2/7UFE_NXR__r0s0.cif,0.5564170422733368,2
7UFE_NXR,protenix_v2/7UFE_NXR__r10s0.cif,0.5382735268647585,2
7UFE_NXR,protenix_v2/7UFE_NXR__r1s0.cif,0.8262546403358001,2
7UFF_NYF,protenix_v2/7UFF_NYF__r0s0.cif,0.7337708843023163,2
7UFF_NYF,protenix_v2/7UFF_NYF__r10s0.cif,0.4692630578898821,2
8A6W_K2B,protenix_v2/8A6W_K2B__r0s0.cif,0.7186413936753951,3
8A6W_K2B,protenix_v2/8A6W_K2B__r10s0.cif,0.6972529578025007,3
8A6W_K2B,protenix_v2/8A6W_K2B__r1s0.cif,0.6593083925360829,3
8S53_3QO,protenix_v2/8S53_3QO__r0s0.cif,0.18357436835126167,2
8S53_3QO,protenix_v2/8S53_3QO__r10s0.cif,0.18479568929907475,2
8S53_3QO,protenix_v2/8S53_3QO__r1s0.cif,0.2859234373128606,2
2WH8_II2,protenix_v2/2WH8_II2__r0s0.cif,0.5800384505864075,2
2WH8_II2,protenix_v2/2WH8_II2__r10s0.cif,0.7734896428842222,2
2WHF_II4,protenix_v2/2WHF_II4__r0s0.cif,1.2134654607637816,2
2WHF_II4,protenix_v2/2WHF_II4__r10s0.cif,1.3264840130769058,2
6T0K_M65,protenix_v2/6T0K_M65__r0s0.cif,0.43766729862156967,3
6T0K_M65,protenix_v2/6T0K_M65__r10s0.cif,0.48368857007306576,3
6T0K_M65,protenix_v2/6T0K_M65__r1s0.cif,0.7423236313861387,3
7P5T_5YG,protenix_v2/7P5T_5YG__r0s0.cif,0.7214848103933833,2
7P5T_5YG,protenix_v2/7P5T_5YG__r10s0.cif,0.6631824041546059,2
7QJL_DQE,protenix_v2/7QJL_DQE__r0s0.cif,0.6483486660315205,2
7QJL_DQE,protenix_v2/7QJL_DQE__r10s0.cif,0.5298953112049818,2
7QQ7_EIQ,protenix_v2/7QQ7_EIQ__r0s0.cif,0.4845984315641869,2
7QQ7_EIQ,protenix_v2/7QQ7_EIQ__r10s0.cif,0.9638748525013842,2
7QQ7_PG4,protenix_v2/7QQ7_PG4__r0s0.cif,1.4343285043719787,2
7QQ7_PG4,protenix_v2/7QQ7_PG4__r10s0.cif,0.9495181960809951,2
7ZB9_M65,protenix_v2/7ZB9_M65__r0s0.cif,0.43766729862156967,3
7ZB9_M65,protenix_v2/7ZB9_M65__r10s0.cif,0.48368857007306576,3
7ZB9_M65,protenix_v2/7ZB9_M65__r1s0.cif,0.7423236313861387,3
8A9P_ENK,protenix_v2/8A9P_ENK__r0s0.cif,0.38687391795393566,2
8A9P_ENK,protenix_v2/8A9P_ENK__r10s0.cif,0.3944618754503154,2
2CI0_1CM,protenix_v2/2CI0_1CM__r0s0.cif,0.22127984776005186,2
2CI0_1CM,protenix_v2/2CI0_1CM__r10s0.cif,0.5973178572989997,2
2CI0_1CM,protenix_v2/2CI0_1CM__r1s0.cif,0.3002883063113111,2
2CIB_CM6,protenix_v2/2CIB_CM6__r0s0.cif,0.38119283714183183,2
2CIB_CM6,protenix_v2/2CIB_CM6__r10s0.cif,0.5257011365674223,2
2CIB_CM6,protenix_v2/2CIB_CM6__r1s0.cif,0.28311020961793065,2
2CIB_CM6,protenix_v2/2CIB_CM6__r2s0.cif,0.5872905266211084,2
2W09_CM9,protenix_v2/2W09_CM9__r0s0.cif,0.4844936066362799,2
2W09_CM9,protenix_v2/2W09_CM9__r10s0.cif,0.5908132255136851,2
2W09_CM9,protenix_v2/2W09_CM9__r1s0.cif,0.43419149352376996,2
2W0B_CMW,protenix_v2/2W0B_CMW__r0s0.cif,0.6687741735497161,2
2W0B_CMW,protenix_v2/2W0B_CMW__r10s0.cif,0.8600189540739887,2
2WM4_VGJ,protenix_v2/2WM4_VGJ__r0s0.cif,0.6878800471804136,3
3R9B_D12,protenix_v2/3R9B_D12__r0s0.cif,0.7009347201849238,3
3R9B_D12,protenix_v2/3R9B_D12__r10s0.cif,0.7011736928416847,3
3R9C_ECL,protenix_v2/3R9C_ECL__r0s0.cif,1.0665317152540332,3
3R9C_ECL,protenix_v2/3R9C_ECL__r10s0.cif,1.0316287252501457,3
3R9C_ECL,protenix_v2/3R9C_ECL__r1s0.cif,1.1165414946396561,3
3R9C_ECL,protenix_v2/3R9C_ECL__r6s0.cif,0.983386500869209,3
6T0G_VD3,protenix_v2/6T0G_VD3__r0s0.cif,0.9717385168979564,2
6T0G_VD3,protenix_v2/6T0G_VD3__r10s0.cif,0.9193221554513686,2
6T0H_M9B,protenix_v2/6T0H_M9B__r0s0.cif,0.810850589190092,2
6T0J_RWZ,protenix_v2/6T0J_RWZ__r0s0.cif,0.589933494106039,2
6UW2_CL6,protenix_v2/6UW2_CL6__r0s0.cif,0.5354787922704835,2
2Q6N_1CI,protenix_v2/2Q6N_1CI__r0s0.cif,0.5629968402693966,2
2Q6N_1CI,protenix_v2/2Q6N_1CI__r10s0.cif,0.6971348767026555,2
3B6H_MXD,protenix_v2/3B6H_MXD__r0s0.cif,1.3352483457596116,2
3B6H_MXD,protenix_v2/3B6H_MXD__r10s0.cif,1.477268436547093,2
3KHM_TPF,protenix_v2/3KHM_TPF__r0s0.cif,0.6534290503359009,2
3KHM_TPF,protenix_v2/3KHM_TPF__r10s0.cif,0.5965770933608736,2
3KHM_TPF,protenix_v2/3KHM_TPF__r2s0.cif,0.6030998044548853,2
6CIZ_3NR,protenix_v2/6CIZ_3NR__r0s0.cif,0.16620955663712708,3
6CIZ_3NR,protenix_v2/6CIZ_3NR__r10s0.cif,0.17164867927620298,3
6CIZ_3NR,protenix_v2/6CIZ_3NR__r1s0.cif,0.21920145186953355,3
6WW0_UDJ,protenix_v2/6WW0_UDJ__r0s0.cif,0.23353603265532735,2
6WW0_UDJ,protenix_v2/6WW0_UDJ__r10s0.cif,0.27477482618452165,2
6WW0_UDJ,protenix_v2/6WW0_UDJ__r3s0.cif,0.30693422389127956,2
6WW0_UDJ,protenix_v2/6WW0_UDJ__r4s0.cif,0.2268665881999054,2
7R1I_HIH,protenix_v2/7R1I_HIH__r0s0.cif,0.4136105029766516,2
7R1I_HIH,protenix_v2/7R1I_HIH__r10s0.cif,1.5190940807386872,2
7R1I_HIH,protenix_v2/7R1I_HIH__r2s0.cif,0.6350417426608456,2
7R3U_2QC,protenix_v2/7R3U_2QC__r0s0.cif,4.802154100205618,2
7R3U_2QC,protenix_v2/7R3U_2QC__r10s0.cif,0.9366726119964208,2
7R3U_2QC,protenix_v2/7R3U_2QC__r2s0.cif,0.7856954791439178,2
7YXF_I6Y,protenix_v2/7YXF_I6Y__r0s0.cif,0.5273910412743232,3
7YXF_I6Y,protenix_v2/7YXF_I6Y__r10s0.cif,0.6560633276462325,3
7YXF_I6Y,protenix_v2/7YXF_I6Y__r2s0.cif,0.968078113115753,3
7ZGL_EIQ,protenix_v2/7ZGL_EIQ__r0s0.cif,0.3287295485836374,3
7ZGL_EIQ,protenix_v2/7ZGL_EIQ__r10s0.cif,0.3041016036983794,3
7ZGL_EIQ,protenix_v2/7ZGL_EIQ__r4s0.cif,0.312903377621313,3
7ZIC_5YG,protenix_v2/7ZIC_5YG__r0s0.cif,0.7603072479549144,3
7ZIC_5YG,protenix_v2/7ZIC_5YG__r10s0.cif,0.8182109257798773,3
7ZIC_5YG,protenix_v2/7ZIC_5YG__r4s0.cif,0.7293085847401238,3
7ZLT_JFI,protenix_v2/7ZLT_JFI__r0s0.cif,0.47002301990891954,3
7ZLT_JFI,protenix_v2/7ZLT_JFI__r10s0.cif,0.47392475062476963,3
7ZLT_JFI,protenix_v2/7ZLT_JFI__r4s0.cif,0.490274791213637,3
7ZLT_JFI,protenix_v2/7ZLT_JFI__r5s0.cif,0.5024637071082415,3
7ZLZ_JFC,protenix_v2/7ZLZ_JFC__r0s0.cif,0.730092494815387,3
7ZLZ_JFC,protenix_v2/7ZLZ_JFC__r10s0.cif,0.670071361302445,3
7ZLZ_JFC,protenix_v2/7ZLZ_JFC__r3s0.cif,0.647713591829732,3
7ZLZ_JFC,protenix_v2/7ZLZ_JFC__r6s0.cif,0.6771510809997435,3
7ZQR_JK9,protenix_v2/7ZQR_JK9__r0s0.cif,0.46010415343426453,3
7ZQR_JK9,protenix_v2/7ZQR_JK9__r10s0.cif,0.38361051994305956,3
7ZQR_JK9,protenix_v2/7ZQR_JK9__r2s0.cif,0.395328528983951,3
7ZSU_JV3,protenix_v2/7ZSU_JV3__r0s0.cif,1.2452300124277382,2
7ZSU_JV3,protenix_v2/7ZSU_JV3__r10s0.cif,1.146142973848969,2
7ZSU_JV3,protenix_v2/7ZSU_JV3__r2s0.cif,0.41926913781903524,2
7ZSU_JV3,protenix_v2/7ZSU_JV3__r4s0.cif,1.117732974084392,2
7ZT0_JUR,protenix_v2/7ZT0_JUR__r0s0.cif,0.4540964604661644,3
7ZT0_JUR,protenix_v2/7ZT0_JUR__r10s0.cif,1.2172601549570068,3
7ZT0_JUR,protenix_v2/7ZT0_JUR__r2s0.cif,1.6884110565754866,3
7ZT0_JUR,protenix_v2/7ZT0_JUR__r5s0.cif,0.39631893607547375,3
7ZXD_KB9,protenix_v2/7ZXD_KB9__r0s0.cif,1.0777229844991227,3
7ZXD_KB9,protenix_v2/7ZXD_KB9__r10s0.cif,0.8011663910872358,3
7ZXD_KB9,protenix_v2/7ZXD_KB9__r3s0.cif,1.8874822512443619,3
8FDA_XPK,protenix_v2/8FDA_XPK__r0s0.cif,1.1601280482081004,3
8FDA_XPK,protenix_v2/8FDA_XPK__r10s0.cif,0.9918948805646896,3
8FDA_XPK,protenix_v2/8FDA_XPK__r1s0.cif,0.4871369134202981,3
8S4M_A1H47,protenix_v2/8S4M_A1H47__r0s0.cif,0.9225666672976673,4
8S4M_A1H47,protenix_v2/8S4M_A1H47__r10s0.cif,1.0707393450286204,4
8S4M_A1H47,protenix_v2/8S4M_A1H47__r2s0.cif,1.1831528325646252,4
9VGO_A1MAI,protenix_v2/9VGO_A1MAI__r0s0.cif,2.3678627576180316,3
9VGO_A1MAI,protenix_v2/9VGO_A1MAI__r10s0.cif,2.3315765890323434,3
9VGO_A1MAI,protenix_v2/9VGO_A1MAI__r4s0.cif,2.082175277150609,3
9VGP_L0O,protenix_v2/9VGP_L0O__r0s0.cif,2.4124769771352534,4
9VGP_L0O,protenix_v2/9VGP_L0O__r10s0.cif,3.250850451921327,4
9VGP_L0O,protenix_v2/9VGP_L0O__r4s0.cif,2.8379894985771306,4
9VGP_L0O,protenix_v2/9VGP_L0O__r7s0.cif,3.1721077376766407,4
9VGQ_A1MAJ,protenix_v2/9VGQ_A1MAJ__r0s0.cif,2.0930277218304782,3
9VGQ_A1MAJ,protenix_v2/9VGQ_A1MAJ__r10s0.cif,2.5341541624960002,3
9VGQ_A1MAJ,protenix_v2/9VGQ_A1MAJ__r2s0.cif,2.271714683074731,3
9VGQ_A1MAJ,protenix_v2/9VGQ_A1MAJ__r7s0.cif,2.3223007156379754,3
1R9O_FLP,protenix_v2/1R9O_FLP__r0s0.cif,1.093632381619847,2
1R9O_FLP,protenix_v2/1R9O_FLP__r10s0.cif,0.8135506480191091,2
1R9O_FLP,protenix_v2/1R9O_FLP__r11s0.cif,0.5524471672961603,2
3GPH_OID,protenix_v2/3GPH_OID__r0s0.cif,0.8604500809925882,2
3GPH_OID,protenix_v2/3GPH_OID__r10s0.cif,0.8872451022017869,2
3GPH_OID,protenix_v2/3GPH_OID__r5s0.cif,0.853129520903542,2
3IBD_CPZ,protenix_v2/3IBD_CPZ__r0s0.cif,0.20078222127913264,2
3IBD_CPZ,protenix_v2/3IBD_CPZ__r10s0.cif,0.16878123360169475,2
3IBD_CPZ,protenix_v2/3IBD_CPZ__r11s0.cif,0.2172946042155345,2
3IBD_CPZ,protenix_v2/3IBD_CPZ__r5s0.cif,0.18269545112333746,2
3KOH_OIO,protenix_v2/3KOH_OIO__r0s0.cif,1.1479578785469178,2
3KOH_OIO,protenix_v2/3KOH_OIO__r10s0.cif,1.1955453455772418,2
3KOH_OIO,protenix_v2/3KOH_OIO__r2s0.cif,1.1872400793273687,2
3LC4_LC4,protenix_v2/3LC4_LC4__r0s0.cif,1.0819350950178013,2
3LC4_LC4,protenix_v2/3LC4_LC4__r10s0.cif,1.1627070669357107,2
3QOA_3QO,protenix_v2/3QOA_3QO__r0s0.cif,0.33028101068506954,2
3QOA_3QO,protenix_v2/3QOA_3QO__r10s0.cif,0.40633458420008,2
3QOA_3QO,protenix_v2/3QOA_3QO__r11s0.cif,0.32018469896957713,2
3QU8_3QU,protenix_v2/3QU8_3QU__r0s0.cif,0.36308369935522145,2
3QU8_3QU,protenix_v2/3QU8_3QU__r10s0.cif,0.45192361250922036,2
3QU8_3QU,protenix_v2/3QU8_3QU__r11s0.cif,0.48005909243206685,2
3T3Z_9PL,protenix_v2/3T3Z_9PL__r0s0.cif,0.5782317058161781,2
3T3Z_9PL,protenix_v2/3T3Z_9PL__r10s0.cif,0.4668055751090322,2
3UA5_06X,protenix_v2/3UA5_06X__r0s0.cif,1.3247457359553525,2
3UA5_06X,protenix_v2/3UA5_06X__r10s0.cif,1.2897791860556367,2
3UA5_06X,protenix_v2/3UA5_06X__r11s0.cif,1.2209438233232999,2
4MGJ_CPZ,protenix_v2/4MGJ_CPZ__r0s0.cif,0.2333524400129598,2
4MGJ_CPZ,protenix_v2/4MGJ_CPZ__r10s0.cif,0.18871139999663492,2
5A5I_XI1,protenix_v2/5A5I_XI1__r0s0.cif,1.2507424442624813,2
5A5I_XI1,protenix_v2/5A5I_XI1__r10s0.cif,0.9768937214285105,2
5A5I_XI1,protenix_v2/5A5I_XI1__r11s0.cif,1.1845427070218437,2
5A5J_6YF,protenix_v2/5A5J_6YF__r0s0.cif,0.3553166313266627,2
5A5J_6YF,protenix_v2/5A5J_6YF__r11s0.cif,0.6655781126820914,2
5A5J_6YF,protenix_v2/5A5J_6YF__r2s0.cif,0.6678814504578907,2
5V5Z_1YN,protenix_v2/5V5Z_1YN__r0s0.cif,0.7114590628151738,2
5V5Z_1YN,protenix_v2/5V5Z_1YN__r10s0.cif,0.8260858849250285,2
6A16_UCZ,protenix_v2/6A16_UCZ__r0s0.cif,0.37299097163307354,2
6A16_UCZ,protenix_v2/6A16_UCZ__r10s0.cif,0.31872426575893026,2
6A16_UCZ,protenix_v2/6A16_UCZ__r1s0.cif,0.406492367808053,2
6A16_UCZ,protenix_v2/6A16_UCZ__r4s0.cif,0.3988441599809829,2
7RYB_VOR,protenix_v2/7RYB_VOR__r0s0.cif,0.16361890655778027,2
7RYB_VOR,protenix_v2/7RYB_VOR__r10s0.cif,0.16399221445373297,2
7RYB_VOR,protenix_v2/7RYB_VOR__r1s0.cif,0.16163900690488073,2
1JIP_KTN,protenix_v2/1JIP_KTN__r0s0.cif,1.7938579688909824,4
1JIP_KTN,protenix_v2/1JIP_KTN__r10s0.cif,1.7536772702663994,4
1JIP_KTN,protenix_v2/1JIP_KTN__r11s0.cif,1.7753135718039634,4
1JIP_KTN,protenix_v2/1JIP_KTN__r3s0.cif,1.8134040726188982,4
6J87_B9L,protenix_v2/6J87_B9L__r0s0.cif,1.1923904883154417,3
6J87_B9L,protenix_v2/6J87_B9L__r10s0.cif,1.1909312351906507,3
6J87_B9L,protenix_v2/6J87_B9L__r3s0.cif,1.2064405633627342,3
6J87_B9L,protenix_v2/6J87_B9L__r7s0.cif,1.1885104311472008,3
3MZS_HC9,protenix_v2/3MZS_HC9__r0s0.cif,0.19270693819613238,3
3MZS_HC9,protenix_v2/3MZS_HC9__r10s0.cif,0.21869726109997042,3
3MZS_HC9,protenix_v2/3MZS_HC9__r11s0.cif,0.2718397889173422,3
3MZS_HC9,protenix_v2/3MZS_HC9__r1s0.cif,0.18049483496260296,3
3MZS_HC9,protenix_v2/3MZS_HC9__r5s0.cif,0.1826305934296352,3
4D6Z_PK9,protenix_v2/4D6Z_PK9__r0s0.cif,0.784091977510459,3
4D6Z_PK9,protenix_v2/4D6Z_PK9__r10s0.cif,1.1639358564660915,3
4D6Z_PK9,protenix_v2/4D6Z_PK9__r3s0.cif,1.2493485567285585,3
4D6Z_PK9,protenix_v2/4D6Z_PK9__r4s0.cif,0.8145569391911942,3
4D75_PK9,protenix_v2/4D75_PK9__r0s0.cif,0.784091977510459,3
4D75_PK9,protenix_v2/4D75_PK9__r10s0.cif,1.1639358564660915,3
4D75_PK9,protenix_v2/4D75_PK9__r3s0.cif,1.2493485567285585,3
4D75_PK9,protenix_v2/4D75_PK9__r4s0.cif,0.8145569391911942,3
4G1X_TQU,protenix_v2/4G1X_TQU__r0s0.cif,2.511195983118009,4
4G1X_TQU,protenix_v2/4G1X_TQU__r11s0.cif,2.3490216154817687,4
4G1X_TQU,protenix_v2/4G1X_TQU__r3s0.cif,2.5033212246372485,4
4IPW_1G7,protenix_v2/4IPW_1G7__r0s0.cif,0.40804119143773376,4
4IPW_1G7,protenix_v2/4IPW_1G7__r10s0.cif,0.43032850638847747,4
4IPW_1G7,protenix_v2/4IPW_1G7__r3s0.cif,0.3580060731702986,4
4IPW_1G7,protenix_v2/4IPW_1G7__r5s0.cif,0.3702554825852782,4
4IQ9_1GB,protenix_v2/4IQ9_1GB__r0s0.cif,0.5971151083514484,3
4IQ9_1GB,protenix_v2/4IQ9_1GB__r10s0.cif,0.5792455630648323,3
4IQ9_1GB,protenix_v2/4IQ9_1GB__r11s0.cif,0.6323234689255717,3
4IQ9_1GB,protenix_v2/4IQ9_1GB__r3s0.cif,0.5976376407452108,3
5WP2_YTT,protenix_v2/5WP2_YTT__r0s0.cif,0.2745153336714908,4
5WP2_YTT,protenix_v2/5WP2_YTT__r10s0.cif,0.35272642035892726,4
5WP2_YTT,protenix_v2/5WP2_YTT__r2s0.cif,0.22898917711153172,4
5WP2_YTT,protenix_v2/5WP2_YTT__r3s0.cif,0.21794958508736903,4
6CSD_PN0,protenix_v2/6CSD_PN0__r0s0.cif,0.7401664571077373,3
6CSD_PN0,protenix_v2/6CSD_PN0__r10s0.cif,1.446195665016614,3
6CSD_PN0,protenix_v2/6CSD_PN0__r1s0.cif,0.9044215428296818,3
6CSD_PN0,protenix_v2/6CSD_PN0__r6s0.cif,0.831657496300274,3
6J86_B9L,protenix_v2/6J86_B9L__r0s0.cif,0.7747108648801343,4
6J86_B9L,protenix_v2/6J86_B9L__r11s0.cif,0.8111113534939336,4
6J86_B9L,protenix_v2/6J86_B9L__r2s0.cif,0.7891793525753976,4
6J88_B9O,protenix_v2/6J88_B9O__r0s0.cif,0.9731571586675503,4
6J88_B9O,protenix_v2/6J88_B9O__r11s0.cif,0.9786873178096488,4
6J88_B9O,protenix_v2/6J88_B9O__r2s0.cif,0.9425097241014222,4
6J88_B9O,protenix_v2/6J88_B9O__r6s0.cif,0.9832573991771226,4
6M7X_JD7,protenix_v2/6M7X_JD7__r0s0.cif,0.1689896081255334,3
6M7X_JD7,protenix_v2/6M7X_JD7__r10s0.cif,0.24144455498025272,3
6M7X_JD7,protenix_v2/6M7X_JD7__r2s0.cif,0.28289983222654386,3
6UPG_KEQ,protenix_v2/6UPG_KEQ__r0s0.cif,0.34229494038653774,4
6UPG_KEQ,protenix_v2/6UPG_KEQ__r10s0.cif,0.3702871000836761,4
6UPG_KEQ,protenix_v2/6UPG_KEQ__r2s0.cif,0.3788956270217589,4
6UPG_KEQ,protenix_v2/6UPG_KEQ__r3s0.cif,0.3911318016175787,4
6UPI_QFD,protenix_v2/6UPI_QFD__r0s0.cif,0.7027011152055898,4
6UPI_QFD,protenix_v2/6UPI_QFD__r11s0.cif,0.6082277844598426,4
6UPI_QFD,protenix_v2/6UPI_QFD__r3s0.cif,0.6288235263984543,4
7M8V_YSY,protenix_v2/7M8V_YSY__r0s0.cif,0.2180142142014442,3
7M8V_YSY,protenix_v2/7M8V_YSY__r10s0.cif,0.22939554923679606,3
7M8V_YSY,protenix_v2/7M8V_YSY__r3s0.cif,0.15462313055102594,3
7M8V_YSY,protenix_v2/7M8V_YSY__r6s0.cif,0.2052887164190299,3
7M8V_YSY,protenix_v2/7M8V_YSY__r7s0.cif,0.17101212610220928,3
7QWN_DQE,protenix_v2/7QWN_DQE__r0s0.cif,1.4295498159037616,4
7QWN_DQE,protenix_v2/7QWN_DQE__r11s0.cif,1.4324720896027625,4
7QWN_DQE,protenix_v2/7QWN_DQE__r3s0.cif,1.3925918991961357,4
8TDP_YTT,protenix_v2/8TDP_YTT__r0s0.cif,0.4841501976662504,4
8TDP_YTT,protenix_v2/8TDP_YTT__r11s0.cif,0.47296875382597386,4
8TDP_YTT,protenix_v2/8TDP_YTT__r3s0.cif,0.5244089593222856,4
8TDQ_YTT,protenix_v2/8TDQ_YTT__r0s0.cif,0.33751030150020966,4
8TDQ_YTT,protenix_v2/8TDQ_YTT__r10s0.cif,0.3310834556427502,4
8TDQ_YTT,protenix_v2/8TDQ_YTT__r3s0.cif,0.36844433462032,4
3EBS_N4E,protenix_v2/3EBS_N4E__r0s0.cif,0.3256925840050252,4
3EBS_N4E,protenix_v2/3EBS_N4E__r10s0.cif,0.39727923733575016,4
3EBS_N4E,protenix_v2/3EBS_N4E__r11s0.cif,0.3419717297950903,4
3N9Y_CLR,protenix_v2/3N9Y_CLR__r0s0.cif,0.23132860931309,3
3N9Y_CLR,protenix_v2/3N9Y_CLR__r10s0.cif,0.31204929316400043,3
3N9Y_CLR,protenix_v2/3N9Y_CLR__r11s0.cif,0.24298526674026466,3
3N9Y_CLR,protenix_v2/3N9Y_CLR__r1s0.cif,0.33866606813884886,3
3N9Z_HC9,protenix_v2/3N9Z_HC9__r0s0.cif,0.22843721861478583,2
3N9Z_HC9,protenix_v2/3N9Z_HC9__r11s0.cif,0.32265543795466345,2
3NA1_HCD,protenix_v2/3NA1_HCD__r0s0.cif,0.3379670221553692,2
3NA1_HCD,protenix_v2/3NA1_HCD__r10s0.cif,0.34474941406346093,2
3NA1_HCD,protenix_v2/3NA1_HCD__r11s0.cif,0.40005818111499303,2
3NA1_HCD,protenix_v2/3NA1_HCD__r1s0.cif,0.2795942919440745,2
3T3Q_9PL,protenix_v2/3T3Q_9PL__r0s0.cif,0.41895971180071445,3
3T3Q_9PL,protenix_v2/3T3Q_9PL__r11s0.cif,0.4158386416676807,3
7LYX_YHM,protenix_v2/7LYX_YHM__r0s0.cif,1.4966828449626557,2
7LYX_YHM,protenix_v2/7LYX_YHM__r11s0.cif,1.4206378778272497,2
7LYX_YHM,protenix_v2/7LYX_YHM__r3s0.cif,1.4408138498485674,2
2RCH_243,protenix_v2/2RCH_243__r0s0.cif,1.3895575897922186,3
2RCH_243,protenix_v2/2RCH_243__r10s0.cif,1.1110979679732027,3
2RCH_243,protenix_v2/2RCH_243__r2s0.cif,1.141250216193698,3
2RCL_T25,protenix_v2/2RCL_T25__r0s0.cif,1.4241129388962763,4
2RCL_T25,protenix_v2/2RCL_T25__r10s0.cif,1.2428587883279296,4
2RCL_T25,protenix_v2/2RCL_T25__r2s0.cif,1.2454148112030352,4
2RCL_T25,protenix_v2/2RCL_T25__r3s0.cif,1.2947427146499537,4
2RCL_T25,protenix_v2/2RCL_T25__r5s0.cif,1.1321162066149086,4
3DSI_T24,protenix_v2/3DSI_T24__r0s0.cif,1.1358755431884413,4
3DSI_T24,protenix_v2/3DSI_T24__r10s0.cif,1.2777477367072148,4
3DSI_T24,protenix_v2/3DSI_T24__r2s0.cif,1.1311388995523872,4
3DSI_T24,protenix_v2/3DSI_T24__r4s0.cif,1.0329710456095562,4
3DSJ_243,protenix_v2/3DSJ_243__r0s0.cif,1.2263332684551065,2
3DSJ_243,protenix_v2/3DSJ_243__r10s0.cif,1.1245975344162575,2
3DSJ_243,protenix_v2/3DSJ_243__r1s0.cif,1.1449303856862323,2
3DSJ_243,protenix_v2/3DSJ_243__r3s0.cif,1.2483061876622394,2
3DSK_T25,protenix_v2/3DSK_T25__r0s0.cif,1.2500346251008372,2
3DSK_T25,protenix_v2/3DSK_T25__r10s0.cif,1.1316011876085212,2
3DSK_T25,protenix_v2/3DSK_T25__r1s0.cif,1.0745393908690497,2
3NA0_2DC,protenix_v2/3NA0_2DC__r0s0.cif,0.3378045674818197,3
3NA0_2DC,protenix_v2/3NA0_2DC__r10s0.cif,0.22819488831031667,3
3NA0_2DC,protenix_v2/3NA0_2DC__r2s0.cif,0.35467848480352243,3
3NA0_2DC,protenix_v2/3NA0_2DC__r5s0.cif,0.27978919485286724,3
3NA0_2DC,protenix_v2/3NA0_2DC__r8s0.cif,0.3036399874016947,3
3P99_LNP,protenix_v2/3P99_LNP__r0s0.cif,0.8443783185863909,4
3P99_LNP,protenix_v2/3P99_LNP__r10s0.cif,0.8679240762779059,4
3P99_LNP,protenix_v2/3P99_LNP__r1s0.cif,0.9135164860600042,4
3P99_LNP,protenix_v2/3P99_LNP__r3s0.cif,0.904797131646936,4
5KDB_4IA,protenix_v2/5KDB_4IA__r0s0.cif,0.2802172527859005,3
5KDB_4IA,protenix_v2/5KDB_4IA__r10s0.cif,0.28972660941960443,3
5KDB_4IA,protenix_v2/5KDB_4IA__r3s0.cif,0.17504128938549693,3
5U6T_81J,protenix_v2/5U6T_81J__r0s0.cif,0.14748484208517668,3
5U6T_81J,protenix_v2/5U6T_81J__r10s0.cif,0.13845724199784956,3
5U6T_81J,protenix_v2/5U6T_81J__r3s0.cif,0.10746915798005809,3
5U6U_81M,protenix_v2/5U6U_81M__r0s0.cif,0.6491770604644679,3
5U6U_81M,protenix_v2/5U6U_81M__r10s0.cif,0.5741224569105884,3
5U6U_81M,protenix_v2/5U6U_81M__r3s0.cif,0.5821368981955414,3
5UVB_8QM,protenix_v2/5UVB_8QM__r0s0.cif,0.17471755660149732,3
5UVB_8QM,protenix_v2/5UVB_8QM__r10s0.cif,0.1140418169160552,3
5UVB_8QM,protenix_v2/5UVB_8QM__r3s0.cif,0.13259416768148577,3
5UVB_8QM,protenix_v2/5UVB_8QM__r5s0.cif,0.12036022114616714,3
5XJN_88L,protenix_v2/5XJN_88L__r0s0.cif,0.23467843743534447,3
5XJN_88L,protenix_v2/5XJN_88L__r10s0.cif,0.14733879959972,3
5XJN_88L,protenix_v2/5XJN_88L__r1s0.cif,0.11552945423890608,3
5XJN_88L,protenix_v2/5XJN_88L__r4s0.cif,0.14517432994829868,3
6C2D_EH1,protenix_v2/6C2D_EH1__r0s0.cif,0.18815075482266982,3
6C2D_EH1,protenix_v2/6C2D_EH1__r10s0.cif,0.26112446179415755,3
6C2D_EH1,protenix_v2/6C2D_EH1__r3s0.cif,0.2680265061527969,3
6C3H_EJV,protenix_v2/6C3H_EJV__r0s0.cif,0.46882850731884834,3
6C3H_EJV,protenix_v2/6C3H_EJV__r10s0.cif,0.42517155382405686,3
6C3H_EJV,protenix_v2/6C3H_EJV__r2s0.cif,0.39574685631525214,3
6C3J_EJD,protenix_v2/6C3J_EJD__r0s0.cif,0.26343229885417346,3
6C3J_EJD,protenix_v2/6C3J_EJD__r10s0.cif,0.22197958002428045,3
6C3J_EJD,protenix_v2/6C3J_EJD__r2s0.cif,0.15948385928022454,3
6VJX_QZP,protenix_v2/6VJX_QZP__r0s0.cif,0.6351366501961592,3
6VJX_QZP,protenix_v2/6VJX_QZP__r10s0.cif,0.15126341575135208,3
6VJX_QZP,protenix_v2/6VJX_QZP__r3s0.cif,0.1604968922036861,3
6VJX_QZP,protenix_v2/6VJX_QZP__r5s0.cif,0.13978419904559472,3
6VLT_LSN,protenix_v2/6VLT_LSN__r0s0.cif,1.1597326709859772,3
6VLT_LSN,protenix_v2/6VLT_LSN__r10s0.cif,1.1525049000252712,3
6VLT_LSN,protenix_v2/6VLT_LSN__r2s0.cif,3.7823867240054425,3
6VLT_LSN,protenix_v2/6VLT_LSN__r5s0.cif,1.3623245926686154,3
7CCF_FW6,protenix_v2/7CCF_FW6__r0s0.cif,0.3090484310850506,4
7CCF_FW6,protenix_v2/7CCF_FW6__r10s0.cif,0.3448132850662877,4
7CCF_FW6,protenix_v2/7CCF_FW6__r1s0.cif,0.3627425884965883,4
8E5J_HX1,protenix_v2/8E5J_HX1__r0s0.cif,0.343806092212793,3
8E5J_HX1,protenix_v2/8E5J_HX1__r10s0.cif,0.26840327610388004,3
8E5J_HX1,protenix_v2/8E5J_HX1__r3s0.cif,0.2649961150661507,3
8G35_YJE,protenix_v2/8G35_YJE__r0s0.cif,0.6278169454558555,3
8G35_YJE,protenix_v2/8G35_YJE__r10s0.cif,0.5061884068757979,3
8G35_YJE,protenix_v2/8G35_YJE__r3s0.cif,0.5770235387559433,3
8G36_UB7,protenix_v2/8G36_UB7__r0s0.cif,0.15969996942414114,3
8G36_UB7,protenix_v2/8G36_UB7__r10s0.cif,0.19876045300662915,3
8G36_UB7,protenix_v2/8G36_UB7__r1s0.cif,0.21132884267012456,3
8G36_UB7,protenix_v2/8G36_UB7__r3s0.cif,0.19558567838703614,3
8SS0_WQR,protenix_v2/8SS0_WQR__r0s0.cif,0.5558480135891714,3
8SS0_WQR,protenix_v2/8SS0_WQR__r10s0.cif,0.7684850523963312,3
8SS0_WQR,protenix_v2/8SS0_WQR__r2s0.cif,0.7909580832807249,3
8SS0_WQR,protenix_v2/8SS0_WQR__r5s0.cif,0.5600356465427013,3
9DXW_5R0,protenix_v2/9DXW_5R0__r0s0.cif,0.1832806259112544,3
9DXW_5R0,protenix_v2/9DXW_5R0__r10s0.cif,0.4260752528858019,3
9DXW_5R0,protenix_v2/9DXW_5R0__r1s0.cif,0.19495237202115803,3
9DXW_5R0,protenix_v2/9DXW_5R0__r3s0.cif,0.2660107838420781,3
9DXW_5R0,protenix_v2/9DXW_5R0__r6s0.cif,0.2221496629942594,3
9IY1_PLM,protenix_v2/9IY1_PLM__r0s0.cif,1.0029047783253306,3
9IY1_PLM,protenix_v2/9IY1_PLM__r10s0.cif,1.0811965870012397,3
9IY1_PLM,protenix_v2/9IY1_PLM__r1s0.cif,1.1179724721344282,3
9IY1_PLM,protenix_v2/9IY1_PLM__r8s0.cif,1.0400868735405857,3
9KPU_A1EGF,protenix_v2/9KPU_A1EGF__r0s0.cif,1.7215494157011595,3
9KPU_A1EGF,protenix_v2/9KPU_A1EGF__r10s0.cif,1.3208238571355337,3
9KPU_A1EGF,protenix_v2/9KPU_A1EGF__r3s0.cif,1.4101749539722708,3
3EQM_ASD,protenix_v2/3EQM_ASD__r0s0.cif,0.32663851219023765,2
3EQM_ASD,protenix_v2/3EQM_ASD__r10s0.cif,0.24622641837725756,2
3EQM_ASD,protenix_v2/3EQM_ASD__r9s0.cif,0.2529604472389199,2
3S79_ASD,protenix_v2/3S79_ASD__r0s0.cif,0.31170403345948283,2
3S79_ASD,protenix_v2/3S79_ASD__r10s0.cif,0.22826878189536282,2
3S79_ASD,protenix_v2/3S79_ASD__r6s0.cif,0.22460998672113852,2
5JKV_ASD,protenix_v2/5JKV_ASD__r0s0.cif,0.31170403345948283,2
5JKV_ASD,protenix_v2/5JKV_ASD__r10s0.cif,0.22826878189536282,2
5JKV_ASD,protenix_v2/5JKV_ASD__r6s0.cif,0.22460998672113852,2
5JL6_ASD,protenix_v2/5JL6_ASD__r0s0.cif,0.31170403345948283,2
5JL6_ASD,protenix_v2/5JL6_ASD__r10s0.cif,0.22826878189536282,2
5JL6_ASD,protenix_v2/5JL6_ASD__r6s0.cif,0.22460998672113852,2
5JL7_ASD,protenix_v2/5JL7_ASD__r0s0.cif,0.31170403345948283,2
5JL7_ASD,protenix_v2/5JL7_ASD__r10s0.cif,0.22826878189536282,2
5JL7_ASD,protenix_v2/5JL7_ASD__r6s0.cif,0.22460998672113852,2
2D0E_NQ,protenix_v2/2D0E_NQ__r0s0.cif,0.8453582447364016,2
2D0E_NQ,protenix_v2/2D0E_NQ__r10s0.cif,3.2821172367050213,2
2YOO_K2B,protenix_v2/2YOO_K2B__r0s0.cif,1.201923230532658,4
2YOO_K2B,protenix_v2/2YOO_K2B__r10s0.cif,0.604825836865849,4
2YOO_K2B,protenix_v2/2YOO_K2B__r9s0.cif,0.510199736936706,4
4I8V_BHF,protenix_v2/4I8V_BHF__r0s0.cif,0.47774719458494574,4
4I8V_BHF,protenix_v2/4I8V_BHF__r10s0.cif,0.5132410762600939,4
4I8V_BHF,protenix_v2/4I8V_BHF__r11s0.cif,0.4511194933457355,4
4I8V_BHF,protenix_v2/4I8V_BHF__r1s0.cif,0.4488743169849188,4
4TRI_C3S,protenix_v2/4TRI_C3S__r0s0.cif,1.437707965767446,4
4TRI_C3S,protenix_v2/4TRI_C3S__r10s0.cif,1.5522574955148556,4
4TRI_C3S,protenix_v2/4TRI_C3S__r9s0.cif,1.4305128257540822,4
6DWM_HJJ,protenix_v2/6DWM_HJJ__r0s0.cif,0.5089495300746923,5
6DWM_HJJ,protenix_v2/6DWM_HJJ__r10s0.cif,0.4206712737464969,5
6DWN_AQ4,protenix_v2/6DWN_AQ4__r0s0.cif,1.0550384440842038,4
6DWN_AQ4,protenix_v2/6DWN_AQ4__r10s0.cif,0.9518091458810884,4
6DWN_AQ4,protenix_v2/6DWN_AQ4__r11s0.cif,1.0933102827782466,4
6GK6_MYR,protenix_v2/6GK6_MYR__r0s0.cif,1.2684189375725794,4
6GK6_MYR,protenix_v2/6GK6_MYR__r10s0.cif,1.6765495491074858,4
6O5Y_KUV,protenix_v2/6O5Y_KUV__r0s0.cif,1.3321798350937073,4
6O5Y_KUV,protenix_v2/6O5Y_KUV__r10s0.cif,1.1592318364748722,4
6O5Y_KUV,protenix_v2/6O5Y_KUV__r2s0.cif,1.4055062367343343,4
6UDL_Q4M,protenix_v2/6UDL_Q4M__r0s0.cif,0.4453280546076147,4
6UDL_Q4M,protenix_v2/6UDL_Q4M__r10s0.cif,0.5083129228908945,4
6UDL_Q4M,protenix_v2/6UDL_Q4M__r9s0.cif,0.8774443964546498,4
6UDM_Q4P,protenix_v2/6UDM_Q4P__r0s0.cif,0.42816534110019555,4
6UDM_Q4P,protenix_v2/6UDM_Q4P__r10s0.cif,0.4901495279882644,4
6UDM_Q4P,protenix_v2/6UDM_Q4P__r3s0.cif,0.4046089336279902,4
7WYG_PAM,protenix_v2/7WYG_PAM__r0s0.cif,1.2546005723648852,2
7WYG_PAM,protenix_v2/7WYG_PAM__r10s0.cif,0.8884637464819729,2
7WYG_PAM,protenix_v2/7WYG_PAM__r1s0.cif,0.7505143537182972,2
9DX9_5R0,protenix_v2/9DX9_5R0__r0s0.cif,0.37126664599881254,2
9DX9_5R0,protenix_v2/9DX9_5R0__r10s0.cif,0.38519794293235227,2
9DX9_5R0,protenix_v2/9DX9_5R0__r11s0.cif,0.5547308686906478,2
2NNH_9CR,protenix_v2/2NNH_9CR__r0s0.cif,1.6734239523070251,6
2NNH_9CR,protenix_v2/2NNH_9CR__r10s0.cif,1.5367406764853346,6
2NNH_9CR,protenix_v2/2NNH_9CR__r1s0.cif,1.5620205310809592,6
2NNH_9CR,protenix_v2/2NNH_9CR__r3s0.cif,0.6911724777275275,6
2NNI_MTK,protenix_v2/2NNI_MTK__r0s0.cif,0.714847391830141,5
2NNI_MTK,protenix_v2/2NNI_MTK__r10s0.cif,0.7186524759873086,5
2NNI_MTK,protenix_v2/2NNI_MTK__r1s0.cif,0.7101826635001955,5
2NNJ_225,protenix_v2/2NNJ_225__r0s0.cif,1.4463719478773835,5
2NNJ_225,protenix_v2/2NNJ_225__r10s0.cif,1.4171618818127023,5
2NNJ_225,protenix_v2/2NNJ_225__r2s0.cif,1.4985811628241923,5
2NNJ_225,protenix_v2/2NNJ_225__r5s0.cif,1.428445102254885,5
3SN5_K2B,protenix_v2/3SN5_K2B__r0s0.cif,0.7226571983104265,6
3SN5_K2B,protenix_v2/3SN5_K2B__r10s0.cif,0.6835858962173961,6
3SN5_K2B,protenix_v2/3SN5_K2B__r1s0.cif,0.6854023639809861,6
3V8D_0GV,protenix_v2/3V8D_0GV__r0s0.cif,0.8495133277186789,6
3V8D_0GV,protenix_v2/3V8D_0GV__r10s0.cif,0.7487176506013373,6
3V8D_0GV,protenix_v2/3V8D_0GV__r1s0.cif,0.7099425400497296,6
4J6B_PLO,protenix_v2/4J6B_PLO__r0s0.cif,0.35706803629636125,5
4J6B_PLO,protenix_v2/4J6B_PLO__r10s0.cif,0.5719175592373824,5
4J6B_PLO,protenix_v2/4J6B_PLO__r2s0.cif,0.4832702146377866,5
4J6C_STR,protenix_v2/4J6C_STR__r0s0.cif,0.31161554386412066,5
4J6C_STR,protenix_v2/4J6C_STR__r10s0.cif,0.3794170950394854,5
4J6C_STR,protenix_v2/4J6C_STR__r1s0.cif,0.7263479210240511,5
4J6D_TES,protenix_v2/4J6D_TES__r0s0.cif,0.4341364716360303,6
4J6D_TES,protenix_v2/4J6D_TES__r10s0.cif,0.4470768781717789,6
4J6D_TES,protenix_v2/4J6D_TES__r2s0.cif,0.34077855655784933,6
4J6D_TES,protenix_v2/4J6D_TES__r3s0.cif,0.3951363196144895,6
4JBT_ASD,protenix_v2/4JBT_ASD__r0s0.cif,0.3883617663869715,5
4JBT_ASD,protenix_v2/4JBT_ASD__r10s0.cif,0.3594037893506516,5
4JBT_ASD,protenix_v2/4JBT_ASD__r1s0.cif,0.3470657417457998,5
4Y8W_STR,protenix_v2/4Y8W_STR__r0s0.cif,0.35390701370690386,5
4Y8W_STR,protenix_v2/4Y8W_STR__r10s0.cif,0.31206881251440155,5
4Y8W_STR,protenix_v2/4Y8W_STR__r2s0.cif,0.4202768055026593,5
5CWE_DAO,protenix_v2/5CWE_DAO__r0s0.cif,0.8978381290351644,6
5CWE_DAO,protenix_v2/5CWE_DAO__r10s0.cif,0.9404885403063447,6
6F88_STR,protenix_v2/6F88_STR__r0s0.cif,0.627844067041224,5
6F88_STR,protenix_v2/6F88_STR__r10s0.cif,0.6452834153724261,5
6F88_STR,protenix_v2/6F88_STR__r5s0.cif,1.1610474479617876,5
6F8C_STR,protenix_v2/6F8C_STR__r0s0.cif,1.142191786768669,6
6F8C_STR,protenix_v2/6F8C_STR__r10s0.cif,0.939245163276729,6
6F8C_STR,protenix_v2/6F8C_STR__r2s0.cif,0.9984227817164116,6
6MCW_JDJ,protenix_v2/6MCW_JDJ__r0s0.cif,2.157315001150107,5
6MCW_JDJ,protenix_v2/6MCW_JDJ__r10s0.cif,2.337959560418688,5
6MCW_JDJ,protenix_v2/6MCW_JDJ__r1s0.cif,3.631086075451497,5
6UEZ_LAN,protenix_v2/6UEZ_LAN__r0s0.cif,0.6037736656293613,6
6UEZ_LAN,protenix_v2/6UEZ_LAN__r10s0.cif,0.591647841040379,6
6UEZ_LAN,protenix_v2/6UEZ_LAN__r2s0.cif,0.6041442047796267,6
7SMZ_K2B,protenix_v2/7SMZ_K2B__r0s0.cif,0.6648333261319067,6
7SMZ_K2B,protenix_v2/7SMZ_K2B__r10s0.cif,0.7001484540027847,6
7SMZ_K2B,protenix_v2/7SMZ_K2B__r5s0.cif,0.4981814638215167,6
7SMZ_K2B,protenix_v2/7SMZ_K2B__r6s0.cif,0.6673398922803856,6
7SNM_LAN,protenix_v2/7SNM_LAN__r0s0.cif,0.7281697151399602,5
7SNM_LAN,protenix_v2/7SNM_LAN__r10s0.cif,0.8144450255567998,5
7SNM_LAN,protenix_v2/7SNM_LAN__r1s0.cif,2.571634794206463,5
7TNF_Z7Z,protenix_v2/7TNF_Z7Z__r0s0.cif,0.18985830660013908,5
7TNF_Z7Z,protenix_v2/7TNF_Z7Z__r10s0.cif,0.12264562551747968,5
7TNF_Z7Z,protenix_v2/7TNF_Z7Z__r1s0.cif,0.11248695835999822,5
7TNU_EH1,protenix_v2/7TNU_EH1__r0s0.cif,0.14178582532003495,5
7TNU_EH1,protenix_v2/7TNU_EH1__r10s0.cif,0.1904260716917757,5
7TNU_EH1,protenix_v2/7TNU_EH1__r1s0.cif,0.11147016784836924,5
7TP5_81M,protenix_v2/7TP5_81M__r0s0.cif,0.1974578925789294,6
7TP5_81M,protenix_v2/7TP5_81M__r10s0.cif,0.2610520851672461,6
7TP5_81M,protenix_v2/7TP5_81M__r2s0.cif,0.1840377926375556,6
7TP5_81M,protenix_v2/7TP5_81M__r4s0.cif,0.19490296299095608,6
7UDF_8ZU,protenix_v2/7UDF_8ZU__r0s0.cif,0.1783044295682164,5
7UDF_8ZU,protenix_v2/7UDF_8ZU__r10s0.cif,0.2337215891257836,5
7UDF_8ZU,protenix_v2/7UDF_8ZU__r2s0.cif,0.2572595142531356,5
8D1C_M4F,protenix_v2/8D1C_M4F__r0s0.cif,0.21944828372720096,6
8D1C_M4F,protenix_v2/8D1C_M4F__r10s0.cif,0.42570723439989816,6
8D1C_M4F,protenix_v2/8D1C_M4F__r1s0.cif,0.19284463919951325,6
8D1C_M4F,protenix_v2/8D1C_M4F__r2s0.cif,0.17288019733179427,6
8GDI_0GV,protenix_v2/8GDI_0GV__r0s0.cif,1.235817644944807,5
8GDI_0GV,protenix_v2/8GDI_0GV__r10s0.cif,1.2941677423666602,5
8GDI_0GV,protenix_v2/8GDI_0GV__r2s0.cif,1.1982109301797148,5
8GK3_ZWY,protenix_v2/8GK3_ZWY__r0s0.cif,2.332043426197583,6
8GK3_ZWY,protenix_v2/8GK3_ZWY__r10s0.cif,2.3228655550551056,6
8GK3_ZWY,protenix_v2/8GK3_ZWY__r2s0.cif,2.206796332734817,6
8GK3_ZWY,protenix_v2/8GK3_ZWY__r4s0.cif,2.3556876668860465,6
8TAW_PQS,protenix_v2/8TAW_PQS__r0s0.cif,0.15841609112116614,5
8TAW_PQS,protenix_v2/8TAW_PQS__r10s0.cif,0.1974439973931002,5
8TAY_EJD,protenix_v2/8TAY_EJD__r0s0.cif,0.26278924367843043,5
8TAY_EJD,protenix_v2/8TAY_EJD__r10s0.cif,0.2775844119678266,5
8TAY_EJD,protenix_v2/8TAY_EJD__r2s0.cif,0.1987151200796046,5
8TNK_IRJ,protenix_v2/8TNK_IRJ__r0s0.cif,0.18277637107388478,5
8TNK_IRJ,protenix_v2/8TNK_IRJ__r10s0.cif,0.14784284498656003,5
8TNK_IRJ,protenix_v2/8TNK_IRJ__r1s0.cif,0.1356852334881782,5
9JS9_TES,protenix_v2/9JS9_TES__r0s0.cif,0.5326108472350224,5
9JS9_TES,protenix_v2/9JS9_TES__r10s0.cif,0.4332303036578554,5
9JS9_TES,protenix_v2/9JS9_TES__r2s0.cif,0.43143395377878957,5
1JIO_DEB,protenix_v2/1JIO_DEB__r0s0.cif,1.0110162438595,6
1JIO_DEB,protenix_v2/1JIO_DEB__r10s0.cif,1.0620835824208197,6
1JIO_DEB,protenix_v2/1JIO_DEB__r1s0.cif,1.079803751114425,6
1N6B_DMZ,protenix_v2/1N6B_DMZ__r0s0.cif,2.3441842216323883,5
1N6B_DMZ,protenix_v2/1N6B_DMZ__r10s0.cif,0.8236680050397751,5
1N6B_DMZ,protenix_v2/1N6B_DMZ__r1s0.cif,1.4021209703957513,5
1NR6_DIF,protenix_v2/1NR6_DIF__r0s0.cif,1.1471796032350874,4
1NR6_DIF,protenix_v2/1NR6_DIF__r10s0.cif,1.0817470679911316,4
1NR6_DIF,protenix_v2/1NR6_DIF__r1s0.cif,1.07421895971236,4
1T93_FLV,protenix_v2/1T93_FLV__r0s0.cif,3.9540197043797845,5
1T93_FLV,protenix_v2/1T93_FLV__r10s0.cif,4.094037694418175,5
1T93_FLV,protenix_v2/1T93_FLV__r2s0.cif,3.8363955997617594,5
1Z8O_DEB,protenix_v2/1Z8O_DEB__r0s0.cif,1.019166505168989,5
1Z8O_DEB,protenix_v2/1Z8O_DEB__r10s0.cif,1.1491284766798617,5
1Z8O_DEB,protenix_v2/1Z8O_DEB__r5s0.cif,0.9757710946940332,5
1Z8P_DEB,protenix_v2/1Z8P_DEB__r0s0.cif,1.035604245370282,5
1Z8P_DEB,protenix_v2/1Z8P_DEB__r10s0.cif,1.062707495790796,5
1Z8P_DEB,protenix_v2/1Z8P_DEB__r5s0.cif,1.0281950230817123,5
1Z8Q_DEB,protenix_v2/1Z8Q_DEB__r0s0.cif,1.057977012206247,5
1Z8Q_DEB,protenix_v2/1Z8Q_DEB__r10s0.cif,1.0448338417603624,5
1Z8Q_DEB,protenix_v2/1Z8Q_DEB__r4s0.cif,1.002757941300717,5
2D09_FLV,protenix_v2/2D09_FLV__r0s0.cif,4.535097615375984,5
2D09_FLV,protenix_v2/2D09_FLV__r10s0.cif,4.351803783571098,5
2D09_FLV,protenix_v2/2D09_FLV__r2s0.cif,4.524289010449919,5
2VE3_REA,protenix_v2/2VE3_REA__r0s0.cif,0.7535128823574982,5
2VE3_REA,protenix_v2/2VE3_REA__r10s0.cif,0.5016018057245056,5
2VE3_REA,protenix_v2/2VE3_REA__r2s0.cif,0.47769874515820854,5
2X5W_K2B,protenix_v2/2X5W_K2B__r0s0.cif,0.39444667748881634,5
2X5W_K2B,protenix_v2/2X5W_K2B__r10s0.cif,0.45622918023087145,5
2X5W_K2B,protenix_v2/2X5W_K2B__r1s0.cif,0.3788792522033587,5
3WVS_RRM,protenix_v2/3WVS_RRM__r0s0.cif,1.3813451110459758,5
3WVS_RRM,protenix_v2/3WVS_RRM__r10s0.cif,1.4698370061667645,5
4GQS_0XV,protenix_v2/4GQS_0XV__r0s0.cif,1.5730300371299761,5
4GQS_0XV,protenix_v2/4GQS_0XV__r10s0.cif,1.5871765535117022,5
4GQS_0XV,protenix_v2/4GQS_0XV__r2s0.cif,1.6192590739431516,5
5GWE_GWM,protenix_v2/5GWE_GWM__r0s0.cif,0.19204689953336046,5
5GWE_GWM,protenix_v2/5GWE_GWM__r10s0.cif,0.2280584219797611,5
5GWE_GWM,protenix_v2/5GWE_GWM__r5s0.cif,0.15031501946446235,5
5XXI_LSN,protenix_v2/5XXI_LSN__r0s0.cif,3.180380148231875,5
5XXI_LSN,protenix_v2/5XXI_LSN__r10s0.cif,1.7175909541620933,5
5XXI_LSN,protenix_v2/5XXI_LSN__r2s0.cif,1.2154972464658313,5
6BLD_DXJ,protenix_v2/6BLD_DXJ__r0s0.cif,0.6482192447526612,5
6BLD_DXJ,protenix_v2/6BLD_DXJ__r10s0.cif,0.694220253917931,5
6G5Q_EMZ,protenix_v2/6G5Q_EMZ__r0s0.cif,0.3857452667716947,5
6G5Q_EMZ,protenix_v2/6G5Q_EMZ__r10s0.cif,0.45686204585249846,5
6TO2_NQ8,protenix_v2/6TO2_NQ8__r0s0.cif,0.2829008414813103,5
6TO2_NQ8,protenix_v2/6TO2_NQ8__r10s0.cif,0.40507306772297325,5
6TO2_NQ8,protenix_v2/6TO2_NQ8__r2s0.cif,0.27891644242789504,5
7CL8_TES,protenix_v2/7CL8_TES__r0s0.cif,0.7441465826180979,6
7CL8_TES,protenix_v2/7CL8_TES__r10s0.cif,0.9911591440683462,6
7CL8_TES,protenix_v2/7CL8_TES__r2s0.cif,0.8331848174098618,6
7CL9_ASD,protenix_v2/7CL9_ASD__r0s0.cif,0.949754992007913,5
7CL9_ASD,protenix_v2/7CL9_ASD__r10s0.cif,1.086864168008078,5
7CL9_ASD,protenix_v2/7CL9_ASD__r1s0.cif,1.137278283476095,5
7LAD_XRD,protenix_v2/7LAD_XRD__r0s0.cif,2.596514642720837,4
7LAD_XRD,protenix_v2/7LAD_XRD__r10s0.cif,2.6093723736803804,4
7LAD_XRD,protenix_v2/7LAD_XRD__r2s0.cif,2.997099102169827,4
7TEF_BTB,protenix_v2/7TEF_BTB__r0s0.cif,34.72127514240863,5
7TEF_BTB,protenix_v2/7TEF_BTB__r10s0.cif,27.710266303585325,5
7TEF_BTB,protenix_v2/7TEF_BTB__r2s0.cif,24.100954234496772,5
7WZM_OLA,protenix_v2/7WZM_OLA__r0s0.cif,0.8151116394016322,5
7WZM_OLA,protenix_v2/7WZM_OLA__r10s0.cif,1.1220207202179988,5
7WZM_OLA,protenix_v2/7WZM_OLA__r2s0.cif,0.7549741704678066,5
8D8P_PLM,protenix_v2/8D8P_PLM__r0s0.cif,0.91145629137333,5
8D8P_PLM,protenix_v2/8D8P_PLM__r10s0.cif,1.2356929044309424,5
8FIC_NE4,protenix_v2/8FIC_NE4__r0s0.cif,1.0390487065499427,4
8FIC_NE4,protenix_v2/8FIC_NE4__r10s0.cif,0.9787717679203256,4
8FIC_NE4,protenix_v2/8FIC_NE4__r1s0.cif,0.9832809812787193,4
8FIC_NE4,protenix_v2/8FIC_NE4__r2s0.cif,0.9639854181892547,4
8FID_NE4,protenix_v2/8FID_NE4__r0s0.cif,1.0390487065499427,4
8FID_NE4,protenix_v2/8FID_NE4__r10s0.cif,0.9787717679203256,4
8FID_NE4,protenix_v2/8FID_NE4__r1s0.cif,0.9832809812787193,4
8FID_NE4,protenix_v2/8FID_NE4__r2s0.cif,0.9639854181892547,4
8FKB_FOF,protenix_v2/8FKB_FOF__r0s0.cif,0.4694006511190043,5
8FKB_FOF,protenix_v2/8FKB_FOF__r10s0.cif,0.5536168799227117,5
8FKB_FOF,protenix_v2/8FKB_FOF__r2s0.cif,0.45954691754841337,5
8HGB_L6X,protenix_v2/8HGB_L6X__r0s0.cif,0.12424191173150143,5
8HGB_L6X,protenix_v2/8HGB_L6X__r10s0.cif,0.12831494416497585,5
8HGB_L6X,protenix_v2/8HGB_L6X__r2s0.cif,0.1186384160876871,5
9KG5_TES,protenix_v2/9KG5_TES__r0s0.cif,0.4790724062143542,4
9KG5_TES,protenix_v2/9KG5_TES__r10s0.cif,0.3478868438716546,4
9LN5_RRM,protenix_v2/9LN5_RRM__r0s0.cif,0.6614834479321693,6
9LN5_RRM,protenix_v2/9LN5_RRM__r10s0.cif,0.5999515621408175,6
9LN5_RRM,protenix_v2/9LN5_RRM__r2s0.cif,0.6172170388292887,6
2HI4_BHF,protenix_v2/2HI4_BHF__r0s0.cif,0.4900073132996566,4
2HI4_BHF,protenix_v2/2HI4_BHF__r10s0.cif,0.5280782103988929,4
3CZH_D2V,protenix_v2/3CZH_D2V__r0s0.cif,0.6666141492788239,4
3CZH_D2V,protenix_v2/3CZH_D2V__r10s0.cif,0.6718615636513923,4
3CZH_D2V,protenix_v2/3CZH_D2V__r2s0.cif,0.6465200395203772,4
3CZH_D2V,protenix_v2/3CZH_D2V__r3s0.cif,0.6835022648623832,4
3ZKP_ERB,protenix_v2/3ZKP_ERB__r0s0.cif,0.6175410940509888,4
3ZKP_ERB,protenix_v2/3ZKP_ERB__r10s0.cif,0.7136945039553386,4
4UBS_DIF,protenix_v2/4UBS_DIF__r0s0.cif,1.439668382942614,3
4UBS_DIF,protenix_v2/4UBS_DIF__r10s0.cif,1.4323795840970055,3
5X23_LSN,protenix_v2/5X23_LSN__r0s0.cif,0.7588721660691645,4
5X23_LSN,protenix_v2/5X23_LSN__r10s0.cif,0.9850272547566987,4
6FYJ_MYR,protenix_v2/6FYJ_MYR__r0s0.cif,2.184961462993659,3
6FYJ_MYR,protenix_v2/6FYJ_MYR__r10s0.cif,2.2423526900241875,3
6FYJ_MYR,protenix_v2/6FYJ_MYR__r7s0.cif,2.1702521090507916,3
7DLS_EV1,protenix_v2/7DLS_EV1__r0s0.cif,1.6291777759923882,3
7DLS_EV1,protenix_v2/7DLS_EV1__r10s0.cif,1.5729003973146722,3
7RL2_LSN,protenix_v2/7RL2_LSN__r0s0.cif,1.2615144998391823,5
7RL2_LSN,protenix_v2/7RL2_LSN__r10s0.cif,1.1798431451304068,5
8VX0_LSN,protenix_v2/8VX0_LSN__r0s0.cif,1.4498142051118232,4
8VX0_LSN,protenix_v2/8VX0_LSN__r10s0.cif,1.4918033111554796,4
8VZ7_LSN,protenix_v2/8VZ7_LSN__r0s0.cif,1.1996110749029898,4
8VZ7_LSN,protenix_v2/8VZ7_LSN__r10s0.cif,1.280951421264066,4
8VZ7_LSN,protenix_v2/8VZ7_LSN__r2s0.cif,1.1499459570448063,4
9O4D_UYM,protenix_v2/9O4D_UYM__r0s0.cif,1.0472588736971198,4
9O4D_UYM,protenix_v2/9O4D_UYM__r10s0.cif,1.1370971264483123,4
9O4D_UYM,protenix_v2/9O4D_UYM__r7s0.cif,1.0717198944651984,4
3C6G_VD3,protenix_v2/3C6G_VD3__r0s0.cif,0.6597543509582983,3
3DL9_V2H,protenix_v2/3DL9_V2H__r0s0.cif,0.5423958469819858,2
3K9V_CPS,protenix_v2/3K9V_CPS__r0s0.cif,4.617000197819348,3
3K9V_CPS,protenix_v2/3K9V_CPS__r10s0.cif,5.03233362694781,3
3OFU_ID3,protenix_v2/3OFU_ID3__r0s0.cif,0.5498336811518372,3
3OFU_ID3,protenix_v2/3OFU_ID3__r10s0.cif,0.6374300241542041,3
4H1N_CGE,protenix_v2/4H1N_CGE__r0s0.cif,0.8058908116995933,4
4H1N_CGE,protenix_v2/4H1N_CGE__r10s0.cif,0.8680689399862362,4
4H1N_CGE,protenix_v2/4H1N_CGE__r9s0.cif,1.1868166826270563,4
4ICT_1ED,protenix_v2/4ICT_1ED__r0s0.cif,0.4653838800039673,2
4ICT_1ED,protenix_v2/4ICT_1ED__r10s0.cif,0.478352425435058,2
4NZ2_2QJ,protenix_v2/4NZ2_2QJ__r0s0.cif,1.7315462003964266,3
4NZ2_2QJ,protenix_v2/4NZ2_2QJ__r10s0.cif,1.6228647122153665,3
4NZ2_2QJ,protenix_v2/4NZ2_2QJ__r9s0.cif,1.667013007891961,3
5YSW_9LF,protenix_v2/5YSW_9LF__r0s0.cif,1.316850839680602,3
5YSW_9LF,protenix_v2/5YSW_9LF__r10s0.cif,1.3386286867414265,3
5YSW_9LF,protenix_v2/5YSW_9LF__r11s0.cif,1.641174039459976,3
7JJ1_16A,protenix_v2/7JJ1_16A__r0s0.cif,0.9514441666287391,3
7QNN_E93,protenix_v2/7QNN_E93__r0s0.cif,0.5661692556126109,3
7QNN_E93,protenix_v2/7QNN_E93__r10s0.cif,0.6276947114135937,3
7QNN_E93,protenix_v2/7QNN_E93__r11s0.cif,0.5387800615562925,3
8FJO_Y7R,protenix_v2/8FJO_Y7R__r0s0.cif,0.9081582172563559,2
8FJO_Y7R,protenix_v2/8FJO_Y7R__r10s0.cif,0.6392702866014901,2
9YK4_PG4,protenix_v2/9YK4_PG4__r0s0.cif,1.3733962008561003,2
