ligand,sample,mean_rmsd_to_others,cluster_size,in_largest_cluster
5AW,pred.model_idx_0,9.089210493610203,1,True
5AW,pred.model_idx_1,9.67990176473829,1,False
5AW,pred.model_idx_2,11.421242369082483,1,False
5AW,pred.model_idx_3,8.288622263849065,1,False
5AW,pred.model_idx_4,11.136034626365454,1,False
5AW,pred.model_idx_5,11.208911614966121,1,False
5AW,pred.model_idx_6,7.967783117896831,1,False
5AW,pred.model_idx_7,10.322660180077627,1,False
5AW,pred.model_idx_8,9.147261116150398,1,False
5AW,pred.model_idx_9,8.558274931875665,1,False
08J,pred.model_idx_0,7.1464472009479385,1,True
08J,pred.model_idx_1,6.12638972289951,1,False
08J,pred.model_idx_2,8.194364490418895,1,False
08J,pred.model_idx_3,5.809798759730592,1,False
08J,pred.model_idx_4,8.01390055790163,1,False
08J,pred.model_idx_5,8.123588098581482,1,False
08J,pred.model_idx_6,5.7593204765293,1,False
08J,pred.model_idx_7,6.908787728706846,1,False
08J,pred.model_idx_8,6.533372149640211,1,False
08J,pred.model_idx_9,6.7825746180375655,1,False
08Y,pred.model_idx_0,9.751692133474185,1,True
08Y,pred.model_idx_1,12.2655123116414,1,False
08Y,pred.model_idx_2,12.508407467889507,1,False
08Y,pred.model_idx_3,9.713354359048406,1,False
08Y,pred.model_idx_4,12.065234286475663,1,False
08Y,pred.model_idx_5,13.203971185443297,1,False
08Y,pred.model_idx_6,9.084322222948439,1,False
08Y,pred.model_idx_7,12.289191143769424,1,False
08Y,pred.model_idx_8,10.552972402882332,1,False
08Y,pred.model_idx_9,9.806482411916521,1,False
1RD,pred.model_idx_0,9.226089812942046,1,True
1RD,pred.model_idx_1,9.344133635660173,1,False
1RD,pred.model_idx_2,9.797144855451416,1,False
1RD,pred.model_idx_3,7.526582595631668,1,False
1RD,pred.model_idx_4,9.351686901662072,1,False
1RD,pred.model_idx_5,9.345555032570946,1,False
1RD,pred.model_idx_6,6.969072766189879,1,False
1RD,pred.model_idx_7,8.39211237744291,1,False
1RD,pred.model_idx_8,7.50974392322188,1,False
1RD,pred.model_idx_9,8.836527291402335,1,False
2QH,pred.model_idx_0,8.379970132892305,1,True
2QH,pred.model_idx_1,7.880486740842703,1,False
2QH,pred.model_idx_2,10.906640649547981,1,False
2QH,pred.model_idx_3,8.268703788809582,1,False
2QH,pred.model_idx_4,10.057409396817853,1,False
2QH,pred.model_idx_5,10.68272185359488,1,False
2QH,pred.model_idx_6,7.74591008672455,1,False
2QH,pred.model_idx_7,9.06733830409328,1,False
2QH,pred.model_idx_8,8.482288404534733,1,False
2QH,pred.model_idx_9,7.853926333455159,1,False
80K,pred.model_idx_0,8.175499532997181,1,True
80K,pred.model_idx_1,6.850992042572622,1,False
80K,pred.model_idx_2,10.498844715407305,1,False
80K,pred.model_idx_3,7.302054891459431,1,False
80K,pred.model_idx_4,9.371845269628126,1,False
80K,pred.model_idx_5,8.95027259643724,1,False
80K,pred.model_idx_6,6.700408494972527,1,False
80K,pred.model_idx_7,8.116676865550605,1,False
80K,pred.model_idx_8,8.614530235297561,1,False
80K,pred.model_idx_9,7.27450266939534,1,False
7AW,pred.model_idx_0,8.634216360499845,1,True
7AW,pred.model_idx_1,11.299356343704353,1,False
7AW,pred.model_idx_2,11.159143822228842,1,False
7AW,pred.model_idx_3,8.674707947542506,1,False
7AW,pred.model_idx_4,10.507370378553293,1,False
7AW,pred.model_idx_5,11.87602161703539,1,False
7AW,pred.model_idx_6,8.063432003904772,1,False
7AW,pred.model_idx_7,9.64769895286518,1,False
7AW,pred.model_idx_8,9.643249750364006,1,False
7AW,pred.model_idx_9,8.568440243644545,1,False
A1A06,pred.model_idx_0,7.9845466940817165,1,True
A1A06,pred.model_idx_1,7.547733123602366,1,False
A1A06,pred.model_idx_2,9.515028800777392,1,False
A1A06,pred.model_idx_3,7.1192271173396575,1,False
A1A06,pred.model_idx_4,8.845872385196264,1,False
A1A06,pred.model_idx_5,8.529627605652173,1,False
A1A06,pred.model_idx_6,6.88619303831862,1,False
A1A06,pred.model_idx_7,8.6537223885602,1,False
A1A06,pred.model_idx_8,7.828400697813014,1,False
A1A06,pred.model_idx_9,7.08066705348892,1,False
6AW,pred.model_idx_0,8.633138724825946,1,True
6AW,pred.model_idx_1,10.745790645723643,1,False
6AW,pred.model_idx_2,11.322964560987167,1,False
6AW,pred.model_idx_3,8.648046207711387,1,False
6AW,pred.model_idx_4,10.483095896225253,1,False
6AW,pred.model_idx_5,11.680439030559048,1,False
6AW,pred.model_idx_6,8.359634958897418,1,False
6AW,pred.model_idx_7,10.90588834282973,1,False
6AW,pred.model_idx_8,9.358209787727395,1,False
6AW,pred.model_idx_9,8.863591184540045,1,False
8AW,pred.model_idx_0,8.54991668371158,1,True
8AW,pred.model_idx_1,7.572041649646991,1,False
8AW,pred.model_idx_2,10.676089132491533,1,False
8AW,pred.model_idx_3,8.108644240064915,1,False
8AW,pred.model_idx_4,9.929198317225381,1,False
8AW,pred.model_idx_5,9.663205454743705,1,False
8AW,pred.model_idx_6,7.136492068399327,1,False
8AW,pred.model_idx_7,8.398511153041104,1,False
8AW,pred.model_idx_8,8.694082687014298,1,False
8AW,pred.model_idx_9,7.709518003059874,1,False
A1A4K,pred.model_idx_0,8.267883431776859,1,True
A1A4K,pred.model_idx_1,9.015320519214578,1,False
A1A4K,pred.model_idx_2,10.577725488129515,1,False
A1A4K,pred.model_idx_3,7.969094399017067,1,False
A1A4K,pred.model_idx_4,10.355623566539833,1,False
A1A4K,pred.model_idx_5,10.489111474923787,1,False
A1A4K,pred.model_idx_6,7.865540407927252,1,False
A1A4K,pred.model_idx_7,9.760316990110148,1,False
A1A4K,pred.model_idx_8,8.891418175607898,1,False
A1A4K,pred.model_idx_9,8.601222515011456,1,False
A1A4T,pred.model_idx_0,9.033373457633237,1,True
A1A4T,pred.model_idx_1,9.82237792271826,1,False
A1A4T,pred.model_idx_2,10.90286229782963,1,False
A1A4T,pred.model_idx_3,8.423861240320665,1,False
A1A4T,pred.model_idx_4,10.974774441971796,1,False
A1A4T,pred.model_idx_5,10.978053880719132,1,False
A1A4T,pred.model_idx_6,8.399376731225251,1,False
A1A4T,pred.model_idx_7,10.272063192679603,1,False
A1A4T,pred.model_idx_8,9.403662704252707,1,False
A1A4T,pred.model_idx_9,8.91442128290368,1,False
A1A07,pred.model_idx_0,7.795010235291999,1,True
A1A07,pred.model_idx_1,6.75582965438628,1,False
A1A07,pred.model_idx_2,9.491336514352257,1,False
A1A07,pred.model_idx_3,6.96551401734431,1,False
A1A07,pred.model_idx_4,8.682200015492105,1,False
A1A07,pred.model_idx_5,8.490462584329785,1,False
A1A07,pred.model_idx_6,6.854817036406899,1,False
A1A07,pred.model_idx_7,8.412415222950601,1,False
A1A07,pred.model_idx_8,7.776464420956682,1,False
A1A07,pred.model_idx_9,6.885839539939489,1,False
A1A08,pred.model_idx_0,8.163863246570283,1,True
A1A08,pred.model_idx_1,7.444321771712749,1,False
A1A08,pred.model_idx_2,10.209199031155517,1,False
A1A08,pred.model_idx_3,7.342150053345439,1,False
A1A08,pred.model_idx_4,9.320704948464284,1,False
A1A08,pred.model_idx_5,8.967512139564686,1,False
A1A08,pred.model_idx_6,7.173128962153789,1,False
A1A08,pred.model_idx_7,8.791216027035956,1,False
A1A08,pred.model_idx_8,7.581145491594096,1,False
A1A08,pred.model_idx_9,7.405434683253485,1,False
A1A4U,pred.model_idx_0,8.216270111541862,1,True
A1A4U,pred.model_idx_1,7.427955642246388,1,False
A1A4U,pred.model_idx_2,10.201840116553987,1,False
A1A4U,pred.model_idx_3,7.881611593801381,1,False
A1A4U,pred.model_idx_4,9.461759266136125,1,False
A1A4U,pred.model_idx_5,9.360669989347988,1,False
A1A4U,pred.model_idx_6,7.404633094182543,1,False
A1A4U,pred.model_idx_7,9.332974180410845,1,False
A1A4U,pred.model_idx_8,8.133404874915747,1,False
A1A4U,pred.model_idx_9,7.567178902667812,1,False
A1APA,pred.model_idx_0,9.895952888630685,1,True
A1APA,pred.model_idx_1,11.653125090679618,1,False
A1APA,pred.model_idx_2,12.198954899606996,1,False
A1APA,pred.model_idx_3,9.137140166251967,1,False
A1APA,pred.model_idx_4,11.788042944399029,1,False
A1APA,pred.model_idx_5,12.120219038559675,1,False
A1APA,pred.model_idx_6,8.558636674675661,1,False
A1APA,pred.model_idx_7,10.859857279613266,1,False
A1APA,pred.model_idx_8,9.68973372850145,1,False
A1APA,pred.model_idx_9,9.743938034750142,1,False
A1A4V,pred.model_idx_0,8.089137699286898,1,True
A1A4V,pred.model_idx_1,8.88891283632005,1,False
A1A4V,pred.model_idx_2,10.499029628398524,1,False
A1A4V,pred.model_idx_3,7.97944611103615,1,False
A1A4V,pred.model_idx_4,10.195863334141537,1,False
A1A4V,pred.model_idx_5,10.508826737596074,1,False
A1A4V,pred.model_idx_6,7.76894098445704,1,False
A1A4V,pred.model_idx_7,9.570770471715413,1,False
A1A4V,pred.model_idx_8,8.263534184118596,1,False
A1A4V,pred.model_idx_9,8.342691904398972,1,False
A1A4S,pred.model_idx_0,7.772078408529203,1,True
A1A4S,pred.model_idx_1,8.885096642428582,1,False
A1A4S,pred.model_idx_2,11.2410314031553,1,False
A1A4S,pred.model_idx_3,8.197899831940369,1,False
A1A4S,pred.model_idx_4,10.798169461117505,1,False
A1A4S,pred.model_idx_5,10.956780086515861,1,False
A1A4S,pred.model_idx_6,7.481004679709945,1,False
A1A4S,pred.model_idx_7,9.499350906597325,1,False
A1A4S,pred.model_idx_8,8.895263800458446,1,False
A1A4S,pred.model_idx_9,8.391994541649025,1,False
A1ASP,pred.model_idx_0,7.476506067883848,1,True
A1ASP,pred.model_idx_1,6.008416337145999,1,False
A1ASP,pred.model_idx_2,8.601426661598286,1,False
A1ASP,pred.model_idx_3,6.403563379545468,1,False
A1ASP,pred.model_idx_4,7.96154447149335,1,False
A1ASP,pred.model_idx_5,7.978704720931256,1,False
A1ASP,pred.model_idx_6,6.206435501256984,1,False
A1ASP,pred.model_idx_7,7.180181187797405,1,False
A1ASP,pred.model_idx_8,7.152297648888423,1,False
A1ASP,pred.model_idx_9,6.118939124029463,1,False
A1ASO,pred.model_idx_0,7.726356812565389,1,True
A1ASO,pred.model_idx_1,7.166179904331141,1,False
A1ASO,pred.model_idx_2,9.803563513821395,1,False
A1ASO,pred.model_idx_3,7.351240455504148,1,False
A1ASO,pred.model_idx_4,9.614623109142368,1,False
A1ASO,pred.model_idx_5,9.290783913718304,1,False
A1ASO,pred.model_idx_6,6.513382628050447,1,False
A1ASO,pred.model_idx_7,8.071707725855534,1,False
A1ASO,pred.model_idx_8,7.563141028942373,1,False
A1ASO,pred.model_idx_9,7.036053642468051,1,False
A1ASQ,pred.model_idx_0,7.402934282218894,1,True
A1ASQ,pred.model_idx_1,6.252261499059347,1,False
A1ASQ,pred.model_idx_2,9.191204007554976,1,False
A1ASQ,pred.model_idx_3,6.363391700612968,1,False
A1ASQ,pred.model_idx_4,8.548392601991663,1,False
A1ASQ,pred.model_idx_5,8.412893424166045,1,False
A1ASQ,pred.model_idx_6,6.527238195524591,1,False
A1ASQ,pred.model_idx_7,7.417699199636617,1,False
A1ASQ,pred.model_idx_8,7.103250449223244,1,False
A1ASQ,pred.model_idx_9,6.7052154532067965,1,False
A1ASR,pred.model_idx_0,7.6083737294030875,1,True
A1ASR,pred.model_idx_1,6.179359259816433,1,False
A1ASR,pred.model_idx_2,8.749061087081007,1,False
A1ASR,pred.model_idx_3,6.320007602500446,1,False
A1ASR,pred.model_idx_4,8.140046954851739,1,False
A1ASR,pred.model_idx_5,8.322468732648215,1,False
A1ASR,pred.model_idx_6,6.270491169621012,1,False
A1ASR,pred.model_idx_7,7.59143471052721,1,False
A1ASR,pred.model_idx_8,7.0889488426076195,1,False
A1ASR,pred.model_idx_9,6.314522433314595,1,False
A1ASS,pred.model_idx_0,7.193472419580646,1,True
A1ASS,pred.model_idx_1,5.829165274415013,1,False
A1ASS,pred.model_idx_2,8.71067733949815,1,False
A1ASS,pred.model_idx_3,5.947254101160071,1,False
A1ASS,pred.model_idx_4,7.669852250439801,1,False
A1ASS,pred.model_idx_5,8.3117464640654,1,False
A1ASS,pred.model_idx_6,6.437940538900616,1,False
A1ASS,pred.model_idx_7,7.31849334808802,1,False
A1ASS,pred.model_idx_8,6.884088987439048,1,False
A1ASS,pred.model_idx_9,6.0731931047900005,1,False
A1AST,pred.model_idx_0,7.905576325804282,1,True
A1AST,pred.model_idx_1,6.35742990118327,1,False
A1AST,pred.model_idx_2,10.003501369160297,1,False
A1AST,pred.model_idx_3,7.433620089568628,1,False
A1AST,pred.model_idx_4,9.26496895498898,1,False
A1AST,pred.model_idx_5,8.627652064577298,1,False
A1AST,pred.model_idx_6,7.4685434473875825,1,False
A1AST,pred.model_idx_7,7.990105050113986,1,False
A1AST,pred.model_idx_8,6.898387556171616,1,False
A1AST,pred.model_idx_9,7.308506473363498,1,False
A1ASV,pred.model_idx_0,6.9828633240600135,1,True
A1ASV,pred.model_idx_1,5.776630126066879,1,False
A1ASV,pred.model_idx_2,8.528712221116482,1,False
A1ASV,pred.model_idx_3,6.166407049583184,1,False
A1ASV,pred.model_idx_4,7.55235610316795,1,False
A1ASV,pred.model_idx_5,7.715751515770218,1,False
A1ASV,pred.model_idx_6,6.1152158987330365,1,False
A1ASV,pred.model_idx_7,7.25136749413014,1,False
A1ASV,pred.model_idx_8,6.95347283903482,1,False
A1ASV,pred.model_idx_9,6.0171490062475135,1,False
A1ASU,pred.model_idx_0,7.927412026009155,1,True
A1ASU,pred.model_idx_1,7.813360011481696,1,False
A1ASU,pred.model_idx_2,10.339398723501175,1,False
A1ASU,pred.model_idx_3,7.22213031212773,1,False
A1ASU,pred.model_idx_4,9.115595748285081,1,False
A1ASU,pred.model_idx_5,8.908754465941513,1,False
A1ASU,pred.model_idx_6,6.878493610262738,1,False
A1ASU,pred.model_idx_7,8.434255040807809,1,False
A1ASU,pred.model_idx_8,7.628039947453775,1,False
A1ASU,pred.model_idx_9,7.123394984373849,1,False
CFF,pred.model_idx_0,6.546625927453895,1,True
CFF,pred.model_idx_1,5.009080019729655,1,False
CFF,pred.model_idx_2,7.533513791080389,1,False
CFF,pred.model_idx_3,5.24737797573957,1,False
CFF,pred.model_idx_4,6.528008186602649,1,False
CFF,pred.model_idx_5,6.907725081475714,1,False
CFF,pred.model_idx_6,5.642830557192996,1,False
CFF,pred.model_idx_7,5.66010044971385,1,False
CFF,pred.model_idx_8,5.645568766972916,1,False
CFF,pred.model_idx_9,5.65824819530956,1,False
A1BNX,pred.model_idx_0,7.266758668190901,1,True
A1BNX,pred.model_idx_1,6.691852613475765,1,False
A1BNX,pred.model_idx_2,9.238362489828651,1,False
A1BNX,pred.model_idx_3,6.439418977898627,1,False
A1BNX,pred.model_idx_4,8.283297164584052,1,False
A1BNX,pred.model_idx_5,8.252186272356997,1,False
A1BNX,pred.model_idx_6,6.514537148035329,1,False
A1BNX,pred.model_idx_7,7.838593161601823,1,False
A1BNX,pred.model_idx_8,6.817419823712005,1,False
A1BNX,pred.model_idx_9,6.827161310003641,1,False
A1CIW,pred.model_idx_0,7.347765881059407,1,True
A1CIW,pred.model_idx_1,7.12509939329512,1,False
A1CIW,pred.model_idx_2,9.973426004588548,1,False
A1CIW,pred.model_idx_3,7.183683325451614,1,False
A1CIW,pred.model_idx_4,8.911241170701496,1,False
A1CIW,pred.model_idx_5,9.877205667794202,1,False
A1CIW,pred.model_idx_6,6.617007014481885,1,False
A1CIW,pred.model_idx_7,8.16331110201439,1,False
A1CIW,pred.model_idx_8,7.872451270575041,1,False
A1CIW,pred.model_idx_9,7.333920230025395,1,False
CL6,pred.model_idx_0,5.871510182335683,1,True
CL6,pred.model_idx_1,4.696858136563761,1,False
CL6,pred.model_idx_2,7.080621937813613,1,False
CL6,pred.model_idx_3,4.921712207772112,1,False
CL6,pred.model_idx_4,6.195144649370583,1,False
CL6,pred.model_idx_5,6.48609884169161,1,False
CL6,pred.model_idx_6,5.030387364441147,1,False
CL6,pred.model_idx_7,5.870076370342925,1,False
CL6,pred.model_idx_8,5.259074218883584,1,False
CL6,pred.model_idx_9,4.995242866009075,1,False
D0R,pred.model_idx_0,8.043281041898759,1,True
D0R,pred.model_idx_1,8.205368757994297,1,False
D0R,pred.model_idx_2,10.007333948140378,1,False
D0R,pred.model_idx_3,7.890826855313315,1,False
D0R,pred.model_idx_4,9.380034119093454,1,False
D0R,pred.model_idx_5,9.656922433449852,1,False
D0R,pred.model_idx_6,7.1748355859553685,1,False
D0R,pred.model_idx_7,8.81737300381569,1,False
D0R,pred.model_idx_8,8.011535608555377,1,False
D0R,pred.model_idx_9,7.467777536872583,1,False
D7Y,pred.model_idx_0,6.815108785320486,1,True
D7Y,pred.model_idx_1,6.550906162345505,1,False
D7Y,pred.model_idx_2,9.751686167943921,1,False
D7Y,pred.model_idx_3,6.190747558136472,1,False
D7Y,pred.model_idx_4,8.351894192652361,1,False
D7Y,pred.model_idx_5,8.397664113288515,1,False
D7Y,pred.model_idx_6,6.026993838244028,1,False
D7Y,pred.model_idx_7,7.36506249907492,1,False
D7Y,pred.model_idx_8,6.9067828157302165,1,False
D7Y,pred.model_idx_9,6.7734269179462245,1,False
D7J,pred.model_idx_0,7.830411032872886,1,True
D7J,pred.model_idx_1,7.787788393008067,1,False
D7J,pred.model_idx_2,10.219130606703525,1,False
D7J,pred.model_idx_3,6.804952098421741,1,False
D7J,pred.model_idx_4,8.89272500050359,1,False
D7J,pred.model_idx_5,9.805007572476725,1,False
D7J,pred.model_idx_6,6.85880004906053,1,False
D7J,pred.model_idx_7,8.593964959128884,1,False
D7J,pred.model_idx_8,7.53303680095223,1,False
D7J,pred.model_idx_9,7.541277708387357,1,False
D7M,pred.model_idx_0,8.406847968899473,1,True
D7M,pred.model_idx_1,6.8745377773795004,1,False
D7M,pred.model_idx_2,10.402200972536301,1,False
D7M,pred.model_idx_3,7.243414143035169,1,False
D7M,pred.model_idx_4,9.647090241887536,1,False
D7M,pred.model_idx_5,8.789262393279444,1,False
D7M,pred.model_idx_6,6.959672513000204,1,False
D7M,pred.model_idx_7,8.234645298778862,1,False
D7M,pred.model_idx_8,8.340931184325395,1,False
D7M,pred.model_idx_9,7.494041766700996,1,False
D81,pred.model_idx_0,8.399488579087773,1,True
D81,pred.model_idx_1,7.601294776935755,1,False
D81,pred.model_idx_2,11.125341606243685,1,False
D81,pred.model_idx_3,7.795484840314982,1,False
D81,pred.model_idx_4,10.163774661319389,1,False
D81,pred.model_idx_5,9.7754339611882,1,False
D81,pred.model_idx_6,7.419231787597356,1,False
D81,pred.model_idx_7,8.935407264317202,1,False
D81,pred.model_idx_8,8.655521154346165,1,False
D81,pred.model_idx_9,8.05349039119475,1,False
DEJ,pred.model_idx_0,7.232148058231497,1,True
DEJ,pred.model_idx_1,7.909991848705068,1,False
DEJ,pred.model_idx_2,9.684499245359516,1,False
DEJ,pred.model_idx_3,6.75396810480143,1,False
DEJ,pred.model_idx_4,9.584997595592766,1,False
DEJ,pred.model_idx_5,9.514574012952885,1,False
DEJ,pred.model_idx_6,6.630290849951286,1,False
DEJ,pred.model_idx_7,7.983172011369735,1,False
DEJ,pred.model_idx_8,7.327050785028316,1,False
DEJ,pred.model_idx_9,7.193083157199417,1,False
ERY,pred.model_idx_0,7.949587731937781,1,True
ERY,pred.model_idx_1,9.179932525809287,1,False
ERY,pred.model_idx_2,10.11019909179641,1,False
ERY,pred.model_idx_3,7.9744968625358785,1,False
ERY,pred.model_idx_4,9.446945229089879,1,False
ERY,pred.model_idx_5,9.792640115625135,1,False
ERY,pred.model_idx_6,7.097308564427705,1,False
ERY,pred.model_idx_7,10.351803673389488,1,False
ERY,pred.model_idx_8,7.615835040698142,1,False
ERY,pred.model_idx_9,7.758478473882281,1,False
DEV,pred.model_idx_0,8.174218065248077,1,True
DEV,pred.model_idx_1,7.6183923515796135,1,False
DEV,pred.model_idx_2,10.411326995771109,1,False
DEV,pred.model_idx_3,7.231991951557138,1,False
DEV,pred.model_idx_4,9.172035385067975,1,False
DEV,pred.model_idx_5,9.104791904738333,1,False
DEV,pred.model_idx_6,7.2016727589144836,1,False
DEV,pred.model_idx_7,8.580244219447918,1,False
DEV,pred.model_idx_8,7.850049611289224,1,False
DEV,pred.model_idx_9,7.479995627446652,1,False
DJ1,pred.model_idx_0,7.944561413578388,1,True
DJ1,pred.model_idx_1,8.064395261186958,1,False
DJ1,pred.model_idx_2,9.993588346551958,1,False
DJ1,pred.model_idx_3,7.414184422682,1,False
DJ1,pred.model_idx_4,9.25192314794207,1,False
DJ1,pred.model_idx_5,9.40382642183959,1,False
DJ1,pred.model_idx_6,7.122022900612636,1,False
DJ1,pred.model_idx_7,8.186711785834405,1,False
DJ1,pred.model_idx_8,8.100880607523926,1,False
DJ1,pred.model_idx_9,7.656254924006303,1,False
FZV,pred.model_idx_0,7.878949705083165,1,True
FZV,pred.model_idx_1,7.087851701176556,1,False
FZV,pred.model_idx_2,10.078286679477234,1,False
FZV,pred.model_idx_3,7.2870205485161454,1,False
FZV,pred.model_idx_4,9.002998771463963,1,False
FZV,pred.model_idx_5,9.11316142796433,1,False
FZV,pred.model_idx_6,7.1746467195735715,1,False
FZV,pred.model_idx_7,9.095581973342355,1,False
FZV,pred.model_idx_8,7.814320161281554,1,False
FZV,pred.model_idx_9,7.277688127888506,1,False
G0D,pred.model_idx_0,7.8637462923176535,1,True
G0D,pred.model_idx_1,7.0590955042842305,1,False
G0D,pred.model_idx_2,9.99309153832506,1,False
G0D,pred.model_idx_3,7.193215459089686,1,False
G0D,pred.model_idx_4,9.002572001775569,1,False
G0D,pred.model_idx_5,8.705455629122143,1,False
G0D,pred.model_idx_6,7.254816012064314,1,False
G0D,pred.model_idx_7,8.621593252749113,1,False
G0D,pred.model_idx_8,7.812464250749291,1,False
G0D,pred.model_idx_9,7.8000031077366145,1,False
G0J,pred.model_idx_0,8.221237189250859,1,True
G0J,pred.model_idx_1,7.206197331930146,1,False
G0J,pred.model_idx_2,9.710637671319283,1,False
G0J,pred.model_idx_3,7.695195362535109,1,False
G0J,pred.model_idx_4,9.975527717063112,1,False
G0J,pred.model_idx_5,9.214068316472991,1,False
G0J,pred.model_idx_6,7.128039622409471,1,False
G0J,pred.model_idx_7,8.297086215835131,1,False
G0J,pred.model_idx_8,8.134742579598846,1,False
G0J,pred.model_idx_9,7.367738698663846,1,False
G0M,pred.model_idx_0,7.881609248666982,1,True
G0M,pred.model_idx_1,7.192829308576066,1,False
G0M,pred.model_idx_2,9.930749622758547,1,False
G0M,pred.model_idx_3,7.247308286934796,1,False
G0M,pred.model_idx_4,8.899476323936033,1,False
G0M,pred.model_idx_5,8.743556698936258,1,False
G0M,pred.model_idx_6,7.163243488824469,1,False
G0M,pred.model_idx_7,8.91650379720882,1,False
G0M,pred.model_idx_8,7.743938385332608,1,False
G0M,pred.model_idx_9,7.3863279850984025,1,False
G0V,pred.model_idx_0,7.819447604983673,1,True
G0V,pred.model_idx_1,7.00552108584607,1,False
G0V,pred.model_idx_2,10.069779294584372,1,False
G0V,pred.model_idx_3,7.194950304635203,1,False
G0V,pred.model_idx_4,9.048609432908732,1,False
G0V,pred.model_idx_5,9.046940611795625,1,False
G0V,pred.model_idx_6,7.143136564239482,1,False
G0V,pred.model_idx_7,8.78698287790187,1,False
G0V,pred.model_idx_8,7.725833415361643,1,False
G0V,pred.model_idx_9,7.289894815552612,1,False
G1J,pred.model_idx_0,7.8800477648440665,1,True
G1J,pred.model_idx_1,7.156417660991551,1,False
G1J,pred.model_idx_2,10.195325499534713,1,False
G1J,pred.model_idx_3,7.264943308859596,1,False
G1J,pred.model_idx_4,9.12742691704115,1,False
G1J,pred.model_idx_5,9.067093447346862,1,False
G1J,pred.model_idx_6,7.3161321034078,1,False
G1J,pred.model_idx_7,8.961457814466614,1,False
G1J,pred.model_idx_8,7.926248907994345,1,False
G1J,pred.model_idx_9,7.814319802995777,1,False
J9K,pred.model_idx_0,7.198788343371683,1,True
J9K,pred.model_idx_1,7.192790778064449,1,False
J9K,pred.model_idx_2,9.164479103413804,1,False
J9K,pred.model_idx_3,6.762211114789333,1,False
J9K,pred.model_idx_4,9.397791435181572,1,False
J9K,pred.model_idx_5,9.027116451390103,1,False
J9K,pred.model_idx_6,6.193175764768916,1,False
J9K,pred.model_idx_7,7.846850057113774,1,False
J9K,pred.model_idx_8,7.085754285776087,1,False
J9K,pred.model_idx_9,7.225359029187274,1,False
KLN,pred.model_idx_0,9.328648776571898,1,True
KLN,pred.model_idx_1,9.594230486524946,1,False
KLN,pred.model_idx_2,11.776908422748077,1,False
KLN,pred.model_idx_3,9.022103318984783,1,False
KLN,pred.model_idx_4,11.158110487120886,1,False
KLN,pred.model_idx_5,11.398847478749637,1,False
KLN,pred.model_idx_6,8.172400846426804,1,False
KLN,pred.model_idx_7,10.243694137541242,1,False
KLN,pred.model_idx_8,9.454827963919065,1,False
KLN,pred.model_idx_9,9.064281516884668,1,False
MWV,pred.model_idx_0,9.613117116111662,1,True
MWV,pred.model_idx_1,11.446209628965352,1,False
MWV,pred.model_idx_2,12.163295456384335,1,False
MWV,pred.model_idx_3,9.2017223350739,1,False
MWV,pred.model_idx_4,11.759545928657051,1,False
MWV,pred.model_idx_5,12.60252438158517,1,False
MWV,pred.model_idx_6,8.814319175709178,1,False
MWV,pred.model_idx_7,11.808633380803187,1,False
MWV,pred.model_idx_8,10.16523948174391,1,False
MWV,pred.model_idx_9,9.469256281821002,1,False
MWS,pred.model_idx_0,7.64090635092628,1,True
MWS,pred.model_idx_1,8.58755024836658,1,False
MWS,pred.model_idx_2,9.962502116944316,1,False
MWS,pred.model_idx_3,6.747280119027001,1,False
MWS,pred.model_idx_4,9.78639300950229,1,False
MWS,pred.model_idx_5,9.296112381568665,1,False
MWS,pred.model_idx_6,6.655430762500223,1,False
MWS,pred.model_idx_7,7.859055699082002,1,False
MWS,pred.model_idx_8,7.513856480464057,1,False
MWS,pred.model_idx_9,7.261072308832262,1,False
MF8,pred.model_idx_0,5.509325542549964,2,True
MF8,pred.model_idx_1,4.475389207919189,1,False
MF8,pred.model_idx_2,6.190089038151266,1,False
MF8,pred.model_idx_3,4.834080734573264,1,False
MF8,pred.model_idx_4,5.6076671767866975,1,False
MF8,pred.model_idx_5,5.745231340627685,1,False
MF8,pred.model_idx_6,5.273068139110186,1,False
MF8,pred.model_idx_7,5.2753776700026105,2,True
MF8,pred.model_idx_8,5.164285017224078,1,False
MF8,pred.model_idx_9,5.196945062717931,1,False
MWY,pred.model_idx_0,7.258350137728218,1,True
MWY,pred.model_idx_1,7.64850312554528,1,False
MWY,pred.model_idx_2,9.864250411432474,1,False
MWY,pred.model_idx_3,6.790019737717805,1,False
MWY,pred.model_idx_4,9.776542094787342,1,False
MWY,pred.model_idx_5,9.758322707715397,1,False
MWY,pred.model_idx_6,6.577348133306008,1,False
MWY,pred.model_idx_7,8.098466642776414,1,False
MWY,pred.model_idx_8,7.458292252803866,1,False
MWY,pred.model_idx_9,7.466781433355109,1,False
MYT,pred.model_idx_0,7.492586379060845,1,True
MYT,pred.model_idx_1,6.03187177955672,1,False
MYT,pred.model_idx_2,9.301223818250392,1,False
MYT,pred.model_idx_3,6.361538104647831,1,False
MYT,pred.model_idx_4,8.264113621389113,1,False
MYT,pred.model_idx_5,8.410820339103005,1,False
MYT,pred.model_idx_6,6.597269856663824,1,False
MYT,pred.model_idx_7,7.267286413231058,1,False
MYT,pred.model_idx_8,7.332874817308855,1,False
MYT,pred.model_idx_9,6.6133240799940465,1,False
NH0,pred.model_idx_0,7.999311524355786,1,True
NH0,pred.model_idx_1,6.992504648183568,1,False
NH0,pred.model_idx_2,10.345464362011121,1,False
NH0,pred.model_idx_3,7.0793954149069656,1,False
NH0,pred.model_idx_4,9.166018507056359,1,False
NH0,pred.model_idx_5,8.831160475010748,1,False
NH0,pred.model_idx_6,7.10768446271956,1,False
NH0,pred.model_idx_7,8.879063121670686,1,False
NH0,pred.model_idx_8,7.627332690576663,1,False
NH0,pred.model_idx_9,7.2847487445920835,1,False
NJ0,pred.model_idx_0,7.412348466715593,1,True
NJ0,pred.model_idx_1,7.199399920935907,1,False
NJ0,pred.model_idx_2,10.176846166619944,1,False
NJ0,pred.model_idx_3,6.998591880905581,1,False
NJ0,pred.model_idx_4,9.942452608278835,1,False
NJ0,pred.model_idx_5,9.67256734072661,1,False
NJ0,pred.model_idx_6,7.341945763249352,1,False
NJ0,pred.model_idx_7,8.651021959343193,1,False
NJ0,pred.model_idx_8,8.086252581805239,1,False
NJ0,pred.model_idx_9,7.528765451032474,1,False
NI6,pred.model_idx_0,7.86086050260345,1,True
NI6,pred.model_idx_1,7.440629433250559,1,False
NI6,pred.model_idx_2,10.428661268302259,1,False
NI6,pred.model_idx_3,7.493869768127248,1,False
NI6,pred.model_idx_4,9.292204212266167,1,False
NI6,pred.model_idx_5,9.716877784260454,1,False
NI6,pred.model_idx_6,6.953450226100873,1,False
NI6,pred.model_idx_7,8.918513828123745,1,False
NI6,pred.model_idx_8,8.033676176865235,1,False
NI6,pred.model_idx_9,7.955467412669768,1,False
NJO,pred.model_idx_0,7.823217623693907,1,True
NJO,pred.model_idx_1,8.319970045159817,1,False
NJO,pred.model_idx_2,10.63089527835763,1,False
NJO,pred.model_idx_3,8.004335501171713,1,False
NJO,pred.model_idx_4,10.292816766047425,1,False
NJO,pred.model_idx_5,10.510074843551154,1,False
NJO,pred.model_idx_6,7.764871857298244,1,False
NJO,pred.model_idx_7,9.503924413052708,1,False
NJO,pred.model_idx_8,8.75124123962779,1,False
NJO,pred.model_idx_9,7.906960766057714,1,False
NXR,pred.model_idx_0,8.114071591249411,1,True
NXR,pred.model_idx_1,9.147611358666314,1,False
NXR,pred.model_idx_2,10.909638049480387,1,False
NXR,pred.model_idx_3,8.016983845589,1,False
NXR,pred.model_idx_4,10.700477472710062,1,False
NXR,pred.model_idx_5,10.475521344106841,1,False
NXR,pred.model_idx_6,7.87075497241745,1,False
NXR,pred.model_idx_7,9.718425622683197,1,False
NXR,pred.model_idx_8,8.725333041049979,1,False
NXR,pred.model_idx_9,8.327768182037333,1,False
NYF,pred.model_idx_0,7.9839629413403355,1,True
NYF,pred.model_idx_1,7.1028532400439754,1,False
NYF,pred.model_idx_2,10.284675978643415,1,False
NYF,pred.model_idx_3,7.280767541493791,1,False
NYF,pred.model_idx_4,10.731049154425158,1,False
NYF,pred.model_idx_5,9.458691744431507,1,False
NYF,pred.model_idx_6,7.5014495932811025,1,False
NYF,pred.model_idx_7,9.701631500723916,1,False
NYF,pred.model_idx_8,8.222097755741837,1,False
NYF,pred.model_idx_9,7.271373037561899,1,False
PG0,pred.model_idx_0,8.027520184635948,2,True
PG0,pred.model_idx_1,7.396169815978591,1,False
PG0,pred.model_idx_2,9.998807654772484,1,False
PG0,pred.model_idx_3,25.229267394279915,1,False
PG0,pred.model_idx_4,8.887093931859548,1,False
PG0,pred.model_idx_5,9.210082977211435,1,False
PG0,pred.model_idx_6,8.307066680599409,1,False
PG0,pred.model_idx_7,8.35921931656821,2,True
PG0,pred.model_idx_8,8.520548986786984,1,False
PG0,pred.model_idx_9,7.857689805470149,1,False
PG4,pred.model_idx_0,7.1437451411648425,1,True
PG4,pred.model_idx_1,5.980215627557136,1,False
PG4,pred.model_idx_2,8.975346030641031,1,False
PG4,pred.model_idx_3,6.092469603148821,1,False
PG4,pred.model_idx_4,8.08382743408217,1,False
PG4,pred.model_idx_5,7.864467519750781,1,False
PG4,pred.model_idx_6,6.230825800679245,1,False
PG4,pred.model_idx_7,7.171223887050023,1,False
PG4,pred.model_idx_8,7.05606338458596,1,False
PG4,pred.model_idx_9,6.269327330372651,1,False
PK9,pred.model_idx_0,7.878169629153188,1,True
PK9,pred.model_idx_1,6.322319451521183,1,False
PK9,pred.model_idx_2,9.553513979870226,1,False
PK9,pred.model_idx_3,6.567302369910222,1,False
PK9,pred.model_idx_4,8.835257081906253,1,False
PK9,pred.model_idx_5,8.494845863888331,1,False
PK9,pred.model_idx_6,6.400175529670362,1,False
PK9,pred.model_idx_7,7.193033077027067,1,False
PK9,pred.model_idx_8,7.57565449375031,1,False
PK9,pred.model_idx_9,7.088501948654862,1,False
QDJ,pred.model_idx_0,8.452324086715173,1,True
QDJ,pred.model_idx_1,8.179183710897709,1,False
QDJ,pred.model_idx_2,10.832386687718921,1,False
QDJ,pred.model_idx_3,7.869785245600403,1,False
QDJ,pred.model_idx_4,9.441326029295187,1,False
QDJ,pred.model_idx_5,9.41761946402963,1,False
QDJ,pred.model_idx_6,7.391602268760731,1,False
QDJ,pred.model_idx_7,9.489669854904712,1,False
QDJ,pred.model_idx_8,8.409821600147724,1,False
QDJ,pred.model_idx_9,7.824292846373883,1,False
PKT,pred.model_idx_0,7.240909074304408,1,True
PKT,pred.model_idx_1,6.708336352539092,1,False
PKT,pred.model_idx_2,10.005721020123497,1,False
PKT,pred.model_idx_3,6.622816697457424,1,False
PKT,pred.model_idx_4,9.741837028701811,1,False
PKT,pred.model_idx_5,9.319770522976004,1,False
PKT,pred.model_idx_6,6.561651202643453,1,False
PKT,pred.model_idx_7,7.577689468002205,1,False
PKT,pred.model_idx_8,7.77448196438029,1,False
PKT,pred.model_idx_9,7.259198089833299,1,False
QDV,pred.model_idx_0,7.984564744498376,1,True
QDV,pred.model_idx_1,7.48613376574413,1,False
QDV,pred.model_idx_2,10.428927848051396,1,False
QDV,pred.model_idx_3,7.211249085313613,1,False
QDV,pred.model_idx_4,9.385631522161258,1,False
QDV,pred.model_idx_5,8.934595313972402,1,False
QDV,pred.model_idx_6,7.180416748060791,1,False
QDV,pred.model_idx_7,8.66761223687681,1,False
QDV,pred.model_idx_8,7.755206132166462,1,False
QDV,pred.model_idx_9,7.882438425632933,1,False
QDY,pred.model_idx_0,7.818712386494898,1,True
QDY,pred.model_idx_1,7.52028252491247,1,False
QDY,pred.model_idx_2,10.0821849660052,1,False
QDY,pred.model_idx_3,7.152652347231509,1,False
QDY,pred.model_idx_4,9.032383291339587,1,False
QDY,pred.model_idx_5,9.0982826326593,1,False
QDY,pred.model_idx_6,7.170216471876224,1,False
QDY,pred.model_idx_7,8.969130178244678,1,False
QDY,pred.model_idx_8,7.710642229488006,1,False
QDY,pred.model_idx_9,7.73165407890998,1,False
QDP,pred.model_idx_0,8.31763538096937,1,True
QDP,pred.model_idx_1,8.319806882835474,1,False
QDP,pred.model_idx_2,10.992625258959746,1,False
QDP,pred.model_idx_3,7.987950162915161,1,False
QDP,pred.model_idx_4,9.83755530708079,1,False
QDP,pred.model_idx_5,9.575091389848234,1,False
QDP,pred.model_idx_6,7.732026841729941,1,False
QDP,pred.model_idx_7,9.727854835707014,1,False
QDP,pred.model_idx_8,8.497086429155694,1,False
QDP,pred.model_idx_9,8.167351807055605,1,False
QE4,pred.model_idx_0,8.049624260908303,1,True
QE4,pred.model_idx_1,7.7479909968639555,1,False
QE4,pred.model_idx_2,10.158867436279644,1,False
QE4,pred.model_idx_3,7.291586633772921,1,False
QE4,pred.model_idx_4,9.558513228131769,1,False
QE4,pred.model_idx_5,8.891144283304772,1,False
QE4,pred.model_idx_6,7.295479211947622,1,False
QE4,pred.model_idx_7,8.814566433171017,1,False
QE4,pred.model_idx_8,7.728231246130865,1,False
QE4,pred.model_idx_9,7.881731573664443,1,False
QEA,pred.model_idx_0,8.135963900278892,1,True
QEA,pred.model_idx_1,7.827049196187051,1,False
QEA,pred.model_idx_2,10.424660824423846,1,False
QEA,pred.model_idx_3,7.3259038870548885,1,False
QEA,pred.model_idx_4,9.399937260493093,1,False
QEA,pred.model_idx_5,8.989239702241466,1,False
QEA,pred.model_idx_6,7.297711095415961,1,False
QEA,pred.model_idx_7,8.582148727209724,1,False
QEA,pred.model_idx_8,7.832965956779849,1,False
QEA,pred.model_idx_9,7.97508716821962,1,False
QES,pred.model_idx_0,8.328869409199488,1,True
QES,pred.model_idx_1,7.42187674215333,1,False
QES,pred.model_idx_2,10.490139605508988,1,False
QES,pred.model_idx_3,8.03908522709277,1,False
QES,pred.model_idx_4,9.342575223596159,1,False
QES,pred.model_idx_5,10.659845884092881,1,False
QES,pred.model_idx_6,7.818696535232359,1,False
QES,pred.model_idx_7,8.559127282810572,1,False
QES,pred.model_idx_8,8.621125163809495,1,False
QES,pred.model_idx_9,7.945890928609905,1,False
RIT,pred.model_idx_0,8.82772109188388,1,True
RIT,pred.model_idx_1,10.45143089882438,1,False
RIT,pred.model_idx_2,11.578005924571634,1,False
RIT,pred.model_idx_3,8.793898892522094,1,False
RIT,pred.model_idx_4,10.605257369550827,1,False
RIT,pred.model_idx_5,11.550613877034714,1,False
RIT,pred.model_idx_6,8.541409120244314,1,False
RIT,pred.model_idx_7,10.894298950117589,1,False
RIT,pred.model_idx_8,9.67213596055418,1,False
RIT,pred.model_idx_9,8.830437431308082,1,False
QEP,pred.model_idx_0,7.99350209612804,1,True
QEP,pred.model_idx_1,7.732359149147395,1,False
QEP,pred.model_idx_2,10.240129977699038,1,False
QEP,pred.model_idx_3,8.00292288929699,1,False
QEP,pred.model_idx_4,9.418141850517644,1,False
QEP,pred.model_idx_5,9.603773057662254,1,False
QEP,pred.model_idx_6,7.289945070189085,1,False
QEP,pred.model_idx_7,8.510719333347511,1,False
QEP,pred.model_idx_8,8.032087161895118,1,False
QEP,pred.model_idx_9,7.870202093945421,1,False
T0K,pred.model_idx_0,7.85893935235684,1,True
T0K,pred.model_idx_1,8.301521444148548,1,False
T0K,pred.model_idx_2,10.650100584706747,1,False
T0K,pred.model_idx_3,7.895379829882875,1,False
T0K,pred.model_idx_4,10.377717109360642,1,False
T0K,pred.model_idx_5,10.521341465507238,1,False
T0K,pred.model_idx_6,7.6091699930735315,1,False
T0K,pred.model_idx_7,9.507757704180156,1,False
T0K,pred.model_idx_8,8.706337096253693,1,False
T0K,pred.model_idx_9,7.680821101509512,1,False
TCI,pred.model_idx_0,8.044320237751847,1,True
TCI,pred.model_idx_1,7.383297950768309,1,False
TCI,pred.model_idx_2,10.614441121621617,1,False
TCI,pred.model_idx_3,7.703802715184397,1,False
TCI,pred.model_idx_4,9.404286039958032,1,False
TCI,pred.model_idx_5,9.001850169950325,1,False
TCI,pred.model_idx_6,7.482284439406289,1,False
TCI,pred.model_idx_7,8.448525525899809,1,False
TCI,pred.model_idx_8,8.565731254838527,1,False
TCI,pred.model_idx_9,7.465397360774467,1,False
X5Y,pred.model_idx_0,7.954196015755057,1,True
X5Y,pred.model_idx_1,7.574822560725337,1,False
X5Y,pred.model_idx_2,10.134685046047329,1,False
X5Y,pred.model_idx_3,7.4044948756496325,1,False
X5Y,pred.model_idx_4,9.245555389030082,1,False
X5Y,pred.model_idx_5,8.906525866747472,1,False
X5Y,pred.model_idx_6,7.127586236403327,1,False
X5Y,pred.model_idx_7,9.543386175147994,1,False
X5Y,pred.model_idx_8,7.816281416099157,1,False
X5Y,pred.model_idx_9,7.451193479730812,1,False
X6J,pred.model_idx_0,7.968394771087786,1,True
X6J,pred.model_idx_1,7.72449557710895,1,False
X6J,pred.model_idx_2,10.15344001951845,1,False
X6J,pred.model_idx_3,7.2890498733180085,1,False
X6J,pred.model_idx_4,9.244012000823131,1,False
X6J,pred.model_idx_5,8.818889280747202,1,False
X6J,pred.model_idx_6,7.193874328430393,1,False
X6J,pred.model_idx_7,9.341335593753277,1,False
X6J,pred.model_idx_8,7.651089816504465,1,False
X6J,pred.model_idx_9,7.8390080849812085,1,False
X6S,pred.model_idx_0,7.955630463471629,1,True
X6S,pred.model_idx_1,7.844248807801141,1,False
X6S,pred.model_idx_2,10.036207755389608,1,False
X6S,pred.model_idx_3,7.322603504341185,1,False
X6S,pred.model_idx_4,9.228570090754758,1,False
X6S,pred.model_idx_5,8.773020791890803,1,False
X6S,pred.model_idx_6,7.010609336108463,1,False
X6S,pred.model_idx_7,9.102297291404195,1,False
X6S,pred.model_idx_8,7.620377259418122,1,False
X6S,pred.model_idx_9,7.525458963490138,1,False
X6V,pred.model_idx_0,7.99017044676836,1,True
X6V,pred.model_idx_1,7.621028438779691,1,False
X6V,pred.model_idx_2,10.590107999406793,1,False
X6V,pred.model_idx_3,7.9357433272096785,1,False
X6V,pred.model_idx_4,9.482951222873044,1,False
X6V,pred.model_idx_5,9.316583770101014,1,False
X6V,pred.model_idx_6,7.341572062833565,1,False
X6V,pred.model_idx_7,9.262187758994571,1,False
X6V,pred.model_idx_8,7.966563329619845,1,False
X6V,pred.model_idx_9,7.852762040568081,1,False
X74,pred.model_idx_0,7.981987927227333,1,True
X74,pred.model_idx_1,7.964533836830643,1,False
X74,pred.model_idx_2,10.210016062962806,1,False
X74,pred.model_idx_3,7.426984832710346,1,False
X74,pred.model_idx_4,9.299327317698852,1,False
X74,pred.model_idx_5,8.837461794843728,1,False
X74,pred.model_idx_6,7.206513666635764,1,False
X74,pred.model_idx_7,9.045049935869741,1,False
X74,pred.model_idx_8,7.682001226371718,1,False
X74,pred.model_idx_9,7.856290357886341,1,False
X7D,pred.model_idx_0,7.965466916312424,1,True
X7D,pred.model_idx_1,7.863215535343386,1,False
X7D,pred.model_idx_2,10.059549558627303,1,False
X7D,pred.model_idx_3,7.204745323751926,1,False
X7D,pred.model_idx_4,9.242564547662,1,False
X7D,pred.model_idx_5,8.773603361304996,1,False
X7D,pred.model_idx_6,7.06658170046241,1,False
X7D,pred.model_idx_7,9.382545954652402,1,False
X7D,pred.model_idx_8,7.58519479259091,1,False
X7D,pred.model_idx_9,7.3852563965486455,1,False
X7M,pred.model_idx_0,7.978065318147419,1,True
X7M,pred.model_idx_1,7.409439151926264,1,False
X7M,pred.model_idx_2,10.19561672615442,1,False
X7M,pred.model_idx_3,7.461373333978287,1,False
X7M,pred.model_idx_4,9.283308506983031,1,False
X7M,pred.model_idx_5,9.087274161041261,1,False
X7M,pred.model_idx_6,7.142010163803898,1,False
X7M,pred.model_idx_7,9.593546690217552,1,False
X7M,pred.model_idx_8,7.863196596532812,1,False
X7M,pred.model_idx_9,7.458773650541597,1,False
X7J,pred.model_idx_0,7.791935884989546,1,True
X7J,pred.model_idx_1,7.05008730451864,1,False
X7J,pred.model_idx_2,10.116920820513412,1,False
X7J,pred.model_idx_3,7.393807754161669,1,False
X7J,pred.model_idx_4,9.10985068370304,1,False
X7J,pred.model_idx_5,8.971474621216357,1,False
X7J,pred.model_idx_6,7.090114846068938,1,False
X7J,pred.model_idx_7,8.937173756985837,1,False
X7J,pred.model_idx_8,7.782361094027217,1,False
X7J,pred.model_idx_9,7.364543837733422,1,False
X71,pred.model_idx_0,7.783745396114627,1,True
X71,pred.model_idx_1,7.613897949332405,1,False
X71,pred.model_idx_2,9.771619295804083,1,False
X71,pred.model_idx_3,7.077672866401059,1,False
X71,pred.model_idx_4,8.997694067776216,1,False
X71,pred.model_idx_5,8.890630700692727,1,False
X71,pred.model_idx_6,6.912541620191939,1,False
X71,pred.model_idx_7,8.862185695120026,1,False
X71,pred.model_idx_8,7.6460882147534175,1,False
X71,pred.model_idx_9,7.407904768771045,1,False
X7P,pred.model_idx_0,7.7201921857501565,1,True
X7P,pred.model_idx_1,7.179589642717482,1,False
X7P,pred.model_idx_2,9.974915705975711,1,False
X7P,pred.model_idx_3,7.320176833652598,1,False
X7P,pred.model_idx_4,9.041492971696652,1,False
X7P,pred.model_idx_5,9.01708247974326,1,False
X7P,pred.model_idx_6,7.036616962443918,1,False
X7P,pred.model_idx_7,9.158690557600002,1,False
X7P,pred.model_idx_8,7.77801717608955,1,False
X7P,pred.model_idx_9,7.312405845958712,1,False
Y83,pred.model_idx_0,8.544731314514062,1,True
Y83,pred.model_idx_1,7.364178339444649,1,False
Y83,pred.model_idx_2,10.61795040259391,1,False
Y83,pred.model_idx_3,8.084386033747514,1,False
Y83,pred.model_idx_4,9.326772401105652,1,False
Y83,pred.model_idx_5,10.328056906733877,1,False
Y83,pred.model_idx_6,7.7557009656104,1,False
Y83,pred.model_idx_7,8.51729986530757,1,False
Y83,pred.model_idx_8,8.571356504569017,1,False
Y83,pred.model_idx_9,7.978263744800616,1,False
YNV,pred.model_idx_0,7.625074339196128,1,True
YNV,pred.model_idx_1,9.012931426691013,1,False
YNV,pred.model_idx_2,10.47300763634195,1,False
YNV,pred.model_idx_3,8.193193153961627,1,False
YNV,pred.model_idx_4,9.966004820290571,1,False
YNV,pred.model_idx_5,11.553008107968408,1,False
YNV,pred.model_idx_6,7.1357033638738345,1,False
YNV,pred.model_idx_7,9.590865641053036,1,False
YNV,pred.model_idx_8,9.301127987497125,1,False
YNV,pred.model_idx_9,8.157833798865347,1,False
Z8Z,pred.model_idx_0,9.305418473771738,1,True
Z8Z,pred.model_idx_1,10.212163628726731,1,False
Z8Z,pred.model_idx_2,11.659440115860605,1,False
Z8Z,pred.model_idx_3,8.522547280786931,1,False
Z8Z,pred.model_idx_4,10.277761260123803,1,False
Z8Z,pred.model_idx_5,11.270147332846326,1,False
Z8Z,pred.model_idx_6,8.393305857303853,1,False
Z8Z,pred.model_idx_7,10.50266840883753,1,False
Z8Z,pred.model_idx_8,9.438610502854088,1,False
Z8Z,pred.model_idx_9,8.814209303106672,1,False
Z9Z,pred.model_idx_0,8.846019405747718,1,True
Z9Z,pred.model_idx_1,9.581016994891934,1,False
Z9Z,pred.model_idx_2,11.332170486922859,1,False
Z9Z,pred.model_idx_3,8.222994071382738,1,False
Z9Z,pred.model_idx_4,10.162502670091449,1,False
Z9Z,pred.model_idx_5,10.848969772802398,1,False
Z9Z,pred.model_idx_6,7.778075401329556,1,False
Z9Z,pred.model_idx_7,10.196790929431774,1,False
Z9Z,pred.model_idx_8,9.16105124035952,1,False
Z9Z,pred.model_idx_9,8.52088417326198,1,False
