ligand,poses,n_donors_no3a,n_donors_with3a,mean_fragment_atoms,oracle,random_mean,frag_cons_selected,incumbent_selected,delta_frag_minus_incumbent,within_ligand_rho,crystal_percentile_on_feature,mean_transfer_distance_A
08J,20,471,587,6.762208067940552,0.4972299168975069,0.2823407202216066,0.15789473684210512,0.4806094182825478,-0.3227146814404427,0.7747273958932765,0.35,5.024178800885338
08Y,20,471,588,6.43312101910828,0.7524937655860349,0.703818578553616,0.7016832917705733,0.7016832917705733,0.0,-0.3578947368421052,0.95,10.562335795784197
1RD,20,49,138,7.387755102040816,0.4012875536480687,0.28258226037196,0.28469241773962783,0.24463519313304752,0.040057224606580316,0.1918014426726073,0.0,6.104579868608593
2QH,20,519,643,7.35645472061657,0.8982974910394265,0.7913530465949822,0.8700716845878135,0.8324372759856621,0.03763440860215139,-0.0007521625202847346,0.15,5.129500699878774
5AW,20,136,226,6.580882352941177,0.2163934426229508,0.1884016393442622,0.18770491803278708,0.18934426229508186,-0.001639344262294784,0.3818895115049558,0.0,5.591019960449023
6AW,20,135,226,7.481481481481482,0.8025735294117647,0.7594485294117647,0.7606617647058816,0.7698529411764716,-0.009191176470589979,0.09022556390977443,0.95,5.477732966034501
7AW,20,574,698,7.177700348432055,0.7503725782414308,0.6540238450074516,0.730253353204174,0.6080476900149037,0.12220566318927029,-0.7819548872180451,0.8,5.637926529685379
80K,20,523,652,6.227533460803059,0.888623326959847,0.5433795411089866,0.5191204588910134,0.6238049713193116,-0.10468451242829813,-0.17525386722634312,0.0,4.655226119193133
8AW,20,573,700,6.977312390924957,0.7881720430107526,0.7019623655913977,0.65483870967742,0.7096774193548393,-0.05483870967741933,0.41654135338345866,0.45,4.8002878472339
A1A06,20,524,652,7.049618320610687,0.8794117647058823,0.8256372549019609,0.8544117647058816,0.8534313725490185,0.0009803921568631857,-0.504138592677518,1.0,4.546804482447167
A1A07,20,524,652,7.036259541984733,0.7791750503018109,0.6973340040241449,0.7791750503018099,0.6750503018108651,0.10412474849094477,0.02784048944637039,0.55,4.536464901006859
A1A08,20,523,652,7.040152963671128,0.9126262626262628,0.8295202020202022,0.8449494949494958,0.8797979797979794,-0.034848484848483574,0.6661654135338345,0.6,4.46742935754487
A1A4K,20,522,650,7.17816091954023,0.552906976744186,0.4385465116279069,0.45348837209302323,0.40872093023255823,0.044767441860464996,-0.3383458646616541,0.0,4.58822084146327
A1A4S,20,522,651,7.503831417624521,0.7903726708074534,0.6319875776397517,0.7023809523809514,0.7903726708074523,-0.08799171842650089,-0.6054908288292112,0.35,5.174981433270193
A1A4T,20,523,652,8.116634799235182,0.5317307692307693,0.5039423076923077,0.4846153846153846,0.4846153846153846,0.0,-0.1263157894736842,1.0,7.407697159054743
A1A4U,20,522,651,7.153256704980843,0.8936058700209644,0.7515199161425578,0.8165618448637325,0.8647798742138373,-0.048218029350104774,-0.5761564905381066,1.0,4.828729234769996
A1A4V,20,522,650,7.17816091954023,0.7448694029850746,0.5420942164179104,0.437033582089552,0.5275186567164172,-0.09048507462686517,-0.01807912810485162,0.3,4.576767222651805
A1APA,20,576,703,7.034722222222222,0.7385245901639345,0.6731762295081966,0.7385245901639339,0.6266393442622944,0.11188524590163951,-0.2031603283924326,1.0,4.919926293535778
A1ASO,20,471,594,7.556263269639066,0.8379807692307693,0.6089182692307692,0.5124999999999996,0.6206730769230765,-0.10817307692307687,-0.13383458646616542,0.0,5.09861369064659
A1ASP,20,471,589,7.477707006369426,0.8152709359605911,0.6294642857142857,0.4889162561576361,0.8152709359605909,-0.32635467980295474,0.3233082706766917,0.0,4.933882713899996
A1ASQ,20,471,589,7.261146496815287,0.7443052391799544,0.6623291571753986,0.4823462414578581,0.5973804100227794,-0.11503416856492132,0.631578947368421,0.15,4.633271804888537
A1ASR,20,471,589,7.067940552016985,0.8069620253164558,0.6812974683544304,0.743037974683545,0.743037974683545,0.0,0.4467845370491323,0.4,4.59152200715557
A1ASS,20,471,589,7.0,0.7063291139240506,0.6612974683544304,0.6892405063291137,0.5879746835443032,0.10126582278481056,-0.7654135338345864,1.0,4.029969084440017
A1ASU,20,470,593,6.885106382978724,0.7302631578947368,0.6356085526315789,0.5953947368421054,0.7302631578947375,-0.13486842105263208,0.25864661654135335,0.15,4.19624476995874
A1ASV,20,473,591,7.00845665961945,0.7365439093484418,0.5997875354107649,0.71671388101983,0.6310198300283288,0.08569405099150118,-0.9477247755587654,0.8,4.137945761255936
A1CIW,20,480,598,7.470833333333333,0.4542606516290727,0.3784147869674185,0.4179197994987473,0.32894736842105243,0.08897243107769487,0.26476120714022655,0.75,4.656008104315649
CFF,20,136,158,6.0,0.9081395348837208,0.48127906976744195,0.9081395348837218,0.47209302325581337,0.4360465116279084,-0.29917182707249534,0.95,6.377293387230706
CL6,20,489,594,7.267893660531698,0.8181818181818182,0.4912405303030303,0.8181818181818185,0.4592803030303036,0.35890151515151486,-0.2484942577097531,0.9,3.910515238847469
D0R,20,574,701,7.026132404181185,0.6679515418502203,0.3254955947136563,0.19438325991189434,0.6679515418502213,-0.473568281938327,0.1580135887496698,0.85,4.640865051289469
D7J,20,524,653,6.982824427480916,0.8802395209580838,0.7037175648702595,0.5843313373253494,0.8802395209580846,-0.2959081836327352,0.7990972916769016,0.0,5.655145428036802
D7M,20,169,257,6.272189349112426,0.8509513742071881,0.6881871035940803,0.6072938689217764,0.7764270613107834,-0.16913319238900704,0.3714285714285714,0.7,3.4699229003674184
D7Y,20,170,258,6.305882352941176,0.8548565121412803,0.7748344370860927,0.6804635761589404,0.7290286975717428,-0.04856512141280245,0.33533834586466166,0.9,3.4615746488334493
D81,20,523,652,6.977055449330784,0.7020725388601037,0.5256476683937822,0.38082901554404114,0.6666666666666664,-0.28583765112262527,0.37293233082706767,0.8,5.598353101344456
DEJ,20,524,653,6.606870229007634,0.7679533213644525,0.5856149012567325,0.43222621184919163,0.767953321364452,-0.3357271095152604,0.6075187969924812,0.35,6.8731612029734235
DEV,20,523,652,7.051625239005737,0.7699029126213592,0.6469417475728155,0.7699029126213598,0.6388349514563104,0.13106796116504937,-0.5447706583560045,1.0,4.996413355829269
DJ1,20,523,652,6.604206500956023,0.5272873194221509,0.4836677367576244,0.3796147672552162,0.4081059390048158,-0.028491171749599586,-0.04210526315789473,0.9,9.004745204347838
ERY,20,27,27,15.407407407407407,0.6721052631578948,0.6105,0.5347368421052634,0.6721052631578954,-0.13736842105263203,0.42346749892030544,0.7,7.570013919583071
FZV,20,522,638,7.024904214559387,0.7258064516129032,0.6618951612903226,0.6844758064516132,0.6486895161290321,0.03578629032258107,-0.40451127819548865,1.0,4.441743024081791
G0D,20,522,644,6.984674329501916,0.8334970530451866,0.5863457760314341,0.5461689587426333,0.5830058939096266,-0.03683693516699338,0.01504325040569469,1.0,4.4394005004530666
G0J,20,524,652,7.057251908396947,0.4839331619537275,0.45571979434447296,0.4691516709511563,0.48393316195372815,-0.014781491002571867,-0.44151939940713913,0.4,4.429109819165169
G0M,20,522,644,6.984674329501916,0.7862903225806451,0.7523521505376344,0.7473118279569898,0.7775537634408614,-0.03024193548387155,0.3303236450528812,1.0,4.438864005890843
G0V,20,522,638,7.024904214559387,0.5374365482233503,0.5001269035532996,0.4828680203045685,0.5279187817258879,-0.04505076142131942,-0.41594587371745817,0.25,4.442355283829331
G1J,20,522,644,6.984674329501916,0.872737556561086,0.8182692307692309,0.8308823529411756,0.8727375565610848,-0.04185520361990913,-0.11658519064413385,1.0,4.440766365417918
J9K,20,522,651,6.980842911877395,0.3385650224215246,0.27990470852017935,0.2780269058295965,0.2617713004484302,0.01625560538116627,-0.7115457441893588,1.0,5.296540397645414
KLN,20,491,608,7.391038696537678,0.4615384615384615,0.3801495726495726,0.3961538461538465,0.4213675213675216,-0.02521367521367507,-0.2120300751879699,0.1,4.805655794980691
MWS,20,582,705,6.8436426116838485,0.8143872113676731,0.6678285968028419,0.6793960923623452,0.735790408525754,-0.05639431616340873,0.4270676691729323,0.45,5.34654960015283
MWV,20,477,601,6.368972746331237,0.5683890577507599,0.39770136778115495,0.414893617021277,0.4076747720364747,0.007218844984802297,-0.06766917293233082,1.0,5.745980553950654
MWY,20,126,128,11.357142857142858,0.4007042253521127,0.37200704225352116,0.40070422535211236,0.35211267605633756,0.048591549295774805,-0.5500377779809935,1.0,4.922753863249506
MYT,20,151,218,6.311258278145695,0.9594972067039106,0.7404329608938547,0.6843575418994422,0.9594972067039096,-0.2751396648044674,0.5101581579632197,0.4,2.358501386168777
NH0,20,522,650,6.977011494252873,0.7754329004329004,0.7216450216450216,0.576839826839827,0.7294372294372303,-0.1525974025974033,-0.007518796992481202,0.15,4.53378158853714
NI6,20,522,650,6.969348659003831,0.7998204667863555,0.7476885098743267,0.7948833034111314,0.7365350089766599,0.05834829443447154,0.009022556390977442,0.0,4.496953601187444
NJ0,20,523,652,7.011472275334608,0.321685878962536,0.26862391930835733,0.2600864553314124,0.2449567723342941,0.015129682997118282,0.024078261142806826,0.15,4.536912857449078
NJO,20,523,651,7.047801147227533,0.7381481481481481,0.6979074074074074,0.6985185185185186,0.6829629629629628,0.015555555555555878,0.2971041955124701,0.65,4.572165127360685
NXR,20,522,650,7.078544061302682,0.9201570680628272,0.831391797556719,0.8904886561954636,0.9149214659685877,-0.02443280977312412,-0.2571428571428572,1.0,4.610167629856944
NYF,20,524,652,7.08587786259542,0.8461262553802009,0.7810616929698708,0.7360114777618355,0.8253228120516505,-0.08931133428981497,0.03008650081138938,1.0,4.667418008664524
PK9,20,258,346,6.267441860465116,0.5095663265306123,0.2971938775510204,0.4674744897959186,0.39668367346938743,0.07079081632653117,-0.512781954887218,0.0,3.932019453149202
PKT,20,522,651,6.603448275862069,0.4983031674208145,0.3070418552036199,0.3699095022624437,0.3699095022624437,0.0,-0.4781954887218045,1.0,8.232801434272094
QDJ,20,522,651,7.084291187739463,0.6410934744268078,0.5422619047619047,0.27028218694885325,0.6410934744268079,-0.3708112874779546,0.23759398496240602,0.1,4.355073617144677
QDP,20,520,649,7.098076923076923,0.7466832504145937,0.7146144278606965,0.7334162520729687,0.7288557213930341,0.00456053067993456,-0.33082706766917286,1.0,4.408672467281039
QDV,20,522,648,7.450191570881226,0.752177068214804,0.4839259796806966,0.513788098693759,0.5410014513788105,-0.02721335268505154,-0.2827067669172932,0.05,5.1220420474950155
QDY,20,522,642,7.124521072796935,0.6525157232704403,0.39235455974842764,0.6525157232704403,0.3675314465408804,0.2849842767295599,0.16240601503759397,0.85,4.538107888877276
QE4,20,522,642,7.124521072796935,0.8060064935064934,0.7093141233766235,0.5182629870129878,0.7642045454545462,-0.2459415584415584,-0.1639097744360902,0.55,4.558532276378509
QEA,20,522,648,7.450191570881226,0.5888605442176871,0.4610331632653062,0.4230442176870746,0.5276360544217693,-0.10459183673469469,-0.06766917293233082,0.05,5.1076309154402475
QEP,20,523,652,7.147227533460803,0.6098130841121495,0.5354166666666668,0.5891744548286606,0.5989096573208733,-0.009735202492212713,-0.7022556390977444,1.0,5.139231473594961
QES,20,523,651,6.741873804971319,0.7270249221183801,0.6315809968847352,0.7270249221183811,0.6487538940809968,0.07827102803738428,-0.16240601503759397,1.0,5.289651993768962
RIT,20,574,695,7.026132404181185,0.719790382244143,0.6900739827373614,0.6945129469790386,0.7145499383477183,-0.020036991368679646,0.33533834586466166,0.0,4.79939357729739
T0K,20,523,651,7.047801147227533,0.2568807339449541,0.23490061162079506,0.240061162079511,0.2308868501529049,0.009174311926606116,-0.2627024632756475,0.0,4.568430430172848
TCI,20,577,696,6.953206239168111,0.4256594724220623,0.3645083932853716,0.25419664268585146,0.3003597122302158,-0.04616306954436433,0.7830011836164085,0.0,4.982405604114772
X5Y,20,522,642,7.0344827586206895,0.8113026819923371,0.7414511494252874,0.5953065134099617,0.7528735632183915,-0.15756704980842984,0.14065439129324533,0.05,4.481748781019244
X6J,20,522,642,7.134099616858237,0.7451754385964913,0.6710087719298246,0.6548245614035084,0.5811403508771925,0.07368421052631591,-0.3805942352640757,0.9,4.60399912017972
X6S,20,522,642,7.134099616858237,0.8311638591117918,0.7100114854517612,0.7622511485451755,0.7978560490045937,-0.03560490045941822,-0.26766917293233083,0.85,4.60986246806052
X6V,20,522,648,7.467432950191571,0.492397137745975,0.4134615384615385,0.440966010733452,0.440966010733452,0.0,-0.4812030075187969,0.9,5.636201104241998
X71,20,522,651,7.038314176245211,0.8014440433212996,0.5879061371841154,0.481046931407942,0.7942238267148006,-0.3131768953068586,-0.2992481203007519,0.2,4.661497049561747
X74,20,522,642,7.134099616858237,0.7844287949921752,0.6699921752738656,0.7288732394366187,0.7523474178403758,-0.023474178403757096,-0.306766917293233,0.2,4.614406087123913
X7D,20,522,642,7.134099616858237,0.801405325443787,0.7009245562130177,0.7278106508875746,0.7747781065088758,-0.046967455621301224,-0.2556390977443609,0.95,4.600002914096203
X7J,20,522,642,7.0344827586206895,0.7407216494845361,0.7144845360824743,0.5298969072164956,0.729381443298969,-0.1994845360824734,0.431578947368421,0.1,4.476577157087595
X7M,20,522,642,7.0344827586206895,0.8415071770334928,0.8160885167464114,0.780502392344497,0.8175837320574152,-0.03708133971291816,0.6072236481951597,0.0,4.477219176261018
X7P,20,522,642,7.0344827586206895,0.5349872773536896,0.5050890585241731,0.4866412213740461,0.5349872773536898,-0.0483460559796437,-0.10324065569000467,0.9,4.480414456505885
Y83,20,523,651,6.741873804971319,0.6326955074875207,0.5856905158069883,0.5923460898502497,0.6326955074875208,-0.04034941763727107,0.35037593984962395,1.0,5.4068613246710076
YNV,20,137,148,15.883211678832117,0.6093429158110882,0.2893737166324435,0.25770020533880894,0.6093429158110885,-0.3516427104722795,0.23617903136940666,1.0,5.714552680462815
Z8Z,20,574,701,7.024390243902439,0.8010416666666667,0.6749479166666666,0.5989583333333333,0.7093750000000009,-0.1104166666666676,-0.08721804511278194,0.15,4.7919411796726
Z9Z,20,613,742,6.9820554649265905,0.7864046391752577,0.7009503865979382,0.6810567010309276,0.7055412371134017,-0.02448453608247403,-0.0015043250405694692,0.65,4.738726743569576
