ligand,pdb,arm,sample,lddt_pli,bisy_rmsd,xeng,fe_donor_dist,s_fe_donor_angle,is_coordinated,frac_proximal,renumber_offset,renumber_identity,mapped,md5,n_ref_poses
5AW,4K9U,explorer_boltz2_msa,s202_m0,0.18360655737704917,11.071314575351916,1.1958364548856806,2.172441988799701,175.06941817783297,True,0.0,0,1.0,True,174ed7f22bf7dc9b27435e190523c878,7
5AW,4K9U,explorer_boltz2_msa,s202_m1,0.1844262295081967,11.220044566897862,1.1966236551428115,2.1785955057559443,176.6605433794306,True,0.0,0,1.0,True,f65aa1afd85a095485a2ff276a558211,7
5AW,4K9U,explorer_boltz2_msa,s202_m10,0.19344262295081965,11.030323255353638,1.3610595044219198,2.1393206516321945,175.59413134457802,True,0.0,0,1.0,True,d37ad3deec243ed8ef3fd5d713070a41,7
5AW,4K9U,explorer_boltz2_msa,s202_m11,0.1844262295081967,11.05992505211875,1.216667301362698,2.1956353399870387,176.7946265071036,True,0.0,0,1.0,True,afde59e639259d4709fb9aaa4c654de5,7
5AW,4K9U,explorer_boltz2_msa,s202_m12,0.1885245901639344,11.028082364650366,1.167072255793213,2.156630023648006,176.71171627570445,True,0.0,0,1.0,True,1dddedcd51985e9b06b07ccdbc7a25f1,7
5AW,4K9U,explorer_boltz2_msa,s202_m13,0.18278688524590164,10.936252823137549,1.2463438974738164,2.1719384875958156,174.6241063165599,True,0.0,0,1.0,True,120e21d9a1e066f570025a478d86a0a6,7
5AW,4K9U,explorer_boltz2_msa,s202_m14,0.17868852459016393,11.25035649893499,1.29202537502449,2.1689445481385645,176.13522124834142,True,0.0,0,1.0,True,de0f344c7cd016ada088efb1daa40647,7
5AW,4K9U,explorer_boltz2_msa,s202_m15,0.19016393442622953,11.006277191440446,1.1147050012219248,2.183590303788694,177.7977352835144,True,0.0,0,1.0,True,909be3959be087111f11fb041af49dbc,7
5AW,4K9U,explorer_boltz2_msa,s202_m16,0.18524590163934426,11.336023173267703,1.321437541161885,2.149010972750023,175.517272528363,True,0.0,0,1.0,True,1c4b60d24d7c28ef1ed5cde242d26d1a,7
5AW,4K9U,explorer_boltz2_msa,s202_m17,0.1860655737704918,10.879608197812559,1.235746483259472,2.1508268095083807,175.4598208408634,True,0.0,0,1.0,True,b414f69570c8a8bd28b48b9f04cd92f3,7
5AW,4K9U,explorer_boltz2_msa,s202_m18,0.18770491803278688,11.08078796352728,1.2493741448967248,2.135064584643753,174.0030112521101,True,0.0,0,1.0,True,007a1ff632d3d893beac48b9e219547a,7
5AW,4K9U,explorer_boltz2_msa,s202_m19,0.1885245901639344,11.313148890395022,1.0654807751566981,2.1501874685478013,176.61798346042934,True,0.0,0,1.0,True,8722bb4bdd3d6d0306deb320ee5cec28,7
5AW,4K9U,explorer_boltz2_msa,s202_m2,0.18442622950819673,11.12918798371413,1.2238155269418611,2.117440791946731,175.4544218033696,True,0.0,0,1.0,True,ac8044fa8239f265543736c97458922d,7
5AW,4K9U,explorer_boltz2_msa,s202_m3,0.1885245901639344,11.195987354137047,1.236273863658082,2.1525227269183476,176.37507433821312,True,0.0,0,1.0,True,b9064f33a6df76d2f599fb2fa6cf7184,7
5AW,4K9U,explorer_boltz2_msa,s202_m4,0.18934426229508194,11.213777797606697,1.0037653681306808,2.1742326093129964,177.551759654451,True,0.0,0,1.0,True,dc689fce90dd2a21bd498303ed6b58b1,7
5AW,4K9U,explorer_boltz2_msa,s202_m5,0.18114754098360655,11.24816205027354,1.21138190997781,2.195543252272658,176.60093258541397,True,0.0,0,1.0,True,daa9405a60f8ab71b552378fe09c7dd5,7
5AW,4K9U,explorer_boltz2_msa,s202_m6,0.1860655737704918,10.897737071354717,1.2023395515771338,2.1802338695424397,177.24574891539228,True,0.0,0,1.0,True,b0193dba1fc1d3250492d88066d3ba72,7
5AW,4K9U,explorer_boltz2_msa,s202_m7,0.18688524590163935,11.088559312488798,1.3370282004256322,2.1501601490121613,175.32291058553506,True,0.0,0,1.0,True,3ba836a3dd128ec9388cc21599dae5e3,7
5AW,4K9U,explorer_boltz2_msa,s202_m8,0.1918032786885246,11.01346774714225,1.1660361187624173,2.1710084414852004,176.025674945818,True,0.0,0,1.0,True,065c9aa8e1e96b9de208ed86847b36fc,7
5AW,4K9U,explorer_boltz2_msa,s202_m9,0.17950819672131146,11.064576270924222,1.2020805376717605,2.1766009434207274,176.0631445693201,True,0.0,0,1.0,True,43e8a69de1e4d2db415767cad2bf9250,7
8AW,4K9X,explorer_boltz2_msa,s202_m0,0.7225806451612903,1.6100739560879336,0.7811301303029993,2.17290424052695,173.24586100684402,True,0.0,0,1.0,True,dff5a2ac20354390476e8244ad7fc70a,7
8AW,4K9X,explorer_boltz2_msa,s202_m1,0.6967741935483871,1.7940670510273427,0.9134409116708369,2.156924067856817,173.55368930530403,True,0.0,0,1.0,True,61750d3f76552c3d689e17c272e71f20,7
8AW,4K9X,explorer_boltz2_msa,s202_m10,0.6161290322580646,2.8116776700304826,1.0506026086334688,2.1836567595892906,173.2882863412137,True,0.0,0,1.0,True,b00d13f9d76ff499a66f6495c1f2debb,7
8AW,4K9X,explorer_boltz2_msa,s202_m11,0.8193548387096774,1.3818089271806377,0.7514878610264676,2.1621644694379754,172.99348614600743,True,0.0,0,1.0,True,5d79e74eb64caf73039e21ccb635c91c,7
8AW,4K9X,explorer_boltz2_msa,s202_m12,0.7827956989247311,1.6270627537431286,0.6912171838787949,2.1437305444948067,173.73011267505925,True,0.0,0,1.0,True,58ab2a544d24902634c79ccffae4705f,7
8AW,4K9X,explorer_boltz2_msa,s202_m13,0.7553763440860215,1.6835084320509721,0.7662161698078768,2.120295626109718,172.82333116260185,True,0.0,0,1.0,True,2f97f5633f33a2e157e43cbe6d90939d,7
8AW,4K9X,explorer_boltz2_msa,s202_m14,0.7741935483870968,1.5470564111889091,0.7327794558027343,2.165632931616067,173.72248999175383,True,0.0,0,1.0,True,7c6adea939f902ee05a7ff33909d40d2,7
8AW,4K9X,explorer_boltz2_msa,s202_m15,0.7494623655913978,1.9833860803951446,0.7786876083292761,2.145799766543934,173.28097674037886,True,0.0,0,1.0,True,fff08d73098d0a8a53b2986751051ba4,7
8AW,4K9X,explorer_boltz2_msa,s202_m16,0.7241935483870968,2.065400274168697,0.8179059110706837,2.1440108920665493,173.02048176180907,True,0.0,0,1.0,True,04f5fd7d6b54486dfb4f655e285a1c6d,7
8AW,4K9X,explorer_boltz2_msa,s202_m17,0.7349462365591397,2.146861099912093,0.8869021947576223,2.1862106121323257,173.49862210744325,True,0.0,0,1.0,True,44f3a05dc5febcaaf1be8c06dd80d00d,7
8AW,4K9X,explorer_boltz2_msa,s202_m18,0.7505376344086022,1.8481695604736508,0.7817145445600059,2.1298505311406246,172.9186211419118,True,0.0,0,1.0,True,2e115fd1537a1f21d33b9a2e7e08ee72,7
8AW,4K9X,explorer_boltz2_msa,s202_m19,0.3779569892473118,5.18121450728387,1.1331564830667669,2.1787012311007676,170.7376799136026,True,0.0,0,1.0,True,0a5058b4e66a43ee9ca8782dc7e8ddf7,7
8AW,4K9X,explorer_boltz2_msa,s202_m2,0.7360215053763441,1.5228216533264518,0.7856906568258512,2.1600927156027354,174.27282224145335,True,0.0,0,1.0,True,534f613a6a18f636c429f4ce7b35c7f5,7
8AW,4K9X,explorer_boltz2_msa,s202_m3,0.7188172043010752,1.6141770604074424,0.7223236430450888,2.1826828077849516,172.4367639983599,True,0.0,0,1.0,True,3b8a212959457d3056833f01af5e7697,7
8AW,4K9X,explorer_boltz2_msa,s202_m4,0.6994623655913978,1.893984856793434,0.7587719463096319,2.1852319246478165,172.94967325160772,True,0.0,0,1.0,True,f0012e308d3f209ad81fb77e76510e53,7
8AW,4K9X,explorer_boltz2_msa,s202_m5,0.6618279569892473,2.078245892807431,0.8019805218192572,2.1630272358202056,173.13429683826075,True,0.0,0,1.0,True,dc1f506f1f2fc8d462891c6b89282da1,7
8AW,4K9X,explorer_boltz2_msa,s202_m6,0.7322580645161291,1.619473906099479,0.7915181248103907,2.1344955769689475,172.9589990239049,True,0.0,0,1.0,True,aaa48508c3f716f32c64d2ce641304af,7
8AW,4K9X,explorer_boltz2_msa,s202_m7,0.7521505376344085,1.6083963633750318,0.7700306055883592,2.146217055215991,173.58278066094698,True,0.0,0,1.0,True,2f93cec691436c4e4dcfee3fe6dbef93,7
8AW,4K9X,explorer_boltz2_msa,s202_m8,0.5876344086021505,2.926816098880363,1.189824937026602,2.108037704620105,173.28267628948984,True,0.0,0,1.0,True,445ea0ff0eed46c74677620e063917fa,7
8AW,4K9X,explorer_boltz2_msa,s202_m9,0.40053763440860213,4.961355216997132,1.3311125586108985,2.16826511305698,172.5664174191821,True,0.0,0,1.0,True,00ef3693d015dcf9e1c0d5eb6cb7d1e2,7
A1A4K,9COX,explorer_boltz2_msa,s202_m0,0.4040697674418604,7.333910776228207,0.951968300711752,2.2281297711533767,172.28866376227296,True,0.0,0,1.0,True,1ad4505d56dae9d51f9dbf06675f3326,7
A1A4K,9COX,explorer_boltz2_msa,s202_m1,0.3784883720930232,6.9627231214552125,1.0288246190416064,2.213251098316682,172.06553549956922,True,0.0,0,1.0,True,34be8d9980eca0703b8d243cfa719f22,7
A1A4K,9COX,explorer_boltz2_msa,s202_m10,0.41162790697674423,7.11099624289031,0.8887716499381745,2.2446524379511406,172.73326965748007,True,0.0,0,1.0,True,3680717326ff3c527b604a2bc9243ade,7
A1A4K,9COX,explorer_boltz2_msa,s202_m11,0.4098837209302325,7.0293900077676525,0.8674015265374758,2.254232356723681,172.68526882945162,True,0.0,0,1.0,True,6ca56d11f8f0f90e8be1c5edf8bc6b0d,7
A1A4K,9COX,explorer_boltz2_msa,s202_m12,0.4069767441860465,7.3752545692123155,0.9741960901498662,2.195580892110332,174.150617793042,True,0.0,0,1.0,True,f17b7aa4e9e896b9e5a41790691b2ae9,7
A1A4K,9COX,explorer_boltz2_msa,s202_m13,0.4098837209302325,7.174617246387515,0.8394190837628106,2.209324449260452,172.5392695775503,True,0.0,0,1.0,True,f3bbeadd5f4c9d613c83525c1b14f6c3,7
A1A4K,9COX,explorer_boltz2_msa,s202_m14,0.40988372093023256,7.1901053202890495,0.8649258279671022,2.2036178960518544,172.74852475561352,True,0.0,0,1.0,True,587d87db6777379c3c53483f18a67035,7
A1A4K,9COX,explorer_boltz2_msa,s202_m15,0.4156976744186047,6.902186414036143,0.9126587742296831,2.235150873006115,172.94737900292097,True,0.0,0,1.0,True,9b126e0fbb5eae5b44ddd0d1e730952d,7
A1A4K,9COX,explorer_boltz2_msa,s202_m16,0.42267441860465116,7.277921544204937,0.9386879264088913,2.211775388664048,171.2009591273126,True,0.0,0,1.0,True,6b99465f7a7772d715fe0566c9baec8d,7
A1A4K,9COX,explorer_boltz2_msa,s202_m17,0.3976744186046512,7.421421596021729,1.0856112832702025,2.186597356076331,173.51395777677192,True,0.0,0,1.0,True,5db59d3996484b7ffe2508c7b234b7e1,7
A1A4K,9COX,explorer_boltz2_msa,s202_m18,0.43081395348837215,6.879548883905401,1.0221524322466047,2.2141008255497314,173.41810107882398,True,0.0,0,1.0,True,45f61a2fd5744a68b0fd4bb8c0ad4df6,7
A1A4K,9COX,explorer_boltz2_msa,s202_m19,0.4354651162790698,6.980925145186954,1.2123398282864488,2.2044495849304426,173.11029084914782,True,0.0,0,1.0,True,f9b0573f48892202ee185b3b65818c10,7
A1A4K,9COX,explorer_boltz2_msa,s202_m2,0.4046511627906977,7.139389242723964,0.8821384762264778,2.216095609354434,172.3620259628416,True,0.0,0,1.0,True,c79c92777715ccc6630a4913e9ec1061,7
A1A4K,9COX,explorer_boltz2_msa,s202_m3,0.4255813953488372,6.654018711451625,0.91121007863687,2.1999447395105176,173.16206845384548,True,0.0,0,1.0,True,33eeeea7caad7afcbb843e316744eba0,7
A1A4K,9COX,explorer_boltz2_msa,s202_m4,0.4087209302325582,7.133492169128061,0.9432595630750543,2.219512070005478,172.20311785818592,True,0.0,0,1.0,True,8ec398f5ad513e1210d8d559a856281d,7
A1A4K,9COX,explorer_boltz2_msa,s202_m5,0.41686046511627906,7.277953369192167,0.9988232875765135,2.2188937087882334,173.57128893660607,True,0.0,0,1.0,True,f1c52b5c9be93be915dc654394dc1b06,7
A1A4K,9COX,explorer_boltz2_msa,s202_m6,0.42325581395348844,7.046163253928312,0.8941539342279319,2.212006481590866,173.40626784512835,True,0.0,0,1.0,True,4402d0eff3a134669ec765ae291eef96,7
A1A4K,9COX,explorer_boltz2_msa,s202_m7,0.4011627906976744,7.165098015075082,0.8230227547035194,2.243321969758242,173.99453286340892,True,0.0,0,1.0,True,cd71218d4e2932ac6e483121818f0c0a,7
A1A4K,9COX,explorer_boltz2_msa,s202_m8,0.4453488372093023,6.584549178459639,0.9730057755615638,2.1822202437425973,172.89856896200806,True,0.0,0,1.0,True,ce1e0c948660f6fc25b1a681344b53d0,7
A1A4K,9COX,explorer_boltz2_msa,s202_m9,0.41918604651162794,7.220495741455758,0.8581327129782876,2.2249045815495103,172.18997788251156,True,0.0,0,1.0,True,835163c6ab9a33573c85ac01666aeebf,7
A1A4V,9COW,explorer_boltz2_msa,s202_m0,0.5433768656716418,5.302534510009701,1.0771677448458714,2.22613861978539,172.65216995429506,True,0.0,0,1.0,True,14c51ae47d539924430400be04ada086,7
A1A4V,9COW,explorer_boltz2_msa,s202_m1,0.5578358208955224,5.342632419232038,1.053032215704158,2.2218475555942176,173.70097144739086,True,0.0,0,1.0,True,7a866000e9ba0113b0b50fa9db1783af,7
A1A4V,9COW,explorer_boltz2_msa,s202_m10,0.5083955223880596,5.249033408799158,1.1603936490140307,2.2352443815386276,174.46978976913914,True,0.0,0,1.0,True,1102e9a2679580cbc3cd1bf744f9a1b3,7
A1A4V,9COW,explorer_boltz2_msa,s202_m11,0.7611940298507462,1.6357558961466288,1.1644924609230716,2.2423218477506746,173.737006048467,True,0.0,0,1.0,True,61cdd8daa04540a25f4b07a435e5a294,7
A1A4V,9COW,explorer_boltz2_msa,s202_m12,0.527518656716418,5.344922467328559,1.2637431610021541,2.2338483498438295,174.7710529534195,True,0.0,0,1.0,True,c88b49229277679e294d73da02e6d915,7
A1A4V,9COW,explorer_boltz2_msa,s202_m13,0.5261194029850746,5.308840223037639,1.023587582338791,2.2063004107781876,172.27719657497738,True,0.0,0,1.0,True,767f3485ee08dfc7f2bdf4de9a1d527a,7
A1A4V,9COW,explorer_boltz2_msa,s202_m14,0.6809701492537313,2.080862709258717,1.2971227516274528,2.223225085455811,173.3156818937467,True,0.0,0,1.0,True,aec2ecda3dc740a9ddd3f8a4c5d0cdb6,7
A1A4V,9COW,explorer_boltz2_msa,s202_m15,0.552705223880597,4.273119458469602,1.4825194233857313,2.2203431650310277,174.70549361040025,True,0.0,0,1.0,True,b8a337bf9eba1b7e7dc7b94c649eb2db,7
A1A4V,9COW,explorer_boltz2_msa,s202_m16,0.5471082089552239,4.963391982822959,1.6442547742712645,2.230515803239242,175.47381083286066,True,0.0,0,1.0,True,027a9b12e749e35821514510cd8775be,7
A1A4V,9COW,explorer_boltz2_msa,s202_m17,0.8087686567164178,1.3439322168598933,0.8815738247225374,2.185236642608759,171.0726288027448,True,0.0,0,1.0,True,da11e527fb410990928f2bc51acfb22b,7
A1A4V,9COW,explorer_boltz2_msa,s202_m18,0.6142723880597015,2.6110667336940603,1.231506233034213,2.2519000463830534,173.7050502269088,True,0.0,0,1.0,True,6e042e351478ff74e071a702fea93b15,7
A1A4V,9COW,explorer_boltz2_msa,s202_m19,0.5200559701492538,5.189333796442721,1.2424948163524323,2.197044510859987,174.09082573341888,True,0.0,0,1.0,True,d693db6c109ad547cf6bcbf973a5cf5e,7
A1A4V,9COW,explorer_boltz2_msa,s202_m2,0.5433768656716418,5.105299923355935,1.0572467465445332,2.2614516744781437,173.26265179205708,True,0.0,0,1.0,True,dfbc88a680d8d42704a3513ebb864ec6,7
A1A4V,9COW,explorer_boltz2_msa,s202_m3,0.5419776119402985,5.300838465364616,1.1110309389096629,2.2054646809459455,172.09726882219672,True,0.0,0,1.0,True,cd93137f43fa6c1753ae17df025d77a7,7
A1A4V,9COW,explorer_boltz2_msa,s202_m4,0.5480410447761194,5.262217433556117,1.0674550652432668,2.2369054105616533,174.20298569595758,True,0.0,0,1.0,True,dda76bbdc11ca7e0a1628b419b456866,7
A1A4V,9COW,explorer_boltz2_msa,s202_m5,0.5438432835820896,4.842603286893792,1.1365325465287905,2.2229082127249433,172.3496140409868,True,0.0,0,1.0,True,29cde0810a3ae0ce9a627b3990717d7e,7
A1A4V,9COW,explorer_boltz2_msa,s202_m6,0.5368470149253731,5.171638254631793,1.2019705729430885,2.257355619901303,172.84676573213088,True,0.0,0,1.0,True,65f7dbfa702fc1365efea67110f68c80,7
A1A4V,9COW,explorer_boltz2_msa,s202_m7,0.7238805970149254,2.027043295138883,1.166292520256692,2.2702035582299667,174.84948246981682,True,0.0,0,1.0,True,a785c605be01dacd3cd91a175bb84058,7
A1A4V,9COW,explorer_boltz2_msa,s202_m8,0.5251865671641791,5.097951485411949,1.08250753252359,2.2494351540775743,173.13659790971013,True,0.0,0,1.0,True,8199778747a2b07a18e22c506fb9d395,7
A1A4V,9COW,explorer_boltz2_msa,s202_m9,0.7159514925373135,1.8008402769223486,1.0746040531775856,2.260383979283166,173.40995312603152,True,0.0,0,1.0,True,44645699b841e2c2af0226c237bf5c83,7
A1ASQ,9BVA,explorer_boltz2_msa,s202_m0,0.6810933940774487,2.8520979657188543,1.1013767033232718,2.2307531130988023,172.5470085895756,True,0.0,0,1.0,True,43d416042fb8cc04a8d91f05d839857b,7
A1ASQ,9BVA,explorer_boltz2_msa,s202_m1,0.48519362186788156,3.6253126259142543,1.4541206258297936,2.310210560230387,167.5208499439492,True,0.0,0,1.0,True,fe704009a24232455a1dfec181c4916c,7
A1ASQ,9BVA,explorer_boltz2_msa,s202_m10,0.6845102505694761,2.7918503973338846,1.1052439286746696,2.2431462080524307,173.88216568586208,True,0.0,0,1.0,True,a24e6825d006ddc20878d0a15eda5af3,7
A1ASQ,9BVA,explorer_boltz2_msa,s202_m11,0.7329157175398634,2.2639528139363776,1.2207594954360037,2.290755203049859,173.59673084837587,True,0.0,0,1.0,True,4be00b80c25cfc3fcf3817145e767bb4,7
A1ASQ,9BVA,explorer_boltz2_msa,s202_m12,0.8154897494305239,1.5194542436745966,0.9824129735669879,2.2483078917488144,173.1009934341211,True,0.0,0,1.0,True,671c10f04c46064a2290d0fe0cfc4542,7
A1ASQ,9BVA,explorer_boltz2_msa,s202_m13,0.7534168564920274,1.9096575642561733,1.122108179791431,2.2394700950001543,175.1174519935641,True,0.0,0,1.0,True,9aaff09f3471fd4ab9035005e8e7abb4,7
A1ASQ,9BVA,explorer_boltz2_msa,s202_m14,0.6007972665148064,2.91767981813282,1.257901466831738,2.2992586120312786,172.43959551204898,True,0.0,0,1.0,True,45e59d6714e61bc326d9d431739c08fd,7
A1ASQ,9BVA,explorer_boltz2_msa,s202_m15,0.6252847380410023,2.6852998444403755,1.2456732102417714,2.2661925869396007,169.72714121401373,True,0.0,0,1.0,True,4aa4873cd5903de66da9f58557b4cd47,7
A1ASQ,9BVA,explorer_boltz2_msa,s202_m16,0.6839407744874715,2.7444275653696537,1.172124359571644,2.289000759152342,176.9550403736586,True,0.0,0,1.0,True,b2afe1858f73e823201550ef012dd83b,7
A1ASQ,9BVA,explorer_boltz2_msa,s202_m17,0.6617312072892938,2.7343976905914853,1.2506758821158523,2.2560169070510088,175.51352922115342,True,0.0,0,1.0,True,04320d657d65713ac5e6ddd8928ff864,7
A1ASQ,9BVA,explorer_boltz2_msa,s202_m18,0.6947608200455581,2.2726369929101775,1.2840033809732536,2.257025460334907,173.5023193923674,True,0.0,0,1.0,True,cc67c833b84107f238b07ca3d9d43777,7
A1ASQ,9BVA,explorer_boltz2_msa,s202_m19,0.719248291571754,2.5988345148639738,1.1321832180290907,2.2443366282712582,172.91155764331972,True,0.0,0,1.0,True,e028c3186c82803013c60b09836ba346,7
A1ASQ,9BVA,explorer_boltz2_msa,s202_m2,0.6890660592255125,2.5435743182942825,1.2860769782782449,2.3034708699265116,173.3666254103489,True,0.0,0,1.0,True,a3d3e0768de6606458d93f939d7e97f4,7
A1ASQ,9BVA,explorer_boltz2_msa,s202_m3,0.4772209567198178,3.6851561164349302,1.4745425458788144,2.2991104700296594,169.0137669426633,True,0.0,0,1.0,True,f9285dc168fbc341a1a9b3972054aceb,7
A1ASQ,9BVA,explorer_boltz2_msa,s202_m4,0.5916856492027335,2.91407927233676,1.2735744974781429,2.2623692956942283,172.64288448272563,True,0.0,0,1.0,True,4bcab5084b007482b7e0b3399c70a856,7
A1ASQ,9BVA,explorer_boltz2_msa,s202_m5,0.5859908883826879,2.996342803383102,1.3844630616117937,2.318907853904506,172.51629618170534,True,0.0,0,1.0,True,781e4869c4b5374d2464d8da0579250c,7
A1ASQ,9BVA,explorer_boltz2_msa,s202_m6,0.6520501138952164,3.055311830991278,1.1066501707442733,2.2762057339792463,173.80149215564794,True,0.0,0,1.0,True,a3a76c678b63821ea6c0d2d8049468f5,7
A1ASQ,9BVA,explorer_boltz2_msa,s202_m7,0.715261958997722,2.1600620214073927,1.151103679370318,2.2670174510356116,172.64333147796498,True,0.0,0,1.0,True,a75aada88eea407d1a4e906fd3d81852,7
A1ASQ,9BVA,explorer_boltz2_msa,s202_m8,0.703872437357631,2.247998115084548,1.1659226924933195,2.3071069639052286,171.8810638822222,True,0.0,0,1.0,True,cead5280360619591b178a31f9cedc72,7
A1ASQ,9BVA,explorer_boltz2_msa,s202_m9,0.6964692482915718,2.7911649472807634,1.157213289913184,2.2311474237261866,174.75053277539536,True,0.0,0,1.0,True,ff7631c73f0167696a7b799341e905e5,7
A1ASU,9BV6,explorer_boltz2_msa,s202_m0,0.612390350877193,3.6168446252359483,1.6101936528640481,2.1424863711585194,174.4880497579387,True,0.0,0,1.0,True,af4a3002455e43e403ad9122aaac1e7c,7
A1ASU,9BV6,explorer_boltz2_msa,s202_m1,0.5789473684210527,3.4471439209995403,1.6127732194899755,2.2492274273181008,176.28499457503173,True,0.0,0,1.0,True,7fa4390f233deb9ecf6f6015a1914a18,7
A1ASU,9BV6,explorer_boltz2_msa,s202_m10,0.5745614035087719,2.9892777371947705,1.251189174951787,2.1682510689262897,173.56722710117495,True,0.0,0,1.0,True,86c59174be0b6434ceb8a707d951a7aa,7
A1ASU,9BV6,explorer_boltz2_msa,s202_m11,0.6392543859649124,2.9976153479628347,1.244634809513839,2.112250690661504,173.52121257397422,True,0.0,0,1.0,True,a1d83181027e7e9d6c72fc3fc31b45b2,7
A1ASU,9BV6,explorer_boltz2_msa,s202_m12,0.637609649122807,2.999513282156802,1.3482031646410715,2.2122026957085104,176.29531972211652,True,0.0,0,1.0,True,7845c8b38d78d605fc2a0a5e5dd509e7,7
A1ASU,9BV6,explorer_boltz2_msa,s202_m13,0.6326754385964912,3.2060299963197387,1.4841800987935099,2.2555439051811876,173.1566998482318,True,0.0,0,1.0,True,a4a4febcb747845240580e2d889bb5f6,7
A1ASU,9BV6,explorer_boltz2_msa,s202_m14,0.6091008771929824,3.0570056914474213,1.4478588370989682,2.298560361226131,177.62581827316265,True,0.0,0,1.0,True,f64a107af9571a99679218af878ceeb6,7
A1ASU,9BV6,explorer_boltz2_msa,s202_m15,0.7176535087719298,2.2210412188289004,1.142244353497043,2.1947018657439554,175.96042771508527,True,0.0,0,1.0,True,ccab2ef98408137e9cc20e0f4bdcd644,7
A1ASU,9BV6,explorer_boltz2_msa,s202_m16,0.5844298245614035,3.2760973354519836,1.509524799293393,2.2191255768207445,176.73902405892306,True,0.0,0,1.0,True,7f17d3b6bc9e48d017e44ae3ecb64e3d,7
A1ASU,9BV6,explorer_boltz2_msa,s202_m17,0.6288377192982456,2.8317900869702615,1.377932153282018,2.2116166734314513,175.98001870046247,True,0.0,0,1.0,True,68a2aa7652d3d5a7e2c20d970c01cf94,7
A1ASU,9BV6,explorer_boltz2_msa,s202_m18,0.6140350877192982,2.8616448690322236,1.202119853453509,2.2161226267966314,175.71871922532137,True,0.0,0,1.0,True,4329bb338b0f1d3c3d153011aac69722,7
A1ASU,9BV6,explorer_boltz2_msa,s202_m19,0.643640350877193,2.9694205097946544,1.4222553101257078,2.1539570168877558,172.32625337580873,True,0.0,0,1.0,True,4c7871be2c6792e15da99ba7d68d1a40,7
A1ASU,9BV6,explorer_boltz2_msa,s202_m2,0.6091008771929824,3.46595054704838,1.5760564377310973,2.2126344656766066,172.3834008318917,True,0.0,0,1.0,True,4209b0d30bec60d27ad79008af20f33f,7
A1ASU,9BV6,explorer_boltz2_msa,s202_m3,0.5932017543859649,3.4847458869400247,1.4664554721337184,2.2496449881259046,175.79312230288312,True,0.0,0,1.0,True,24e24ef17ee96c6303205a8e3f76f5cc,7
A1ASU,9BV6,explorer_boltz2_msa,s202_m4,0.6019736842105263,3.0877184994179414,1.403195609956567,2.163068176225613,176.73414942441212,True,0.0,0,1.0,True,60d477ad4422aaa334a3a802b2ead18c,7
A1ASU,9BV6,explorer_boltz2_msa,s202_m5,0.5877192982456141,3.807198346546493,1.7100123143599357,2.2508005198373313,172.92398329870568,True,0.0,0,1.0,True,49d0dc3a7abff5b358a658858d712b24,7
A1ASU,9BV6,explorer_boltz2_msa,s202_m6,0.5942982456140351,3.5609299503153675,1.5964822279894229,2.1928456425612812,173.8607666569434,True,0.0,0,1.0,True,dffbec4919f691386b8a65a439d27d84,7
A1ASU,9BV6,explorer_boltz2_msa,s202_m7,0.625,2.851988362701823,1.3871807260726121,2.1549038310328377,174.30497135190203,True,0.0,0,1.0,True,d86744759edfc98dcc5d79060c0e3e82,7
A1ASU,9BV6,explorer_boltz2_msa,s202_m8,0.650219298245614,3.1305020843843714,1.3170536069173335,2.197072604034742,174.53430395644722,True,0.0,0,1.0,True,5b3d4c8759019d099ca90fbcdf071976,7
A1ASU,9BV6,explorer_boltz2_msa,s202_m9,0.5794956140350878,4.065061430472502,1.7663624110964022,2.2448806073152308,174.10778509289,True,0.0,0,1.0,True,5250cf8f0a72c30cee4615479529ef29,7
D7J,6BD7,explorer_boltz2_msa,s202_m0,0.6511976047904192,2.8065221924474755,1.2478669306901082,2.2149075392440207,173.68500483955222,True,0.0,0,1.0,True,fb6c90560fc27c5168de2dbd81ce2068,7
D7J,6BD7,explorer_boltz2_msa,s202_m1,0.6996007984031936,2.363751867056035,1.1835606185873988,2.186969700956097,173.88756852597876,True,0.0,0,1.0,True,c2148768cfa0f8647f9fb83a64638c67,7
D7J,6BD7,explorer_boltz2_msa,s202_m10,0.6956087824351297,2.702180213647351,1.2759108086240938,2.215019295152979,173.58535267191414,True,0.0,0,1.0,True,c84112642982fcb1b8c9e97db7edf42e,7
D7J,6BD7,explorer_boltz2_msa,s202_m11,0.62624750499002,3.065352979087512,1.3167064719431292,2.1737449454110296,173.3653247876162,True,0.0,0,1.0,True,108305ee2b16b25d1ebf6f7f9195b151,7
D7J,6BD7,explorer_boltz2_msa,s202_m12,0.7230538922155689,2.484914382674125,1.2570097849174922,2.2041747284868323,173.29344491075992,True,0.0,0,1.0,True,52d63ec322668c81bddce6da744add1f,7
D7J,6BD7,explorer_boltz2_msa,s202_m13,0.6901197604790419,2.698414102971644,1.3342021445199976,2.1952188653981635,173.70866955394428,True,0.0,0,1.0,True,0984994c9c0e6358359d54b1b58969d6,7
D7J,6BD7,explorer_boltz2_msa,s202_m14,0.6991017964071856,2.715017700724274,1.3076572609905226,2.2275176827580965,172.92727398891688,True,0.0,0,1.0,True,837c8add299c6a57136edd7c42ff6ba8,7
D7J,6BD7,explorer_boltz2_msa,s202_m15,0.6452095808383234,3.149765580080702,1.3341282005077395,2.2571882628837145,174.8076974710413,True,0.0,0,1.0,True,a9b043d9c468215ecd9031e513c53400,7
D7J,6BD7,explorer_boltz2_msa,s202_m16,0.7714570858283434,2.02790687211273,1.2563613138523568,2.168265700392828,174.0468470305497,True,0.0,0,1.0,True,4b7e7437edfac53a2b3681816065d36c,7
D7J,6BD7,explorer_boltz2_msa,s202_m17,0.7115768463073853,2.239503246787563,1.2450267451965513,2.1918480360417325,174.45366017795513,True,0.0,0,1.0,True,8dc763d05d20453b96ded5700ab4f345,7
D7J,6BD7,explorer_boltz2_msa,s202_m18,0.7090818363273452,2.603302112887379,1.3270609280731958,2.187546113753948,176.05360072170717,True,0.0,0,1.0,True,8b9b1c8849a0e33f32101f08f0f8e849,7
D7J,6BD7,explorer_boltz2_msa,s202_m19,0.7300399201596807,1.801685965653185,1.124196234138417,2.244186347810716,176.14878383940658,True,0.0,0,1.0,True,7b41419a16321b7c0373e039a4fca1d7,7
D7J,6BD7,explorer_boltz2_msa,s202_m2,0.6666666666666666,3.1314635823772603,1.3145816848138665,2.1806085190377478,174.02427876187542,True,0.0,0,1.0,True,36378c022e1e608ee8024c50b2b8d650,7
D7J,6BD7,explorer_boltz2_msa,s202_m3,0.6771457085828343,2.889432571434698,1.2907378411644737,2.223687165632792,175.92753587070922,True,0.0,0,1.0,True,1da5217220766e0e4d74b14a743e8cc7,7
D7J,6BD7,explorer_boltz2_msa,s202_m4,0.5763473053892215,3.3582722307939226,1.275019187767876,2.1880589378259447,173.56672522774366,True,0.0,0,1.0,True,7cbd9aefa4cdc742851e11be17af9c2c,7
D7J,6BD7,explorer_boltz2_msa,s202_m5,0.719061876247505,2.446924859864174,1.2564988540792317,2.209601103593135,175.20474757897085,True,0.0,0,1.0,True,2d5d263ff457f269dd112e5a656af665,7
D7J,6BD7,explorer_boltz2_msa,s202_m6,0.8842315369261476,0.9680746562647157,1.1792158428819388,2.210786998876192,175.1531658317137,True,0.0,0,1.0,True,1f2db07fab93c78e93db275f55fcece9,7
D7J,6BD7,explorer_boltz2_msa,s202_m7,0.6751497005988024,3.0821614600510796,1.4261424689828799,2.1987632659065413,174.25981462037242,True,0.0,0,1.0,True,dfe6998b444befcd2386eac706de66a3,7
D7J,6BD7,explorer_boltz2_msa,s202_m8,0.8293413173652695,1.2265695748514884,1.130412553657767,2.2141895171371395,174.51741921324816,True,0.0,0,1.0,True,44d39825c25cb9748943ebafc02dfd50,7
D7J,6BD7,explorer_boltz2_msa,s202_m9,0.6541916167664671,2.97508097697428,1.3287037454269384,2.163733498261743,173.51383035600642,True,0.0,0,1.0,True,11d9e45d005c510adaede6aab0e13d03,7
DEJ,6BDI,explorer_boltz2_msa,s202_m0,0.5659784560143626,3.707286761331874,1.491590070770272,2.229864358699874,175.0412809281136,True,0.0,0,1.0,True,934cb20c0058996e64df4ca3b2e6c67e,7
DEJ,6BDI,explorer_boltz2_msa,s202_m1,0.6162477558348294,4.0180485164517625,1.5465745294753153,2.25083093481052,175.3671377633862,True,0.0,0,1.0,True,3de69a90293bff211b04eedc81e5ebbf,7
DEJ,6BDI,explorer_boltz2_msa,s202_m10,0.5421903052064632,4.805731942621509,1.1717264511271488,2.194095253059903,173.8761091769957,True,0.0,0,1.0,True,e30cce7963752e4bcce4915ba1e13059,7
DEJ,6BDI,explorer_boltz2_msa,s202_m11,0.5435368043087971,4.433943487090259,1.2717420763973954,2.2358437705931062,174.1601554632074,True,0.0,0,1.0,True,cb2bcfca9d9a8c76f6dd654a265f3a63,7
DEJ,6BDI,explorer_boltz2_msa,s202_m12,0.4057450628366248,6.072804278636081,1.5415850901168426,2.17067449360792,172.5440567138903,True,0.0,0,1.0,True,fbdc87c6f1c0e5508b973afccb1c115e,7
DEJ,6BDI,explorer_boltz2_msa,s202_m13,0.5184021543985637,4.504218756801608,1.3727474940083393,2.221144149554459,176.18304023149693,True,0.0,0,1.0,True,4b72228eaacb13f759c58de52cbda414,7
DEJ,6BDI,explorer_boltz2_msa,s202_m14,0.5403949730700179,4.233409333357807,1.914875887826162,2.2923028425362997,176.63089428024216,True,0.0,0,1.0,True,d19f9712a9a3a30a10a1225507350c64,7
DEJ,6BDI,explorer_boltz2_msa,s202_m15,0.6180430879712747,3.9872678655142098,1.521192793266572,2.249401584377498,174.8256982446382,True,0.0,0,1.0,True,898aaac65f263fb44640de951d971be2,7
DEJ,6BDI,explorer_boltz2_msa,s202_m16,0.34470377019748655,6.907749867401188,1.662085022499112,2.232535831761721,172.26708909903158,True,0.0,0,1.0,True,435551c0b6603d8374415551c41f32fd,7
DEJ,6BDI,explorer_boltz2_msa,s202_m17,0.4914721723518851,5.061170177728669,1.3728449375278864,2.2415509171330457,176.68100732494133,True,0.0,0,1.0,True,dc933844af29c2ba546afda52253d49f,7
DEJ,6BDI,explorer_boltz2_msa,s202_m18,0.5291741472172352,4.548974959478828,2.09196054095236,2.291776928455298,177.75504787456296,True,0.0,0,1.0,True,0414eceedf45c065ea2f38ac47807366,7
DEJ,6BDI,explorer_boltz2_msa,s202_m19,0.5816876122082586,4.112090832686456,1.4724445237863686,2.2559563781465286,174.97563130603956,True,0.0,0,1.0,True,54622ea8666b54d6d0bbd31314c7ebf4,7
DEJ,6BDI,explorer_boltz2_msa,s202_m2,0.4160682226211849,6.881375992325916,1.6684183214135204,2.2315531955568524,173.22282204689148,True,0.0,0,1.0,True,8bc24c26f14707fc4b09e202de02c73d,7
DEJ,6BDI,explorer_boltz2_msa,s202_m3,0.6876122082585279,2.6298537044401806,1.4202707487387254,2.270594953773129,175.89180390764164,True,0.0,0,1.0,True,ea194d4cb2847bfac22b7c465381266f,7
DEJ,6BDI,explorer_boltz2_msa,s202_m4,0.705116696588869,2.3256513022046157,1.2606622890966677,2.267944967520156,173.8299858132526,True,0.0,0,1.0,True,3015c3b21fe95cd3220bca73b6ee36c5,7
DEJ,6BDI,explorer_boltz2_msa,s202_m5,0.5596947935368043,4.430602740177739,1.6384008096797367,2.2116719642388203,175.90907556124085,True,0.0,0,1.0,True,17bd38aab550b9bb99fbb94afee7e290,7
DEJ,6BDI,explorer_boltz2_msa,s202_m6,0.5336624775583483,4.761494371365954,1.1903828594278831,2.220116785329096,175.26215395881178,True,0.0,0,1.0,True,a72128869d00dffd368eb6711a4f2a63,7
DEJ,6BDI,explorer_boltz2_msa,s202_m7,0.3752244165170556,6.4014244110346565,1.4912823111133497,2.1698624087485356,170.83278909470053,True,0.0,0,1.0,True,9b767dbaf840779b2811c2ab862bc420,7
DEJ,6BDI,explorer_boltz2_msa,s202_m8,0.3473967684021544,6.95474678452523,1.6294959710864627,2.174117528216909,171.90748684114817,True,0.0,0,1.0,True,b11a499642b8331a667663f9c294a4cc,7
DEJ,6BDI,explorer_boltz2_msa,s202_m9,0.7033213644524237,2.3992356649717648,1.3094505965000938,2.2728561111077847,174.8973933814925,True,0.0,0,1.0,True,5ad1469d7f7cc7ca479ca525531fc244,7
G0D,6DA2,explorer_boltz2_msa,s202_m0,0.581532416502947,4.848523980535021,0.8770689149939704,2.200789757905102,174.06174267924175,True,0.0,0,1.0,True,d0bef8f559895219f9d21d4c0b6496b9,7
G0D,6DA2,explorer_boltz2_msa,s202_m1,0.4317288801571709,5.583047443240953,1.2094034852129796,2.2484484902705693,173.37731031306987,True,0.0,0,1.0,True,e88c3fb6694b8ad0f7ae655728f4efb5,7
G0D,6DA2,explorer_boltz2_msa,s202_m10,0.5982318271119842,4.702768402378093,0.8625127602224183,2.2388955882086146,173.78899454116,True,0.0,0,1.0,True,6d87ee3a6a63cd4e44be6a0c4cc189d6,7
G0D,6DA2,explorer_boltz2_msa,s202_m11,0.5918467583497053,4.806062996694033,0.8632277808387644,2.2244631948629765,173.09825585445864,True,0.0,0,1.0,True,fec7081df968beb3e5b0b95d8ff468cb,7
G0D,6DA2,explorer_boltz2_msa,s202_m12,0.5795677799607073,4.706333929839634,0.9316687851189623,2.2212901187147978,174.6527763302131,True,0.0,0,1.0,True,53c2a61d8b4ca30fe86684210e837d97,7
G0D,6DA2,explorer_boltz2_msa,s202_m13,0.5957760314341847,4.721425129803554,0.8599024419133805,2.2257928058334633,174.2220875230961,True,0.0,0,1.0,True,6b283c762999fce84e56b8cc6597a833,7
G0D,6DA2,explorer_boltz2_msa,s202_m14,0.5957760314341847,4.781930971925697,0.882902356671296,2.1913600758889444,173.4333186415501,True,0.0,0,1.0,True,ae78bb909ad138a6f634bb826ee256ca,7
G0D,6DA2,explorer_boltz2_msa,s202_m15,0.5869351669941061,4.8427043971690535,0.9206467251983449,2.1938156147908145,173.37318690801175,True,0.0,0,1.0,True,698f918a81a91c274933bb84b2070afc,7
G0D,6DA2,explorer_boltz2_msa,s202_m16,0.5933202357563852,4.712945168449871,0.9237856463728246,2.227690542355468,173.45002506977607,True,0.0,0,1.0,True,54f2b98eda272c078306bd0d86b2428b,7
G0D,6DA2,explorer_boltz2_msa,s202_m17,0.6090373280943026,4.700496944240649,0.8875673373700879,2.2167595984454427,173.48032405183142,True,0.0,0,1.0,True,26a0d4c73745e7bd7b1a4f7ae54f1d65,7
G0D,6DA2,explorer_boltz2_msa,s202_m18,0.6114931237721022,4.875526786208043,0.891228674913802,2.1975465299283194,173.2124688466876,True,0.0,0,1.0,True,d0702089d8679774ece2835b0980a2bc,7
G0D,6DA2,explorer_boltz2_msa,s202_m19,0.5967583497053045,4.682869190906171,0.8913832456098092,2.2699655567871506,173.80483034862456,True,0.0,0,1.0,True,47f467f2d5498ad431f15a26e971ce85,7
G0D,6DA2,explorer_boltz2_msa,s202_m2,0.5736738703339882,4.795738850804029,0.8889916790469451,2.19145697247288,172.52457629216684,True,0.0,0,1.0,True,c98e21fa64dccdd464c9b7cdb0b3408c,7
G0D,6DA2,explorer_boltz2_msa,s202_m3,0.6272102161100197,4.691818165091471,0.8592765176622986,2.2377251673518797,173.24964998201074,True,0.0,0,1.0,True,9bb04cf0961bb433975bfce793759288,7
G0D,6DA2,explorer_boltz2_msa,s202_m4,0.4101178781925344,5.87257871914846,1.370255694283724,2.2386739501097517,174.399080068138,True,0.0,0,1.0,True,beab5d28299397dad88083284564774c,7
G0D,6DA2,explorer_boltz2_msa,s202_m5,0.5834970530451866,4.937814064640685,0.8612360838035611,2.1994816984235173,172.60795330744645,True,0.0,0,1.0,True,08ac73e51c4ca2311aaa7c1e775a69c4,7
G0D,6DA2,explorer_boltz2_msa,s202_m6,0.5785854616895875,4.846419407531583,0.8795273420802173,2.1817128174212113,172.22905980388452,True,0.0,0,1.0,True,43fd90d5eb154065190b05577141a760,7
G0D,6DA2,explorer_boltz2_msa,s202_m7,0.6222986247544204,4.714559526104277,0.8693003679896566,2.2239288585968753,173.20595684880143,True,0.0,0,1.0,True,da46f27a3371b010d8638f7f81698e12,7
G0D,6DA2,explorer_boltz2_msa,s202_m8,0.43418467583497056,5.500564616070486,1.2597844295765863,2.229398359692587,173.53948098275237,True,0.0,0,1.0,True,27a6c0572beb7b330aae13038552aee6,7
G0D,6DA2,explorer_boltz2_msa,s202_m9,0.4739685658153241,5.026583206436531,1.1282205376764245,2.2383592072989535,174.3095839229587,True,0.0,0,1.0,True,60c160b855a5d7901a1d568c2992acde,7
G1J,6DA5,explorer_boltz2_msa,s202_m0,0.8212669683257918,2.468785003019114,0.818816091784301,2.2102033649417874,173.11234662537382,True,0.0,0,1.0,True,264e7dc53b7ae2cfae19c297c311ed05,7
G1J,6DA5,explorer_boltz2_msa,s202_m1,0.8320135746606334,2.2729643507012756,0.8303741168304535,2.217643666281849,172.55701896936114,True,0.0,0,1.0,True,f75dd964456fee1e3586bef253183149,7
G1J,6DA5,explorer_boltz2_msa,s202_m10,0.8229638009049773,2.3818051181668847,0.8351080597777367,2.191536105429249,172.98422521667615,True,0.0,0,1.0,True,fa9e4925fa306e00dc1d88001a980ae0,7
G1J,6DA5,explorer_boltz2_msa,s202_m11,0.8484162895927603,2.2565521261371204,0.831273239893638,2.2745865593773296,174.50243930169654,True,0.0,0,1.0,True,8cde37ccb1e2ec25f05fac48974caf07,7
G1J,6DA5,explorer_boltz2_msa,s202_m12,0.8207013574660633,2.376598415054932,0.8228102701587456,2.2266164485155495,172.57766522641344,True,0.0,0,1.0,True,0872d60a193ffc0af5869b3a611d7edd,7
G1J,6DA5,explorer_boltz2_msa,s202_m13,0.876131221719457,2.231454322200519,0.8995249449969422,2.2331931013013637,174.17250810486604,True,0.0,0,1.0,True,dbd37dd9952d6f32e8be9c8218f5ef13,7
G1J,6DA5,explorer_boltz2_msa,s202_m14,0.8602941176470589,2.275617649430397,0.7842089049902642,2.207191172350053,173.83357695146205,True,0.0,0,1.0,True,078c7f2c293e217f3a69a7bfe74fa82a,7
G1J,6DA5,explorer_boltz2_msa,s202_m15,0.8178733031674208,2.4447975734553453,0.8756821194193144,2.208835538671904,172.58201576635582,True,0.0,0,1.0,True,18227c68ec1cbd7e964f68270325d3fb,7
G1J,6DA5,explorer_boltz2_msa,s202_m16,0.8812217194570136,2.096764152226877,0.8051399122756494,2.2157504723456563,174.18714908052604,True,0.0,0,1.0,True,54b6eb1d6774577b3e0bea8decbee44d,7
G1J,6DA5,explorer_boltz2_msa,s202_m17,0.8376696832579186,2.3261512054858575,0.8020067696074612,2.2182834865949848,174.1533554887934,True,0.0,0,1.0,True,2bfe9266ddf055848559f1f99d7a151a,7
G1J,6DA5,explorer_boltz2_msa,s202_m18,0.8291855203619909,2.2949184499861977,0.8038975576032473,2.1868892516540477,172.51031785479617,True,0.0,0,1.0,True,8b7686f5dc441e992b99d4eb36953da8,7
G1J,6DA5,explorer_boltz2_msa,s202_m19,0.8257918552036199,2.483732268274649,0.916719276569348,2.217263630085516,173.3985653231209,True,0.0,0,1.0,True,7fd3694c402f7ad039fee378b08b11da,7
G1J,6DA5,explorer_boltz2_msa,s202_m2,0.8201357466063348,2.4542631770960943,0.8472364030715599,2.1995275339490523,172.69576157331886,True,0.0,0,1.0,True,0fec99d74eaea8a136b9edccb7e14ec2,7
G1J,6DA5,explorer_boltz2_msa,s202_m3,0.8529411764705883,2.1508136368624844,0.7987837855799232,2.236376790838252,174.28327640271627,True,0.0,0,1.0,True,5106da59cec82c73a28be9269042c24d,7
G1J,6DA5,explorer_boltz2_msa,s202_m4,0.8190045248868778,2.299832979545589,0.8305475174921207,2.214185138894216,173.00060736294924,True,0.0,0,1.0,True,e87f35c24c690aec7914e5887d0ff779,7
G1J,6DA5,explorer_boltz2_msa,s202_m5,0.8580316742081449,2.219523591370377,0.839197639897655,2.2226283757974477,173.98478842654475,True,0.0,0,1.0,True,6d337c5b3928e88471eb701eeb03b666,7
G1J,6DA5,explorer_boltz2_msa,s202_m6,0.8325791855203619,2.2848569538236796,0.8193667885244279,2.1942010717798857,172.27042179759428,True,0.0,0,1.0,True,f024fd63ae5178a9d8739760ee896846,7
G1J,6DA5,explorer_boltz2_msa,s202_m7,0.8337104072398189,2.297770372190597,0.8175672855845885,2.1973918329692594,173.0269750471939,True,0.0,0,1.0,True,e6113adf39d533e794fe87ae911fb911,7
G1J,6DA5,explorer_boltz2_msa,s202_m8,0.8631221719457014,2.247355839120596,0.8370336911586564,2.216344281874998,173.82097906492265,True,0.0,0,1.0,True,5deb8ae2599dbc5a1fa5fc46fa1d4f5d,7
G1J,6DA5,explorer_boltz2_msa,s202_m9,0.8388009049773756,2.3046388807080516,0.8173885667059831,2.2253751272538302,172.28611531760183,True,0.0,0,1.0,True,4c6378bb48f6cf4cbf62393d21b16337,7
NH0,7UF9,explorer_boltz2_msa,s202_m0,0.75,1.7661766966917454,0.9041916786500444,2.1836734384060272,172.02287117731308,True,0.0,0,1.0,True,5a68d916cdf36a563d833b8054a60b55,8
NH0,7UF9,explorer_boltz2_msa,s202_m1,0.6255411255411255,2.951078479857144,1.1784960797354174,2.162982925706997,171.1817494946436,True,0.0,0,1.0,True,f05014bfac39c9c348db3f579238a1a1,8
NH0,7UF9,explorer_boltz2_msa,s202_m10,0.7429653679653679,1.849700121120791,0.8169209421623327,2.1595464166810587,172.94418238161273,True,0.0,0,1.0,True,8531ca53493c249346e90b2619a2c01f,8
NH0,7UF9,explorer_boltz2_msa,s202_m11,0.7408008658008658,1.7873033752872791,0.8912957113390367,2.18306610596198,172.82960921431015,True,0.0,0,1.0,True,06bcbf21c135f51e4ef3ea7d59679456,8
NH0,7UF9,explorer_boltz2_msa,s202_m12,0.7126623376623377,1.8642856622979787,0.8567867963219634,2.1425673559073934,173.7976800570386,True,0.0,0,1.0,True,0a41fe9b95fd7edd776593bdab58662d,8
NH0,7UF9,explorer_boltz2_msa,s202_m13,0.7462121212121212,2.0397595577552785,0.9015300347470807,2.156340518702925,174.1542086288873,True,0.0,0,1.0,True,87509302ca579234645eba1684e75c8d,8
NH0,7UF9,explorer_boltz2_msa,s202_m14,0.7667748917748918,1.6714963376870255,0.87607697338337,2.155931532308018,173.11899369372125,True,0.0,0,1.0,True,b555fad2d4c07f87cf12c898124f8080,8
NH0,7UF9,explorer_boltz2_msa,s202_m15,0.7478354978354979,1.808160315698219,0.9056972139925232,2.1318910023497915,172.50164811456386,True,0.0,0,1.0,True,b10da8aacdf73d38f08ea0ffd0422243,8
NH0,7UF9,explorer_boltz2_msa,s202_m16,0.7462121212121211,1.7528920501867171,0.9243923034843824,2.132315220505636,173.00406554764996,True,0.0,0,1.0,True,3d0e20a071c8a95b544f4773a6008d43,8
NH0,7UF9,explorer_boltz2_msa,s202_m17,0.6439393939393939,2.5764652145280773,1.060890246572036,2.179954682946414,173.06849642567244,True,0.0,0,1.0,True,3cb2c36cd811b6b98b3b2170959a027a,8
NH0,7UF9,explorer_boltz2_msa,s202_m18,0.7543290043290043,1.8326651346017844,0.9095312085707005,2.1807245120830827,172.2693109882085,True,0.0,0,1.0,True,4ac08943bea30e8a82f9ed238efbdd0c,8
NH0,7UF9,explorer_boltz2_msa,s202_m19,0.699134199134199,2.092459334420947,0.9524903004464436,2.1573390316081524,172.635675905536,True,0.0,0,1.0,True,ede98f4bfe2842714aba8530db503474,8
NH0,7UF9,explorer_boltz2_msa,s202_m2,0.6374458874458875,2.961258357495179,1.1857470585812528,2.1882408280168795,171.670170834507,True,0.0,0,1.0,True,b2d336da0bb777b020d996b6ff4a4650,8
NH0,7UF9,explorer_boltz2_msa,s202_m3,0.737012987012987,1.8431784311576616,0.853931981382815,2.1469234050147197,173.12068902771253,True,0.0,0,1.0,True,9bbb024d9e27df71e39713053d6018ca,8
NH0,7UF9,explorer_boltz2_msa,s202_m4,0.7472943722943722,1.823991401471713,0.8754603410380848,2.153786800707071,172.47737375241164,True,0.0,0,1.0,True,5d44782499b0e3c5a4442f72920a975d,8
NH0,7UF9,explorer_boltz2_msa,s202_m5,0.6093073593073594,2.559654213290967,1.26516850822134,2.156403695716551,173.3786946434034,True,0.0,0,1.0,True,4cf6bfd391e1d0de126c600e778ea0b4,8
NH0,7UF9,explorer_boltz2_msa,s202_m6,0.7532467532467532,1.7810599374098648,0.8582689082278316,2.1329500458754302,173.4990936796307,True,0.0,0,1.0,True,b392b22c4d74fd2c7cba56f54a6af2e8,8
NH0,7UF9,explorer_boltz2_msa,s202_m7,0.7527056277056277,1.769719378765501,0.8958737664146288,2.110182332074648,171.72699180275504,True,0.0,0,1.0,True,4ec0b405104b928be60fcaad17d569cb,8
NH0,7UF9,explorer_boltz2_msa,s202_m8,0.6114718614718615,3.4846357278432363,1.333596229548562,2.1581468256121967,175.31548414155424,True,0.0,0,1.0,True,9f84da1b462d5106c4f450317ecea800,8
NH0,7UF9,explorer_boltz2_msa,s202_m9,0.7624458874458874,1.6922250486027492,0.8309650573068926,2.1640876313356627,173.06924281592103,True,0.0,0,1.0,True,a4c19de5ad4ec51f131e5cb920a09138,8
NXR,7UFE,explorer_boltz2_msa,s202_m0,0.774869109947644,1.3259109399285438,0.8864618778470861,2.2051622138291775,170.75369315058302,True,0.0,0,0.9957,True,ed1c624b6be09dc7fc489a1e84b3c03e,7
NXR,7UFE,explorer_boltz2_msa,s202_m1,0.8106457242582897,1.1582581411451234,0.7359349110884679,2.220126899458678,172.4894173257628,True,0.0,0,0.9957,True,3db98329ac82e89ff77c306610ef2723,7
NXR,7UFE,explorer_boltz2_msa,s202_m10,0.8067190226876091,1.162395124784836,0.8185168449798034,2.1875178245902362,170.46212178798493,True,0.0,0,0.9957,True,42ad7f91fbb79b3c332ebd7b317103b7,7
NXR,7UFE,explorer_boltz2_msa,s202_m11,0.9044502617801047,1.0047889388820137,0.8543876168847382,2.164992336383665,170.76081433209862,True,0.0,0,0.9957,True,13136b6bfa129b2c95fb9d1d4bd5b684,7
NXR,7UFE,explorer_boltz2_msa,s202_m12,0.8730366492146597,1.0849666628773755,0.7637894850980091,2.1923017483914027,171.4543098363556,True,0.0,0,0.9957,True,373d640825ea50016bd52a82cb286950,7
NXR,7UFE,explorer_boltz2_msa,s202_m13,0.8839441535776614,1.0726136625445386,0.7771061665050392,2.2337930475762517,173.17037617011772,True,0.0,0,0.9957,True,1b46a81683b931c92833268030a1da44,7
NXR,7UFE,explorer_boltz2_msa,s202_m14,0.925392670157068,0.9988856284472013,0.8024178668808986,2.2350295624443093,172.64825944346788,True,0.0,0,0.9957,True,50c23da6a225df93132d20e15c2acb84,7
NXR,7UFE,explorer_boltz2_msa,s202_m15,0.8573298429319371,1.268645740276495,0.8875552076602052,2.1797660411383606,171.19235481749521,True,0.0,0,0.9957,True,d811fd07b42d084405a03e8e7722bc27,7
NXR,7UFE,explorer_boltz2_msa,s202_m16,0.8965968586387434,0.944909178860133,0.8460328089999118,2.150120094064515,169.91297452378325,True,0.0,0,0.9957,True,5dd8c82256cf7884ea71c9e831b5f8c5,7
NXR,7UFE,explorer_boltz2_msa,s202_m17,0.9384816753926701,0.932058396410499,0.7961675645350371,2.2106132094964055,172.63429611089998,True,0.0,0,0.9957,True,dd84dce37bc581e212a8d56583113321,7
NXR,7UFE,explorer_boltz2_msa,s202_m18,0.8708551483420593,1.0799908474044662,0.8004196501860931,2.1659242091541433,170.9093799473433,True,0.0,0,0.9957,True,9525b4474755b3fca96b2e858a47f21c,7
NXR,7UFE,explorer_boltz2_msa,s202_m19,0.8957242582897034,1.094740688902664,0.850588741304738,2.1910663811715065,171.0398276474097,True,0.0,0,0.9957,True,f01dc02939ed8af42e5f2a19ec3aef24,7
NXR,7UFE,explorer_boltz2_msa,s202_m2,0.7600349040139616,1.3715548152442347,0.8520000155455649,2.195192936600335,170.66527300680434,True,0.0,0,0.9957,True,e0cd8daadc82da816ad38671e408fa91,7
NXR,7UFE,explorer_boltz2_msa,s202_m3,0.8106457242582897,1.094591583402375,0.8140679846061616,2.2156964122595855,172.45837287160714,True,0.0,0,0.9957,True,d519c6d3c6036ccb2bfc23785f7ed114,7
NXR,7UFE,explorer_boltz2_msa,s202_m4,0.7958115183246073,1.2135461761749906,0.8213716752017017,2.2141772707938268,173.39718513201058,True,0.0,0,0.9957,True,f02f9fd82a59bc8dd1ab9bf1cac1d8cf,7
NXR,7UFE,explorer_boltz2_msa,s202_m5,0.7844677137870855,1.3234934607777944,0.8181259095326823,2.183506870014381,170.893796900881,True,0.0,0,0.9957,True,cd972a6d011316ab6e235444cda6bc2c,7
NXR,7UFE,explorer_boltz2_msa,s202_m6,0.7792321116928447,1.1104961106785072,0.7405391615835507,2.2063928933215857,172.93184321513874,True,0.0,0,0.9957,True,7d3f6860ea1574682feab5f46f326931,7
NXR,7UFE,explorer_boltz2_msa,s202_m7,0.8289703315881326,1.368081838321964,0.8806148421458627,2.169662920225167,171.51168687600307,True,0.0,0,0.9957,True,0c44579c9b7a280aeabff75f2b1bed06,7
NXR,7UFE,explorer_boltz2_msa,s202_m8,0.8294066317626527,1.0788047330579627,0.8151143580695454,2.20412830284446,171.84338711252883,True,0.0,0,0.9957,True,32aea01827db767e003cd02b15a5269b,7
NXR,7UFE,explorer_boltz2_msa,s202_m9,0.8835078534031413,1.0287207322693777,0.8279717493788298,2.20034335159311,171.750297514006,True,0.0,0,0.9957,True,3347194b4c3af6a3a83ca3de30b6489e,7
QDJ,6UNL,explorer_boltz2_msa,s202_m0,0.5714285714285714,3.839848787919216,1.0345471152770898,2.2149487848255087,174.11669096015532,True,0.0,0,1.0,True,a2b50dcd3fed1b867a3e63389a867f4f,7
QDJ,6UNL,explorer_boltz2_msa,s202_m1,0.6058201058201058,3.254049692718019,0.9038425560653854,2.2085326640781204,172.79454520599245,True,0.0,0,1.0,True,df6410e210e3677d7e8b231b7d892574,7
QDJ,6UNL,explorer_boltz2_msa,s202_m10,0.5912698412698412,3.404850197898901,0.8252233688571453,2.202381747131955,172.81826642452114,True,0.0,0,1.0,True,965edf8bbcd7ecbcb9f7d3e4881ff145,7
QDJ,6UNL,explorer_boltz2_msa,s202_m11,0.5745149911816578,3.58926221861803,0.894694499525346,2.2542844262869766,173.1750052983385,True,0.0,0,1.0,True,46a49f1a4d2517e68db82dc917aa38fb,7
QDJ,6UNL,explorer_boltz2_msa,s202_m12,0.5789241622574955,3.584150762207436,0.9018402739426531,2.181098203222404,172.78826120807142,True,0.0,0,1.0,True,8bdac1a3d87d08260f3164271e89341e,7
QDJ,6UNL,explorer_boltz2_msa,s202_m13,0.5811287477954145,3.509590091479515,0.850698021142461,2.2155027015329956,173.0413161316352,True,0.0,0,1.0,True,a4598d8a8be9521afffaf2c907e41097,7
QDJ,6UNL,explorer_boltz2_msa,s202_m14,0.4356261022927689,5.431854846887698,1.6911186488470034,2.1927212319398923,175.1573399159645,True,0.0,0,1.0,True,1c81d5dea6e8812d8c992ece08792332,7
QDJ,6UNL,explorer_boltz2_msa,s202_m15,0.5978835978835979,3.470462264248847,0.9924414122681041,2.190017639791972,172.26679933206142,True,0.0,0,1.0,True,fbfa94394e7ab891e549b9e370a9ce52,7
QDJ,6UNL,explorer_boltz2_msa,s202_m16,0.5718694885361552,3.721787697685034,0.996146274726624,2.204135616267747,172.0586044252856,True,0.0,0,1.0,True,163f1867d9102342c57fac5fb76330cc,7
QDJ,6UNL,explorer_boltz2_msa,s202_m17,0.314373897707231,6.923922969067197,1.2989229155724065,2.2065621583359034,170.11414567600173,True,0.0,0,1.0,True,56c39d0cab428a1ae49bb8a96a860fa9,7
QDJ,6UNL,explorer_boltz2_msa,s202_m18,0.31305114638447973,6.675774352075852,1.3743943225036033,2.221348767325834,171.91090171887166,True,0.0,0,1.0,True,98d10532160d7ff5c659814d4f0cf6d3,7
QDJ,6UNL,explorer_boltz2_msa,s202_m19,0.6159611992945326,3.403180833403036,1.367980446139452,2.1748774492370826,172.8282981498103,True,0.0,0,1.0,True,5093ba026c67253503286d7f496e959a,7
QDJ,6UNL,explorer_boltz2_msa,s202_m2,0.5771604938271605,3.496466749814489,0.9585332690637649,2.2680083383003686,173.9531353678743,True,0.0,0,1.0,True,4c6c66cdba5c8e31febcd1c73a01487f,7
QDJ,6UNL,explorer_boltz2_msa,s202_m3,0.5714285714285714,3.47628095044124,0.8521672082019239,2.2215844188551555,172.1333194679316,True,0.0,0,1.0,True,b1388e9aca7e3d53c0eaf476bebb4213,7
QDJ,6UNL,explorer_boltz2_msa,s202_m4,0.5736331569664903,3.6746801476548923,0.9634893873362274,2.210199254592219,173.2214013792324,True,0.0,0,1.0,True,be48c8cdb4ce7d314e69fde5f944bf76,7
QDJ,6UNL,explorer_boltz2_msa,s202_m5,0.6119929453262787,3.194350623339979,0.855131878272536,2.197219713592612,173.34371215616196,True,0.0,0,1.0,True,ef54b408a8e89b38e8423a0dd18d9863,7
QDJ,6UNL,explorer_boltz2_msa,s202_m6,0.6649029982363316,3.119127183375744,1.53283245404638,2.209363048165693,174.4534452354286,True,0.0,0,1.0,True,3cdfde1047e111fd2e80888012db3c0f,7
QDJ,6UNL,explorer_boltz2_msa,s202_m7,0.5855379188712522,3.474219193545768,0.817293609984149,2.212293486972287,171.76269877254646,True,0.0,0,1.0,True,443893d2baa49f5b014f5fcf2cd7c8e8,7
QDJ,6UNL,explorer_boltz2_msa,s202_m8,0.5811287477954143,3.392532728020236,0.9088346005939751,2.2368741492985245,172.57238747390505,True,0.0,0,1.0,True,8339270d39a76d5ebe97daddd1663496,7
QDJ,6UNL,explorer_boltz2_msa,s202_m9,0.5793650793650794,3.6700811653258114,0.9575663638900436,2.2329723425739068,173.58206230052565,True,0.0,0,1.0,True,f57e190a13ef48816247cc99b4bde3ed,7
QE4,6UNK,explorer_boltz2_msa,s202_m0,0.9001623376623377,0.779824748725711,0.6773935145807967,2.2062207105137963,172.02149566284803,True,0.0,0,1.0,True,de2b09cc3b86e549d79ff72dcc9056b0,7
QE4,6UNK,explorer_boltz2_msa,s202_m1,0.8449675324675325,1.1642724349586377,0.8782962759190978,2.2174458081766057,171.90277786013647,True,0.0,0,1.0,True,7fbbb96896bb249d04b3bcc167186d03,7
QE4,6UNK,explorer_boltz2_msa,s202_m10,0.7333603896103895,2.1338843603457796,0.9346425695742285,2.213771896695773,171.86710199162593,True,0.0,0,1.0,True,4b9304bf26a706e8326f633e0af42de1,7
QE4,6UNK,explorer_boltz2_msa,s202_m11,0.6241883116883118,2.74191225227608,1.1057559827005252,2.211853219768437,171.64754358651732,True,0.0,0,1.0,True,2da93c785741498a0eb2ba1e2feceb1f,7
QE4,6UNK,explorer_boltz2_msa,s202_m12,0.7374188311688312,1.8878232004912265,0.9200887108278185,2.2229878836152035,173.0436109776392,True,0.0,0,1.0,True,8a31820fabfa40e31ec8375074cf9a06,7
QE4,6UNK,explorer_boltz2_msa,s202_m13,0.7617694805194805,1.9790043702043365,0.9005264163771799,2.248702624603796,172.9839341125231,True,0.0,0,1.0,True,63076593b81f303478a5345619c030d7,7
QE4,6UNK,explorer_boltz2_msa,s202_m14,0.7674512987012987,1.9242104974245786,0.8070559922041755,2.230012334741671,172.5561070377596,True,0.0,0,1.0,True,a5d8ff8c804b26c511a11cc22a98a131,7
QE4,6UNK,explorer_boltz2_msa,s202_m15,0.5507305194805194,5.260523914812901,1.1319494880742484,2.2729531333707693,175.8477792883208,True,0.0,0,1.0,True,8f8051745ed90c27cf02610b1227064d,7
QE4,6UNK,explorer_boltz2_msa,s202_m16,0.5681818181818182,5.479194904553941,1.084694798614372,2.223849911932008,171.08562959851082,True,0.0,0,1.0,True,6ed9e70b16cadf1468666074cd74c541,7
QE4,6UNK,explorer_boltz2_msa,s202_m17,0.4468344155844156,6.0181300385279295,1.2774844694432659,2.240384811254531,173.9545555103634,True,0.0,0,1.0,True,f3a2ec77029426601b5dbe0e706532ea,7
QE4,6UNK,explorer_boltz2_msa,s202_m18,0.4857954545454546,5.567580427395755,1.2053508587144743,2.247917976572989,171.74793210206104,True,0.0,0,1.0,True,d07a87f3334085ad6b6f08375254b796,7
QE4,6UNK,explorer_boltz2_msa,s202_m19,0.4857954545454546,5.280042132998683,1.6811990111441157,2.2234971430384163,176.0388149238621,True,0.0,0,1.0,True,df55dd4057e9b67c8c45e9214b97ee54,7
QE4,6UNK,explorer_boltz2_msa,s202_m2,0.8323863636363635,1.0799571877345548,0.7315451156831257,2.2242424937267966,172.20048973111335,True,0.0,0,1.0,True,8477b1ec98329897a3735faf054902e8,7
QE4,6UNK,explorer_boltz2_msa,s202_m3,0.8709415584415584,1.0490215935025702,0.7460984445039044,2.200743170931129,171.85770663769136,True,0.0,0,1.0,True,ab616b3ca3e12f648d4f83662a918e6b,7
QE4,6UNK,explorer_boltz2_msa,s202_m4,0.7528409090909092,2.019674255770449,0.8704288078203175,2.236615156905631,172.0561643328991,True,0.0,0,1.0,True,df125d1f1714ba59b764b7ce0ec8b9e4,7
QE4,6UNK,explorer_boltz2_msa,s202_m5,0.7179383116883118,2.073904849633554,0.788005124895078,2.2050359249000904,172.61553377076095,True,0.0,0,1.0,True,8ac13362fda70167dac96a947440d061,7
QE4,6UNK,explorer_boltz2_msa,s202_m6,0.7784090909090909,1.9948892014199096,0.8579610628839947,2.2469522379436553,172.02787859374442,True,0.0,0,1.0,True,f307bad1932508d97cf6d8633bd7fc9a,7
QE4,6UNK,explorer_boltz2_msa,s202_m7,0.7467532467532467,2.098906580248628,0.9219805551896034,2.212883520115778,173.0536690710756,True,0.0,0,1.0,True,af5e45dae2db4d6a5f95b2f4f7629f3d,7
QE4,6UNK,explorer_boltz2_msa,s202_m8,0.8031655844155844,1.8240046630185365,0.8607969345189589,2.217823756816578,169.86938821784577,True,0.0,0,1.0,True,8dbfd2864a87e8e8de371e0e40b845e1,7
QE4,6UNK,explorer_boltz2_msa,s202_m9,0.7662337662337663,1.9290602416236056,0.8551494839317755,2.26124685576343,172.88211261642624,True,0.0,0,1.0,True,ddae3f930713d25d09f63bda953630d1,7
RIT,3NXU,explorer_boltz2_msa,s202_m0,0.6754007398273736,2.081722598479393,0.8350443552534047,2.17833657135439,174.02881126128491,True,0.0,0,1.0,True,dbb185d6fc1894d8e116cd34364efac3,6
RIT,3NXU,explorer_boltz2_msa,s202_m1,0.6883477188655981,2.0645576782830855,0.8106799964780539,2.1877686396417695,173.72794058718415,True,0.0,0,1.0,True,f502d399eb2221b09d530c6db51bfbf0,6
RIT,3NXU,explorer_boltz2_msa,s202_m10,0.6747842170160296,2.0388667172800967,0.8497672505248834,2.194417653068805,174.00704086506917,True,0.0,0,1.0,True,8c9a2c992eeb3326bf85e3ca00057e72,6
RIT,3NXU,explorer_boltz2_msa,s202_m11,0.6310110974106042,2.186705957553537,0.9280836324109102,2.1713282415378843,173.98575941039982,True,0.0,0,1.0,True,4255a13b0a77a16b7636f9c4ac5cb387,6
RIT,3NXU,explorer_boltz2_msa,s202_m12,0.747842170160296,1.8855711230810532,0.9370028341626743,2.180433426339818,173.4374239658403,True,0.0,0,1.0,True,68e0c671af10c2d30bac25a0e7300d72,6
RIT,3NXU,explorer_boltz2_msa,s202_m13,0.7709617755856967,1.6574956591540704,0.8556422546277207,2.179186458038872,171.89664332642823,True,0.0,0,1.0,True,a41fe6daf3fc27d5fcf6ef3dd9c0eeeb,6
RIT,3NXU,explorer_boltz2_msa,s202_m14,0.6979038224414302,1.8871338956096941,0.7686052377617548,2.155007503606426,172.6566854598043,True,0.0,0,1.0,True,631522ce21d38efaaa8ee800de497663,6
RIT,3NXU,explorer_boltz2_msa,s202_m15,0.7512330456226881,1.942380963249272,0.9441730067765359,2.205484273169954,172.5832097123107,True,0.0,0,1.0,True,82ed236e5e22d533a58cae69fa4b6100,6
RIT,3NXU,explorer_boltz2_msa,s202_m16,0.7586313193588163,1.726523209388793,0.9198929542375772,2.194420888480604,172.009692079337,True,0.0,0,1.0,True,b59b671ac2444eaa0bf4187aa68d24d2,6
RIT,3NXU,explorer_boltz2_msa,s202_m17,0.7669543773119605,1.859041113728929,0.9834996364281565,2.132176664186155,171.90008166051788,True,0.0,0,1.0,True,127ba556db2ed600b684da3e8dd10290,6
RIT,3NXU,explorer_boltz2_msa,s202_m18,0.7361282367447596,2.105548365353436,1.0440344490697584,2.170806270697595,172.10992342346154,True,0.0,0,1.0,True,ae41db3d21039d2207c86de3a9497c10,6
RIT,3NXU,explorer_boltz2_msa,s202_m19,0.8057953144266338,1.3541274594671708,0.9106992706651035,2.1732577305280656,171.90618822121036,True,0.0,0,1.0,True,08ec6b9be7bca2b5eb3aa894c47a402c,6
RIT,3NXU,explorer_boltz2_msa,s202_m2,0.6717016029593095,2.0071173411781307,0.8187287223321618,2.1888214344939145,173.16323179873655,True,0.0,0,1.0,True,bbb206b9048f34b99a7ce41d20bf3702,6
RIT,3NXU,explorer_boltz2_msa,s202_m3,0.6461159062885327,2.0532996320493044,0.8578480747914269,2.193968287031514,173.07584804792074,True,0.0,0,1.0,True,996196df8469fede2cbb0325e554f468,6
RIT,3NXU,explorer_boltz2_msa,s202_m4,0.6649198520345253,1.9262091477174486,0.898515406738877,2.175225625515661,173.2723604854649,True,0.0,0,1.0,True,db61b5b6664180d50a00fd18a7693315,6
RIT,3NXU,explorer_boltz2_msa,s202_m5,0.6553637484586929,2.036451281775874,0.8717897307935111,2.178175278162894,174.37064677386041,True,0.0,0,1.0,True,a845fa746ab824610e82cfce64a9b303,6
RIT,3NXU,explorer_boltz2_msa,s202_m6,0.6985203452527744,1.8387024600173394,0.8409345304056682,2.158630599361549,172.63191230105053,True,0.0,0,1.0,True,8658a386d47a7a8a46cd8c72d8bbe297,6
RIT,3NXU,explorer_boltz2_msa,s202_m7,0.6381011097410604,2.080896562843197,0.8928901310936678,2.205826128256713,173.90324676354643,True,0.0,0,1.0,True,e089612bdb09a292409cceda0ee7f043,6
RIT,3NXU,explorer_boltz2_msa,s202_m8,0.657213316892725,1.9815917863113586,0.9319241624345057,2.1882585942936448,174.4762537500898,True,0.0,0,1.0,True,b9c23e953ee59b4d18c354de5b171037,6
RIT,3NXU,explorer_boltz2_msa,s202_m9,0.6618372379778051,2.168373847245836,0.8597489595817426,2.155322494755715,173.40687206665746,True,0.0,0,1.0,True,de911e34fb3723abd734ea3170f06414,6
X6S,7KVO,explorer_boltz2_msa,s202_m0,0.7656967840735069,1.9771637817687657,0.7552516017591747,2.2359816201838516,172.97376950465681,True,0.0,0,1.0,True,7a1cd6f770390cc5e268f6d66d6ac44f,6
X6S,7KVO,explorer_boltz2_msa,s202_m1,0.7970903522205207,1.836441424749416,0.7114691201093821,2.22515382158178,173.28061051996295,True,0.0,0,1.0,True,6bf531cedad49afbd716817798714396,6
X6S,7KVO,explorer_boltz2_msa,s202_m10,0.8032159264931088,1.807753955574035,0.8267482668460112,2.2265729937731664,173.92851530276477,True,0.0,0,1.0,True,06c4ea9ef8c0da33ef0c3dfcba9d0913,6
X6S,7KVO,explorer_boltz2_msa,s202_m11,0.745405819295559,2.020966514850623,0.7000269775830942,2.1936210479706837,172.92115655113128,True,0.0,0,1.0,True,400bbccbf6562f8e969a980800bdce78,6
X6S,7KVO,explorer_boltz2_msa,s202_m12,0.773353751914242,2.015777072459416,0.7656612505091299,2.2335634201204138,173.3323907291145,True,0.0,0,1.0,True,d50e75724a30f2cb3b158f5bd413b6d9,6
X6S,7KVO,explorer_boltz2_msa,s202_m13,0.8097243491577335,1.826719232057421,0.762677763803629,2.2239613783067367,172.80377051864852,True,0.0,0,1.0,True,f901473ce0d4129bd7083ea930b024af,6
X6S,7KVO,explorer_boltz2_msa,s202_m14,0.7913476263399694,1.8398958138504773,0.8385225263918977,2.2318190353162595,173.26984984987982,True,0.0,0,1.0,True,e3af0ba49adde68ba98affa478a7fcff,6
X6S,7KVO,explorer_boltz2_msa,s202_m15,0.8066615620214395,1.7522847561285697,0.9554309414917808,2.218407230469645,173.43304237905596,True,0.0,0,1.0,True,c7ca755c5a491b56ce691fc7d613abfa,6
X6S,7KVO,explorer_boltz2_msa,s202_m16,0.7151607963246553,2.168754101416729,0.9174255622276566,2.2257145697505782,174.15703480418642,True,0.0,0,1.0,True,44eb9eba8b33cf921c37b45682a5a1f5,6
X6S,7KVO,explorer_boltz2_msa,s202_m17,0.7641653905053599,1.88079254187183,0.9343706385770155,2.214178214439841,172.33941675522243,True,0.0,0,1.0,True,f0d1368ccb35d7f9de31281bb353bb00,6
X6S,7KVO,explorer_boltz2_msa,s202_m18,0.5968606431852986,3.1981669249078704,1.3677485475613347,2.242412446206094,174.83660916721146,True,0.0,0,1.0,True,f82c8ec6248f8b5db86cfe84912b678c,6
X6S,7KVO,explorer_boltz2_msa,s202_m19,0.3510719754977029,6.117604224398744,1.1707047478437014,2.2372281914458347,173.88215925252223,True,0.0,0,1.0,True,84fa4169bd2911b00741099e1ce625a2,6
X6S,7KVO,explorer_boltz2_msa,s202_m2,0.7385145482388974,2.0093287977676377,0.7681558452494371,2.255133651516025,173.61746962655602,True,0.0,0,1.0,True,e5d8bc7c9b3390d39318f80e245649f9,6
X6S,7KVO,explorer_boltz2_msa,s202_m3,0.7737366003062787,1.8532374760797703,0.7385247642589788,2.212345189408742,172.34324502250493,True,0.0,0,1.0,True,78670c98d9e3ed764c80f79f0a7e4bd6,6
X6S,7KVO,explorer_boltz2_msa,s202_m4,0.7588055130168452,2.033665294265695,0.7366968103852171,2.2409127428795617,173.1658425754157,True,0.0,0,1.0,True,6005296876bc624a1b3d86c53f8f083c,6
X6S,7KVO,explorer_boltz2_msa,s202_m5,0.7848392036753447,1.8439435156063222,0.7877240692304474,2.2416365635401294,173.44506252702868,True,0.0,0,1.0,True,b43b74bf1f5a0bcc97c5e05d4e3b234d,6
X6S,7KVO,explorer_boltz2_msa,s202_m6,0.7974732006125573,1.841676785354099,0.7085704409656479,2.2303320463330123,173.25563979891064,True,0.0,0,1.0,True,ec863123e4ce26d117e514b662ef403c,6
X6S,7KVO,explorer_boltz2_msa,s202_m7,0.77947932618683,1.8753747366235975,0.946311479051522,2.2036772969289307,173.41207568985163,True,0.0,0,1.0,True,9740b0624bd0961a7b8c4a745f82d97f,6
X6S,7KVO,explorer_boltz2_msa,s202_m8,0.8039816232771823,1.8738151273114168,0.7134790814012874,2.217736235917157,173.2970804599026,True,0.0,0,1.0,True,5ef5ba6c8f0a61fea3cdd340444d73db,6
X6S,7KVO,explorer_boltz2_msa,s202_m9,0.7243491577335375,2.0896589404791666,0.970344978009035,2.226833915001296,173.47617605359795,True,0.0,0,1.0,True,02085b66ae9631697e8518ce05459df8,6
X7D,7KVQ,explorer_boltz2_msa,s202_m0,0.7862426035502958,1.8953748586145651,0.748415481068106,2.2222266067167857,172.11308486216873,True,0.0,0,1.0,True,e0670e843ba7df56f927d3bbc4c15bac,6
X7D,7KVQ,explorer_boltz2_msa,s202_m1,0.742603550295858,1.628276512785484,0.9231237718781792,2.244483356008683,174.32364175655147,True,0.0,0,1.0,True,5254aad61604260936deaffcce37042a,6
X7D,7KVQ,explorer_boltz2_msa,s202_m10,0.7821745562130177,1.937899848207851,0.8235688574035493,2.2425787866873255,172.60899088774303,True,0.0,0,1.0,True,1f3cda32fb059a35caa66c6ebf09d925,6
X7D,7KVQ,explorer_boltz2_msa,s202_m11,0.7577662721893492,2.0042561357005004,0.7294999331473123,2.241629247534034,173.0719611333058,True,0.0,0,1.0,True,79b096b59e1252991825911a09ac2dbd,6
X7D,7KVQ,explorer_boltz2_msa,s202_m12,0.7999260355029586,1.8899662949222427,0.7349669381282347,2.2124242877667024,172.41640197609198,True,0.0,0,1.0,True,bb8575b2514af7610359beff3e0ff262,6
X7D,7KVQ,explorer_boltz2_msa,s202_m13,0.7925295857988166,1.8711675598666304,0.8295237783805108,2.232421794083726,172.08199664520023,True,0.0,0,1.0,True,05a02a44da2d8a9e1dc23a5b781d1b75,6
X7D,7KVQ,explorer_boltz2_msa,s202_m14,0.7525887573964497,1.865955351519776,0.8873178711846533,2.238709589428696,173.55255044498222,True,0.0,0,1.0,True,f63e9c1f4a91760543455aa33137b6a8,6
X7D,7KVQ,explorer_boltz2_msa,s202_m15,0.6760355029585798,2.4576648718408256,1.0172211655907741,2.2160776098999784,173.16784570806212,True,0.0,0,1.0,True,9956b816c31ca436920657128d41666f,6
X7D,7KVQ,explorer_boltz2_msa,s202_m16,0.7156065088757396,2.494938336319523,0.7423316399222416,2.266115431349427,172.65101723167538,True,0.0,0,1.0,True,2c58f1952fd70677bd62f8cfebe4d37e,6
X7D,7KVQ,explorer_boltz2_msa,s202_m17,0.4441568047337279,5.504483652416179,1.1283030451129543,2.2526996165711934,172.34345271639802,True,0.0,0,1.0,True,1c5913f2ecdea751a8c321fd5234df34,6
X7D,7KVQ,explorer_boltz2_msa,s202_m18,0.3875739644970414,5.263296577098768,1.2475218677684112,2.2737052082009224,173.15044183359427,True,0.0,0,1.0,True,67520fd4566f42ae354f73cbaefd3297,6
X7D,7KVQ,explorer_boltz2_msa,s202_m19,0.5299556213017752,3.8031827806553067,1.4148810482409366,2.19051078328777,173.08283339417588,True,0.0,0,1.0,True,101cf24a5dd94f0e0ea791eaa94181c2,6
X7D,7KVQ,explorer_boltz2_msa,s202_m2,0.7747781065088758,1.8207747537567402,0.8815433321853074,2.237644805615941,173.58938266627317,True,0.0,0,1.0,True,c2a982de9997743d50bf3d6a8a6607be,6
X7D,7KVQ,explorer_boltz2_msa,s202_m3,0.7633136094674556,1.9587868159796276,0.6921457428317476,2.2146680593714265,172.37535728284303,True,0.0,0,1.0,True,8c2f3ac7c46d31e0704692d739ed383f,6
X7D,7KVQ,explorer_boltz2_msa,s202_m4,0.7511094674556212,2.047209740230632,0.8027464645705497,2.251814181210341,173.68594690455345,True,0.0,0,1.0,True,93f2674da4d3c6e924314a361867fb1d,6
X7D,7KVQ,explorer_boltz2_msa,s202_m5,0.7492603550295858,2.0033042798529004,0.798265438806702,2.2435222020073704,173.08377093246142,True,0.0,0,1.0,True,da2275d170bf32b68477e267c88c7faa,6
X7D,7KVQ,explorer_boltz2_msa,s202_m6,0.7625739644970415,1.9095475852811574,0.8397724351098721,2.222347467656667,173.76488390126028,True,0.0,0,1.0,True,af1c927cec5437c24f4b14ea2d5750ce,6
X7D,7KVQ,explorer_boltz2_msa,s202_m7,0.7348372781065089,1.9671504706293192,0.8106976312712705,2.20839559284563,170.0261332903685,True,0.0,0,1.0,True,626db30869b73fc7945b7e01144fc134,6
X7D,7KVQ,explorer_boltz2_msa,s202_m8,0.7544378698224852,1.6289254245028755,0.7842299244425467,2.221042603778684,173.42449349540865,True,0.0,0,1.0,True,730b2b7a8763b76d4bc91405c46a26ec,6
X7D,7KVQ,explorer_boltz2_msa,s202_m9,0.7455621301775148,2.141092371942011,0.7900224678249655,2.2122188548830333,173.957063003909,True,0.0,0,1.0,True,154070c6cc9d98182331781b4e425c53,6
Y83,6BDM,explorer_boltz2_msa,s202_m0,0.5998336106489184,5.003114095635191,1.1814146572285924,2.2752464477282457,174.78608494367631,True,0.0,0,1.0,True,660aec0e34bf078f82465f635d21f4b5,6
Y83,6BDM,explorer_boltz2_msa,s202_m1,0.6168885191347753,4.5841402889756,1.0988738542476797,2.263891418487203,174.0177449109724,True,0.0,0,1.0,True,d6885c23b1c50be39a9c13c42ebae663,6
Y83,6BDM,explorer_boltz2_msa,s202_m10,0.5865224625623959,4.943997262532339,1.1746448009429478,2.2285734882655315,174.37947392769814,True,0.0,0,1.0,True,9016aa05f277fcbb61c0942c2a87d3d3,6
Y83,6BDM,explorer_boltz2_msa,s202_m11,0.5877703826955074,4.978159600652731,1.188838321425914,2.2493023879638776,174.46232164363306,True,0.0,0,1.0,True,aaa82adcf709fb712ef7275a75f496a0,6
Y83,6BDM,explorer_boltz2_msa,s202_m12,0.5985856905158069,4.450885293250115,1.1950781674759337,2.2239619756191877,172.62185755079736,True,0.0,0,1.0,True,cceb82d574ce9fa2fcbed30baf7ca9f6,6
Y83,6BDM,explorer_boltz2_msa,s202_m13,0.6643094841930116,2.8461449601799225,1.096037909375973,2.2173632399992567,170.7282809350675,True,0.0,0,1.0,True,fca5dab29d01986f8b3d7066ade49274,6
Y83,6BDM,explorer_boltz2_msa,s202_m14,0.5956738768718801,4.833485320889395,1.2061689192262879,2.227344140024168,174.01542618979377,True,0.0,0,1.0,True,e91107cbb168845cbb2eeaef2263fd47,6
Y83,6BDM,explorer_boltz2_msa,s202_m15,0.584026622296173,4.728217897908775,1.2173203426638157,2.249054471305664,173.98514990752537,True,0.0,0,1.0,True,2a590d3ca7e298e75fee4d7378a4aad0,6
Y83,6BDM,explorer_boltz2_msa,s202_m16,0.6447587354409318,2.9538221119449783,1.1398618396987412,2.171757592043827,170.2955665664874,True,0.0,0,1.0,True,f1415b2a41c4fc8aa9c8e5419a5d7297,6
Y83,6BDM,explorer_boltz2_msa,s202_m17,0.53369384359401,4.753895139079954,1.1723173905096513,2.2175496780455677,173.64177963041053,True,0.0,0,1.0,True,16415cc2bdf387c858b957dde67b33a0,6
Y83,6BDM,explorer_boltz2_msa,s202_m18,0.6505823627287853,2.916150961111743,1.148489253513678,2.2210563349451538,172.4200631818204,True,0.0,0,1.0,True,e7a541cc78c081e63741af68fa3e6e4f,6
Y83,6BDM,explorer_boltz2_msa,s202_m19,0.8049084858569052,2.0798425348810903,1.224619249334648,2.190502401482363,173.48988347909295,True,0.0,0,1.0,True,0bb254662784749c23131965aa6ae575,6
Y83,6BDM,explorer_boltz2_msa,s202_m2,0.6106489184692179,4.744521103981958,1.1837445663944897,2.255955553063934,173.9379841477834,True,0.0,0,1.0,True,a861a4cfabcaa9c1411302942857c7f5,6
Y83,6BDM,explorer_boltz2_msa,s202_m3,0.5890183028286189,4.252859922162851,1.3322807353100183,2.2249206188536257,172.90030746355342,True,0.0,0,1.0,True,3765f1a45c3271945912e7a0d8259e99,6
Y83,6BDM,explorer_boltz2_msa,s202_m4,0.5657237936772046,5.040584060142565,1.2140022549757876,2.223374254730858,173.79893555006396,True,0.0,0,1.0,True,2a62a4c6401e396d97f945d2ff6cdd6d,6
Y83,6BDM,explorer_boltz2_msa,s202_m5,0.5727953410981697,4.92684995025173,1.1638828206621397,2.255470684136684,174.352529635063,True,0.0,0,1.0,True,f6fd3514d2b2c95246a61686f622c574,6
Y83,6BDM,explorer_boltz2_msa,s202_m6,0.6876039933444259,2.5921888794186927,1.062839147192711,2.2173195289357825,173.82302724667323,True,0.0,0,1.0,True,e879a92750a15d47dcb618e56a30da47,6
Y83,6BDM,explorer_boltz2_msa,s202_m7,0.6094009983361064,4.7323419135341664,1.1467996173296056,2.2371629260293044,174.70429926202425,True,0.0,0,1.0,True,8aa086879c057db7f4035ec592848cbb,6
Y83,6BDM,explorer_boltz2_msa,s202_m8,0.5919301164725457,4.849111088330381,1.1422498865074278,2.2523923027971837,174.86258360802344,True,0.0,0,1.0,True,0a126273cd6c969ff2396812b015d220,6
Y83,6BDM,explorer_boltz2_msa,s202_m9,0.6048252911813643,4.567926738629041,1.1571037520331304,2.228614838907791,174.04523795559862,True,0.0,0,1.0,True,4f8089d679a5bcaec96ebe4fe3c31aec,6
