ligand,n_poses,rank_oracle,n_tied_at_oracle,sel,oracle,rand,stake_all,margin_12,xeng_mean,n_heavy
08J,20,10,1,0.4806094182825484,0.4972299168975069,0.28234072022160667,0.016620498614958512,0.06501050466343572,1.8796091410349312,23
08Y,20,3,1,0.7016832917705736,0.7524937655860349,0.7038185785536161,0.05081047381546122,0.016104977438224033,1.0637850904232526,43
1RD,20,20,1,0.2446351931330472,0.4012875536480687,0.28258226037195994,0.15665236051502146,0.0418930963447357,1.2415947610740683,35
2QH,20,17,1,0.8324372759856631,0.8982974910394265,0.7913530465949821,0.06586021505376338,0.008296177107853797,0.8387085905668723,34
5AW,20,19,1,0.1893442622950819,0.2163934426229508,0.1884016393442622,0.027049180327868905,0.014020656513463292,1.2456035169030675,37
6AW,20,9,1,0.7698529411764705,0.8025735294117647,0.7594485294117647,0.03272058823529422,0.0864474990799482,0.9191058218184172,38
7AW,20,15,1,0.6080476900149031,0.7503725782414308,0.6540238450074516,0.14232488822652767,0.01883317197414547,1.121101823358328,45
80K,20,9,1,0.6238049713193117,0.888623326959847,0.5433795411089867,0.26481835564053535,0.06284540836914831,1.2956256254541334,30
8AW,20,7,1,0.7096774193548387,0.7881720430107526,0.7019623655913978,0.07849462365591386,0.021326637579364927,0.830286162798895,35
A1A06,20,7,2,0.8534313725490197,0.8794117647058823,0.8256372549019609,0.025980392156862653,0.03507050273376011,0.9267084907188657,41
A1A07,20,9,1,0.6750503018108651,0.7791750503018109,0.6973340040241449,0.10412474849094577,0.03167026469018541,1.082629721736415,40
A1A08,20,4,1,0.8797979797979799,0.9126262626262628,0.8295202020202022,0.03282828282828287,0.0027379547134729343,0.9547291224483342,37
A1A4K,20,14,1,0.4087209302325581,0.552906976744186,0.4385465116279069,0.14418604651162786,0.01538477257227533,0.9832231938089769,43
A1A4S,20,1,1,0.7903726708074534,0.7903726708074534,0.6319875776397516,0.0,0.04352082906741295,1.4195364682876923,42
A1A4T,20,5,1,0.4846153846153845,0.5317307692307693,0.5039423076923076,0.04711538461538484,0.028193631390560414,1.7373500512191065,43
A1A4U,20,3,1,0.8647798742138366,0.8936058700209644,0.7515199161425576,0.028825995807127747,0.006478665137547912,1.2775222285930905,40
A1A4V,20,15,1,0.5275186567164178,0.7448694029850746,0.5420942164179104,0.2173507462686568,0.01726788553795955,1.1247323272201915,43
A1APA,20,18,2,0.6266393442622951,0.7385245901639345,0.6731762295081967,0.1118852459016394,0.03630860641489786,1.0205222609831388,54
A1ASO,20,20,1,0.6206730769230769,0.8379807692307693,0.6089182692307691,0.2173076923076923,0.10411524255593319,1.1293846714260174,34
A1ASP,20,1,1,0.8152709359605911,0.8152709359605911,0.6294642857142857,0.0,0.1937602323294445,1.1966188996394052,26
A1ASQ,20,8,1,0.5973804100227791,0.7443052391799544,0.6623291571753985,0.1469248291571753,0.011321265512029832,1.1932684625781043,28
A1ASR,20,4,1,0.7430379746835444,0.8069620253164558,0.6812974683544303,0.0639240506329114,0.12508873083371974,1.2038675576944233,26
A1ASS,20,11,1,0.5879746835443038,0.7063291139240506,0.6612974683544304,0.1183544303797468,0.016722475797916525,0.7216799180150221,22
A1AST,20,19,1,0.5912073490813649,0.6325459317585301,0.5554133858267718,0.04133858267716528,0.004506105566912444,1.2773244751475068,28
A1ASU,20,1,1,0.7302631578947368,0.7302631578947368,0.6356085526315789,0.0,0.0198255946041751,1.3621252168457236,25
A1ASV,20,13,1,0.6310198300283286,0.7365439093484418,0.5997875354107649,0.1055240793201132,0.014746102033494468,0.966145354455179,22
A1BNX,20,10,1,0.2914823008849557,0.3191371681415929,0.2906526548672566,0.027654867256637183,0.014581010096445746,0.9498679858587655,34
A1CIW,20,19,1,0.3289473684210526,0.4542606516290727,0.3784147869674185,0.1253132832080201,0.08836008153261421,1.7485291921142576,32
CFF,20,6,1,0.4720930232558139,0.9081395348837208,0.4812790697674417,0.43604651162790686,0.08105490462434412,0.7496525394284327,14
CL6,20,17,1,0.459280303030303,0.8181818181818182,0.4912405303030303,0.35890151515151525,0.0036093140191649775,0.5253235939516983,25
D0R,20,1,1,0.6679515418502203,0.6679515418502203,0.3254955947136564,0.0,0.1275980819381699,1.5853264196640526,41
D7J,20,1,1,0.8802395209580838,0.8802395209580838,0.7037175648702594,0.0,0.010180652969974169,1.2776286137191195,34
D7M,20,8,1,0.7764270613107822,0.8509513742071881,0.6881871035940803,0.07452431289640593,0.019458349070971437,1.2507641349799443,29
D7Y,20,9,1,0.7290286975717439,0.8548565121412803,0.7748344370860927,0.1258278145695364,0.029518500279461124,1.1898942728568678,27
D81,20,15,1,0.6666666666666666,0.7020725388601037,0.5256476683937823,0.03540587219343705,0.16350329246887818,1.3248243742022614,36
DEJ,20,1,1,0.7679533213644525,0.7679533213644525,0.5856149012567323,0.0,0.002566641847135065,1.4013433845294985,37
DEV,20,20,1,0.6388349514563106,0.7699029126213592,0.6469417475728155,0.1310679611650486,0.01893264104531578,0.8797258150109485,37
DJ1,20,8,1,0.4081059390048154,0.5272873194221509,0.4836677367576243,0.1191813804173355,0.014869333520231454,1.9938378280902551,39
ERY,20,1,1,0.6721052631578948,0.6721052631578948,0.6105,0.0,0.12325242889199184,1.2067413927858874,51
FZV,20,16,1,0.6486895161290323,0.7258064516129032,0.6618951612903227,0.077116935483871,0.012907210697742921,0.9459996201546442,37
G0D,20,20,1,0.5830058939096268,0.8334970530451866,0.5863457760314341,0.25049115913555986,0.002224609570474989,0.9397207956793079,36
G0J,20,1,1,0.4839331619537275,0.4839331619537275,0.45571979434447296,0.0,0.019394208429474258,1.1211565015287486,36
G0M,20,3,1,0.7775537634408602,0.7862903225806451,0.7523521505376344,0.008736559139784883,0.05444501835009796,1.0810925912654707,36
G0V,20,18,1,0.5279187817258884,0.5374365482233503,0.5001269035532995,0.009517766497461944,0.03864442714547334,0.9179329392074319,37
G1J,20,1,1,0.872737556561086,0.872737556561086,0.8182692307692309,0.0,0.007680895480654537,0.8636927394535681,36
J9K,20,19,1,0.2617713004484305,0.3385650224215246,0.27990470852017935,0.07679372197309409,0.007845051223867583,1.012090382438395,30
KLN,20,18,1,0.4213675213675213,0.4615384615384615,0.3801495726495726,0.040170940170940195,0.0349265176603617,1.5237786186778661,36
MF8,20,5,1,0.5833333333333333,0.8352713178294573,0.6489341085271318,0.25193798449612403,0.15579684495956103,1.571726578842949,9
MWS,20,5,1,0.7357904085257548,0.8143872113676731,0.667828596802842,0.07859680284191828,0.057879101813205436,1.345241660524428,27
MWV,20,19,1,0.4076747720364742,0.5683890577507599,0.397701367781155,0.1607142857142857,0.005182936224577217,1.188714838729823,36
MWY,20,19,1,0.352112676056338,0.4007042253521127,0.3720070422535211,0.048591549295774694,0.009618068483414843,1.5049184207361634,33
MYT,20,1,1,0.9594972067039106,0.9594972067039106,0.7404329608938547,0.0,0.020374151019577735,1.090828139490497,17
NH0,20,6,1,0.7294372294372294,0.7754329004329004,0.7216450216450216,0.04599567099567092,0.009419269432336175,0.9666501056827785,37
NI6,20,15,1,0.7365350089766607,0.7998204667863555,0.7476885098743269,0.06328545780969486,0.017881355430773405,0.83226560149597,38
NJ0,20,17,1,0.2449567723342939,0.321685878962536,0.2686239193083573,0.07672910662824209,0.04763387897099203,0.9767234119962144,38
NJO,20,7,1,0.682962962962963,0.7381481481481481,0.6979074074074074,0.055185185185185115,0.001899667999101351,0.900411017419853,40
NXR,20,10,1,0.9149214659685864,0.9201570680628272,0.831391797556719,0.005235602094240788,0.04521020502772244,0.8070674721170766,39
NYF,20,2,1,0.8253228120516498,0.8461262553802009,0.7810616929698709,0.020803443328551108,0.05089204681257253,0.6982653271899864,43
PG0,20,8,1,0.4823529411764706,0.6735294117647058,0.4125,0.19117647058823523,0.014498985417111143,4.0240754514770725,8
PG4,20,11,1,0.5836956521739131,0.8184782608695652,0.5007065217391304,0.23478260869565215,0.009695131063655715,6.735131663531789,13
PK9,20,14,1,0.3966836734693877,0.5095663265306123,0.2971938775510204,0.11288265306122458,0.055094109783825895,1.1653835371672567,23
PKT,20,8,1,0.3699095022624434,0.4983031674208145,0.3070418552036199,0.12839366515837108,0.029401898978553387,1.6480225969892213,33
QDJ,20,1,1,0.6410934744268078,0.6410934744268078,0.5422619047619046,0.0,0.05822759000094435,1.0712074947562882,44
QDP,20,6,1,0.7288557213930348,0.7466832504145937,0.7146144278606966,0.01782752902155893,0.0027302096279289145,0.7672299647521031,45
QDV,20,3,1,0.5410014513788098,0.752177068214804,0.4839259796806966,0.21117561683599417,0.1077281460471573,1.5256488678174438,40
QDY,20,16,1,0.3675314465408805,0.6525157232704403,0.39235455974842764,0.2849842767295598,0.0008082677663232563,0.9317806420329215,41
QE4,20,12,1,0.7642045454545454,0.8060064935064934,0.7093141233766234,0.041801948051948035,0.015136372512085994,0.9801160452963009,41
QEA,20,4,1,0.5276360544217688,0.5888605442176871,0.4610331632653062,0.061224489795918324,0.021195797674514072,1.4448771402913703,40
QEP,20,8,1,0.5989096573208723,0.6098130841121495,0.5354166666666667,0.010903426791277204,0.0008307271240167724,0.9723278656126707,41
QES,20,11,1,0.6487538940809968,0.7270249221183801,0.6315809968847351,0.07827102803738328,0.01482331568355999,1.2041117345848609,40
RIT,20,2,1,0.714549938347719,0.719790382244143,0.6900739827373612,0.005240443896424085,0.0008261790840167205,0.8262186906425775,50
T0K,20,20,1,0.2308868501529052,0.2568807339449541,0.23490061162079506,0.025993883792048894,0.028067810781185143,0.6849720820866037,40
TCI,20,19,1,0.3003597122302158,0.4256594724220623,0.36450839328537166,0.12529976019184652,0.07592559445988933,1.4524467082661225,23
X5Y,20,5,1,0.7528735632183907,0.8113026819923371,0.7414511494252873,0.05842911877394641,0.01720956213909508,0.8304322108551748,38
X6J,20,10,1,0.5811403508771931,0.7451754385964913,0.6710087719298244,0.1640350877192982,0.01144725014703718,0.9435194938167012,42
X6S,20,14,1,0.7978560490045941,0.8311638591117918,0.7100114854517611,0.033307810107197744,0.03921497838666166,0.9689549328539634,42
X6V,20,8,1,0.4409660107334526,0.492397137745975,0.41346153846153844,0.05143112701252239,0.23688823860063124,1.5422754509303567,41
X71,20,3,1,0.7942238267148014,0.8014440433212996,0.5879061371841156,0.0072202166064981865,0.00894557973806509,1.2604181977470952,39
X74,20,2,1,0.7523474178403755,0.7844287949921752,0.6699921752738653,0.032081377151799706,0.0003944958543744548,0.9206540178074162,42
X7D,20,7,1,0.7747781065088757,0.801405325443787,0.7009245562130177,0.026627218934911268,0.003352573267881853,0.9530674395597911,42
X7J,20,3,1,0.729381443298969,0.7407216494845361,0.7144845360824742,0.011340206185567081,0.02766299373225567,0.7666729020825895,38
X7M,20,10,1,0.8175837320574162,0.8415071770334928,0.8160885167464114,0.02392344497607657,0.01583995010712369,0.7968116070194441,38
X7P,20,1,1,0.5349872773536896,0.5349872773536896,0.5050890585241731,0.0,0.00696970886506465,0.7279807682181019,38
Y83,20,1,1,0.6326955074875207,0.6326955074875207,0.5856905158069883,0.0,0.03807921766882738,1.2098829350836013,40
YNV,20,1,1,0.6093429158110882,0.6093429158110882,0.28937371663244355,0.0,0.16205722252980936,1.7132772550033426,46
Z8Z,20,14,1,0.7093750000000001,0.8010416666666667,0.6749479166666666,0.09166666666666656,0.07855595817644512,0.8850921747588687,49
Z9Z,20,18,1,0.7055412371134021,0.7864046391752577,0.7009503865979382,0.0808634020618556,0.000994143314243856,0.9138366756964142,50
