surv_mean_lddt,frac_surv_better_xeng,picks_rotated,pass_per_pose,frac_pose_improved,grid_min_rmsd,ligand,n_pose,n_grid,n_cand,n_pass,pass_rate,pass_clash,frac_pose_coord,orig_oracle,orig_mean,orig_sel,exp_oracle,exp_sel,null_oracle,null_sel,soft_oracle,soft_sel,narrow_oracle,narrow_sel,unfilt_oracle,orig_min_rmsd,exp_min_rmsd,null_min_rmsd,orig_sub2,exp_sub2,null_sub2,wl_sd_lddt_orig,wl_sd_lddt_exp,wl_rho_exp,wl_rho_orig,exp_sel_rank
0.1888989508152008,0.07133648474430597,True,116.35,0.8,0.8154079296762405,08J,20,1024,20480,2327,0.113623046875,0.113623046875,0.0,0.49722991689750695,0.28234072022160667,0.48060941828254844,0.49861496686935425,0.23822714388370514,0.49722991689750695,0.18144044280052185,0.49722991689750695,0.21121883392333984,0.49861496686935425,0.23822714388370514,0.49861496686935425,0.8154079296762405,0.8154079296762405,0.8154079296762405,True,True,True,0.15730195927793317,0.07404668286425127,-0.047391135951604484,-0.2685220197416502,0.8138048572645931
0.6138092875480652,0.0,False,1.0,0.0,1.9173951148986816,08Y,20,1024,20480,20,0.0009765625,0.0009765625,0.0,0.7524937655860349,0.703818578553616,0.7016832917705736,0.7524937655860349,0.7016832917705736,0.7524937655860349,0.7016832917705736,0.7524937655860349,0.7016832917705736,0.7524937655860349,0.7016832917705736,0.7524937655860349,2.072835085790532,2.072835085790532,2.072835085790532,False,False,False,0.01864321075692352,0.06139252060357593,-0.8073170731707318,-0.4917293233082706,0.75
0.31497377157211304,0.0,False,0.15,0.05,4.6890974044799805,1RD,20,1024,20480,3,0.000146484375,0.001025390625,1.0,0.4012875536480687,0.28258226037196,0.2446351931330472,0.4012875536480687,0.2446351931330472,0.4012875536480687,0.2446351931330472,0.4012875536480687,0.2446351931330472,0.4012875536480687,0.2446351931330472,0.4023605287075043,4.8891823257734,4.8891823257734,4.8891823257734,False,False,False,0.04431832717730061,0.04281542981321982,0.8601088544649172,0.8679955484085836,0.21739130434782608
0.6958631873130798,0.0,False,0.3,0.0,0.55680144916545,2QH,20,1024,20480,6,0.00029296875,0.002685546875,1.0,0.8982974910394265,0.7913530465949822,0.8324372759856631,0.8982974910394265,0.8324372759856631,0.8982974910394265,0.8324372759856631,0.8982974910394265,0.8324372759856631,0.8982974910394265,0.8324372759856631,0.8982974910394265,0.55680144916545,0.55680144916545,0.55680144916545,True,True,True,0.126199673116712,0.14262413349242978,-0.3026158361889252,0.20157955543630884,0.6153846153846154
0.17901639640331268,0.0,False,0.25,0.05,8.687220573425293,5AW,20,1024,20480,5,0.000244140625,0.001123046875,1.0,0.21639344262295082,0.18840163934426227,0.18934426229508194,0.21639344262295082,0.18934426229508194,0.21639344262295082,0.18934426229508194,0.21639344262295082,0.18934426229508194,0.21639344262295082,0.18934426229508194,0.2991803288459778,10.720375108076052,10.574019432067871,10.720375108076052,False,False,False,0.007910048413016471,0.008281787865505551,-0.10980559751494236,0.2859314855754358,0.76
0.6803308725357056,0.0,False,0.1,0.0,1.5699157279311282,6AW,20,1024,20480,2,9.765625e-05,0.00078125,1.0,0.8025735294117647,0.7594485294117647,0.7698529411764705,0.8025735294117647,0.7698529411764705,0.8025735294117647,0.7698529411764705,0.8025735294117647,0.7698529411764705,0.8025735294117647,0.7698529411764705,0.8025735294117647,1.5699157279311282,1.5699157279311282,1.5699157279311282,True,True,True,0.026946071631762637,0.038399525708972315,-0.30321852060982496,-0.13684210526315788,0.6818181818181818
,,False,0.0,0.0,1.437538504600525,7AW,20,1024,20480,0,0.0,0.00029296875,1.0,0.7503725782414308,0.6540238450074516,0.6080476900149031,0.7503725782414308,0.6080476900149031,0.7503725782414308,0.6080476900149031,0.7503725782414308,0.6080476900149031,0.7503725782414308,0.6080476900149031,0.7503725782414308,1.6351260485014343,1.6351260485014343,1.6351260485014343,True,True,True,0.055991506364662526,0.055991506364662526,0.4285714285714286,0.4285714285714286,0.25
0.4661673903465271,0.0,False,0.9,0.15,0.9939404290917077,80K,20,1024,20480,18,0.00087890625,0.014013671875,1.0,0.888623326959847,0.5433795411089866,0.6238049713193117,0.888623326959847,0.6238049713193117,0.888623326959847,0.6238049713193117,0.888623326959847,0.6238049713193117,0.888623326959847,0.6238049713193117,0.888623326959847,0.9939404290917077,0.9939404290917077,0.9939404290917077,True,True,True,0.10195872371438618,0.1189850127184987,-0.5867483731493982,-0.5220007890776058,0.8947368421052632
0.6411827802658081,0.0,False,0.25,0.0,1.3786273835049765,8AW,20,1024,20480,5,0.000244140625,0.0021484375,1.0,0.7881720430107526,0.7019623655913977,0.7096774193548387,0.7881720430107526,0.7096774193548387,0.7881720430107526,0.7096774193548387,0.7881720430107526,0.7096774193548387,0.7881720430107526,0.7096774193548387,0.7881720430107526,1.3786273835049765,1.3786273835049765,1.3786273835049765,True,True,True,0.07439533005973999,0.07210308488952816,-0.6292307692307691,-0.38646616541353385,0.48
0.8029412031173706,0.0,False,0.05,0.0,1.1544452623805468,A1A06,20,1024,20480,1,4.8828125e-05,0.00029296875,1.0,0.8794117647058823,0.8256372549019609,0.8534313725490197,0.8794117647058823,0.8534313725490197,0.8794117647058823,0.8534313725490197,0.8794117647058823,0.8534313725490197,0.8794117647058823,0.8534313725490197,0.8794117647058823,1.1544452623805468,1.1544452623805468,1.1544452623805468,True,True,True,0.09216782631906534,0.09007635540132776,-0.31124113133072584,-0.2024078827317199,0.38095238095238093
0.6136820912361145,0.0,False,0.1,0.0,1.468550205230713,A1A07,20,1024,20480,2,9.765625e-05,0.000390625,1.0,0.7791750503018109,0.6973340040241449,0.6750503018108651,0.7791750503018109,0.6750503018108651,0.7791750503018109,0.6750503018108651,0.7791750503018109,0.6750503018108651,0.7791750503018109,0.6750503018108651,0.7791750503018109,1.8103427150733629,1.8103427150733629,1.8103427150733629,True,True,True,0.07414956139992471,0.07507643999833848,-0.2830508926315738,-0.05718587021416622,0.2727272727272727
0.7387205362319946,0.0,False,0.45,0.0,0.9470878791270799,A1A08,20,1024,20480,9,0.000439453125,0.00302734375,1.0,0.9126262626262627,0.8295202020202022,0.8797979797979799,0.9126262626262627,0.8797979797979799,0.9126262626262627,0.8797979797979799,0.9126262626262627,0.8797979797979799,0.9126262626262627,0.8797979797979799,0.9126262626262627,0.9470878791270799,0.9470878791270799,0.9470878791270799,True,True,True,0.056285488300676485,0.06975667172682701,-0.9326271779079756,-0.8977443609022555,0.8275862068965517
0.41601479053497314,0.0,False,0.55,0.1,4.540143966674805,A1A4K,20,1024,20480,11,0.000537109375,0.003564453125,1.0,0.552906976744186,0.438546511627907,0.4087209302325581,0.552906976744186,0.4087209302325581,0.552906976744186,0.4087209302325581,0.552906976744186,0.4087209302325581,0.552906976744186,0.4087209302325581,0.552906976744186,5.5487020071205935,5.402902126312256,5.115640163421631,False,False,False,0.0460834579871572,0.04764166402478854,0.18548387096774197,0.49323308270676686,0.3225806451612903
0.6240510940551758,0.0,False,0.15,0.05,2.11102294921875,A1A4S,20,1024,20480,3,0.000146484375,0.001904296875,1.0,0.7903726708074534,0.6319875776397517,0.7903726708074534,0.7903726708074534,0.7903726708074534,0.7903726708074534,0.7903726708074534,0.7903726708074534,0.7903726708074534,0.7903726708074534,0.7903726708074534,0.7903726708074534,2.2870240646861735,2.2870240646861735,2.2870240646861735,False,False,False,0.0933795325924971,0.09236496789850707,-0.6557944356368406,-0.6385859797217396,1.0
0.46650639176368713,0.0,False,0.15,0.0,4.520578384399414,A1A4T,20,1024,20480,3,0.000146484375,0.000537109375,1.0,0.5317307692307693,0.5039423076923077,0.48461538461538456,0.5317307692307693,0.48461538461538456,0.5317307692307693,0.48461538461538456,0.5317307692307693,0.48461538461538456,0.5317307692307693,0.48461538461538456,0.5317307692307693,4.7913503634988315,4.70985746383667,4.7913503634988315,False,False,False,0.0183005803898005,0.02135408138332388,-0.5612648221343874,-0.34586466165413526,0.21739130434782608
0.6126834750175476,0.0,False,0.6,0.05,1.9534620215814331,A1A4U,20,1024,20480,12,0.0005859375,0.00302734375,1.0,0.8936058700209644,0.7515199161425578,0.8647798742138366,0.8936058700209644,0.8647798742138366,0.8936058700209644,0.8647798742138366,0.8936058700209644,0.8647798742138366,0.8936058700209644,0.8647798742138366,0.8936058700209644,1.9534620215814331,1.9534620215814331,1.9534620215814331,True,True,True,0.09298392607623406,0.13372510589123104,-0.9471175917332931,-0.9469726130384807,0.90625
0.5160654783248901,0.0,False,0.45,0.05,1.7247716402108242,A1A4V,20,1024,20480,9,0.000439453125,0.003173828125,1.0,0.7448694029850746,0.5420942164179104,0.5275186567164178,0.7448694029850746,0.5275186567164178,0.7448694029850746,0.5275186567164178,0.7448694029850746,0.5275186567164178,0.7448694029850746,0.5275186567164178,0.7448694029850746,1.7247716402108242,1.7247716402108242,1.7247716402108242,True,True,True,0.06535409996945656,0.06551217287884332,-0.2975105570611204,-0.1551791828999764,0.5862068965517241
,,False,0.0,0.0,1.7863230625052107,A1APA,20,1024,20480,0,0.0,4.8828125e-05,1.0,0.7385245901639345,0.6731762295081966,0.6266393442622951,0.7385245901639345,0.6266393442622951,0.7385245901639345,0.6266393442622951,0.7385245901639345,0.6266393442622951,0.7385245901639345,0.6266393442622951,0.7385245901639345,1.7863230625052107,1.7863230625052107,1.7863230625052107,True,True,True,0.04654039515822221,0.04654039515822221,0.595936963284469,0.595936963284469,0.25
0.5224999785423279,0.0,False,0.25,0.05,1.1542254420170965,A1ASO,20,1024,20480,5,0.000244140625,0.003515625,1.0,0.8379807692307693,0.6089182692307692,0.6206730769230769,0.8379807692307693,0.6206730769230769,0.8379807692307693,0.6206730769230769,0.8379807692307693,0.6206730769230769,0.8379807692307693,0.6206730769230769,0.8379807692307693,1.1542254420170965,1.1542254420170965,1.1542254420170965,True,True,True,0.12846622326714968,0.16175260452176385,-0.363076923076923,-0.33533834586466166,0.68
0.4952358901500702,0.0,False,0.95,0.25,1.1959095001220703,A1ASP,20,1024,20480,19,0.000927734375,0.01796875,1.0,0.8152709359605911,0.6294642857142857,0.8152709359605911,0.8152709359605911,0.8152709359605911,0.8152709359605911,0.8152709359605911,0.8152709359605911,0.8152709359605911,0.8152709359605911,0.8152709359605911,0.8152709359605911,1.7603994298135213,1.7603994298135213,1.7603994298135213,True,True,True,0.07186065460123518,0.1608417203104963,-0.8626954816453487,-0.8736842105263156,1.0
0.5270365476608276,0.0,False,1.05,0.15,1.556462049484253,A1ASQ,20,1024,20480,21,0.001025390625,0.010986328125,1.0,0.7443052391799544,0.6623291571753986,0.5973804100227791,0.7443052391799544,0.5973804100227791,0.7443052391799544,0.5973804100227791,0.7443052391799544,0.5973804100227791,0.7443052391799544,0.5973804100227791,0.7443052391799544,2.1468837286677616,2.1468837286677616,2.1468837286677616,False,False,False,0.06540042313531144,0.1417089969022582,-0.6893157374019725,-0.3142857142857143,0.36585365853658536
0.5535442233085632,0.0,False,1.0,0.3,1.761541485786438,A1ASR,20,1024,20480,20,0.0009765625,0.01630859375,1.0,0.8069620253164558,0.6812974683544304,0.7430379746835444,0.8069620253164558,0.7430379746835444,0.8069620253164558,0.7430379746835444,0.8069620253164558,0.7430379746835444,0.8069620253164558,0.7430379746835444,0.8189873695373535,2.2838529132497607,1.9326895475387573,2.2838529132497607,False,True,False,0.06685607989557395,0.14324897510480325,-0.8122332200876925,-0.5964648785857944,0.85
0.6540952324867249,0.0,False,0.85,0.45,1.7141228914260864,A1ASS,20,1024,20480,17,0.000830078125,0.01806640625,1.0,0.7063291139240506,0.6612974683544304,0.5879746835443038,0.7284809947013855,0.5879746835443038,0.7063291139240506,0.5879746835443038,0.7063291139240506,0.5879746835443038,0.7284809947013855,0.5879746835443038,0.7474683523178101,2.7054490974938283,1.8489784002304077,2.6062991619110107,False,True,False,0.037527576251741,0.05328545252559229,0.377000595417593,0.7774436090225564,0.13513513513513514
0.38527268171310425,0.0,False,2.25,0.3,1.7538824081420898,A1AST,20,1024,20480,45,0.002197265625,0.11357421875,1.0,0.6325459317585301,0.5554133858267716,0.5912073490813649,0.7224409580230713,0.5912073490813649,0.6325459317585301,0.5912073490813649,0.6325459317585301,0.5912073490813649,0.7224409580230713,0.5912073490813649,0.7749344110488892,2.5868121969780757,1.8607518672943115,2.1349308490753174,False,True,False,0.03231417449253451,0.16416231850801388,-0.5329661925702839,-0.1481760164960927,0.8923076923076924
0.5881990194320679,0.0,False,0.4,0.05,1.5221635103225708,A1ASU,20,1024,20480,8,0.000390625,0.002294921875,1.0,0.7302631578947368,0.6356085526315789,0.7302631578947368,0.7302631578947368,0.7302631578947368,0.7302631578947368,0.7302631578947368,0.7302631578947368,0.7302631578947368,0.7302631578947368,0.7302631578947368,0.7368420958518982,1.9406470167726615,1.9406470167726615,1.9406470167726615,True,True,True,0.04343588976247533,0.04832192202816424,-0.7423019092368811,-0.813533834586466,1.0
0.5771955251693726,0.0,False,1.7,0.55,1.331589937210083,A1ASV,20,1024,20480,34,0.00166015625,0.019384765625,1.0,0.7365439093484418,0.5997875354107649,0.6310198300283286,0.7662889361381531,0.6310198300283286,0.7365439093484418,0.6310198300283286,0.7365439093484418,0.6310198300283286,0.7662889361381531,0.6310198300283286,0.7684136033058167,2.4944144338848924,1.7468940019607544,2.470257043838501,False,True,False,0.11821763862782408,0.11693435138945864,-0.7348860263019884,-0.7062806065473658,0.6296296296296297
0.2957368493080139,0.0,False,0.65,0.35,2.231713056564331,A1BNX,20,1024,20480,13,0.000634765625,0.0072265625,1.0,0.3191371681415929,0.29065265486725667,0.29148230088495575,0.36117255687713623,0.29148230088495575,0.3816371560096741,0.29148230088495575,0.3191371681415929,0.29148230088495575,0.36117255687713623,0.29148230088495575,0.6056416034698486,5.936034468339195,4.24038553237915,4.687303066253662,False,False,False,0.01998549735068646,0.033050295063818486,-0.08490723835796554,-0.6380739202843809,0.42424242424242425
0.34216076135635376,0.0,False,3.95,0.75,3.389972686767578,A1CIW,20,1024,20480,79,0.003857421875,0.003857421875,0.0,0.4542606516290727,0.3784147869674185,0.3289473684210526,0.5927318334579468,0.3289473684210526,0.5150375962257385,0.3289473684210526,0.4542606516290727,0.3289473684210526,0.5927318334579468,0.3289473684210526,0.6384711861610413,5.096438417780008,4.60867166519165,3.574895143508911,False,False,False,0.037484424208138974,0.085608074776832,-0.03351340320458065,0.7942836214206797,0.3939393939393939
0.497097909450531,0.0,False,184.75,0.95,0.5094383830809511,CFF,20,1024,20480,3695,0.180419921875,0.180419921875,0.0,0.9081395348837209,0.48127906976744195,0.4720930232558139,0.9418604373931885,0.4720930232558139,0.9081395348837209,0.4720930232558139,0.9081395348837209,0.4720930232558139,0.9418604373931885,0.4720930232558139,0.9418604373931885,0.5094383830809511,0.5094383830809511,0.5094383830809511,True,True,True,0.1049027337998413,0.12670346907285457,-0.00429293422406473,0.033911164277738756,0.4398384925975774
0.43896573781967163,0.0,False,5.75,0.75,1.5639746189117432,CL6,20,1024,20480,115,0.005615234375,0.122802734375,1.0,0.8181818181818182,0.4912405303030303,0.459280303030303,0.8181818181818182,0.459280303030303,0.8181818181818182,0.459280303030303,0.8181818181818182,0.459280303030303,0.8181818181818182,0.459280303030303,0.8181818181818182,1.5755147965410141,1.5639746189117432,1.5755147965410141,True,True,True,0.10214018619464038,0.08304695102012707,-0.18146031711893712,0.11069289661616274,0.6296296296296297
0.2709939479827881,0.0,False,0.8,0.25,3.2494932657728643,D0R,20,1024,20480,16,0.00078125,0.0009765625,0.25,0.6679515418502203,0.3254955947136564,0.6679515418502203,0.6679515418502203,0.6679515418502203,0.6679515418502203,0.6679515418502203,0.6679515418502203,0.6679515418502203,0.6679515418502203,0.6679515418502203,0.6679515418502203,3.2494932657728643,3.2494932657728643,3.2494932657728643,False,False,False,0.1262639982380667,0.11164931817423207,-0.3537134795680802,-0.32505652542789215,1.0
0.6272454857826233,0.0,False,0.15,0.0,0.9291235017587144,D7J,20,1024,20480,3,0.000146484375,0.00283203125,1.0,0.8802395209580838,0.7037175648702595,0.8802395209580838,0.8802395209580838,0.8802395209580838,0.8802395209580838,0.8802395209580838,0.8802395209580838,0.8802395209580838,0.8802395209580838,0.8802395209580838,0.8802395209580838,0.9291235017587144,0.9291235017587144,0.9291235017587144,True,True,True,0.06592529795744002,0.06818070919691462,-0.5254573059173604,-0.4747932119097221,1.0
0.6057837605476379,0.0,False,0.7,0.0,1.2068821775531462,D7M,20,1024,20480,14,0.00068359375,0.0138671875,1.0,0.8509513742071881,0.6881871035940803,0.7764270613107822,0.8509513742071881,0.7764270613107822,0.8509513742071881,0.7764270613107822,0.8509513742071881,0.7764270613107822,0.8509513742071881,0.7764270613107822,0.8509513742071881,1.2068821775531462,1.2068821775531462,1.2068821775531462,True,True,True,0.09180069968423397,0.11456909738845163,-0.5532467532467532,-0.4285714285714286,0.9411764705882353
0.6725401878356934,0.0,False,0.7,0.0,1.3591363430023193,D7Y,20,1024,20480,14,0.00068359375,0.00966796875,1.0,0.8548565121412803,0.7748344370860927,0.7290286975717439,0.8548565121412803,0.7290286975717439,0.8548565121412803,0.7290286975717439,0.8548565121412803,0.7290286975717439,0.8548565121412803,0.7290286975717439,0.8548565121412803,1.4571812623240261,1.4571812623240261,1.4571812623240261,True,True,True,0.0397569384428675,0.07036251929175648,-0.6158899923605805,-0.14887218045112782,0.4411764705882353
0.5081174373626709,0.0,False,0.5,0.2,2.0210375785827637,D81,20,1024,20480,10,0.00048828125,0.00400390625,1.0,0.7020725388601037,0.5256476683937822,0.6666666666666666,0.7020725388601037,0.6666666666666666,0.7020725388601037,0.6666666666666666,0.7020725388601037,0.6666666666666666,0.7020725388601037,0.6666666666666666,0.7020725388601037,2.192100000662288,2.192100000662288,2.192100000662288,False,False,False,0.08444854116214462,0.08628687223964439,-0.6769744160177975,-0.7187969924812029,0.9333333333333333
0.5146619081497192,0.0,False,0.15,0.0,1.5889947414398193,DEJ,20,1024,20480,3,0.000146484375,0.00400390625,1.0,0.7679533213644525,0.5856149012567325,0.7679533213644525,0.7679533213644525,0.7679533213644525,0.7679533213644525,0.7679533213644525,0.7679533213644525,0.7679533213644525,0.7679533213644525,0.7679533213644525,0.8074506521224976,1.9708524663420215,1.9708524663420215,1.9708524663420215,True,True,True,0.11038034241733254,0.10820744347626775,-0.23221343873517786,-0.09774436090225563,1.0
0.5657767057418823,0.0,False,0.2,0.0,1.8450120687484741,DEV,20,1024,20480,4,0.0001953125,0.000927734375,1.0,0.7699029126213592,0.6469417475728155,0.6388349514563106,0.7699029126213592,0.6388349514563106,0.7699029126213592,0.6388349514563106,0.7699029126213592,0.6388349514563106,0.7699029126213592,0.6388349514563106,0.7699029126213592,1.9152542282414062,1.9152542282414062,1.9152542282414062,True,True,True,0.029499269479125328,0.04254979050766563,0.00782949182375114,0.6726864206771658,0.5416666666666666
0.4334871768951416,0.0,False,0.2,0.0,3.3778064250946045,DJ1,20,1024,20480,4,0.0001953125,0.0033203125,1.0,0.5272873194221509,0.4836677367576244,0.4081059390048154,0.5272873194221509,0.4081059390048154,0.5272873194221509,0.4081059390048154,0.5272873194221509,0.4081059390048154,0.5272873194221509,0.4081059390048154,0.5678170323371887,3.8602606888773185,3.8602606888773185,3.8602606888773185,False,False,False,0.03495023336180245,0.04077906627326265,-0.06173913043478261,-0.1969924812030075,0.125
0.25384870171546936,0.0,False,0.8,0.0,2.9276013374328613,ERY,20,1024,20480,16,0.00078125,0.00078125,0.0,0.6721052631578948,0.6105,0.6721052631578948,0.6721052631578948,0.6721052631578948,0.6721052631578948,0.6721052631578948,0.6721052631578948,0.6721052631578948,0.6721052631578948,0.6721052631578948,0.6721052631578948,3.8147991469008797,3.8147991469008797,3.8147991469008797,False,False,False,0.02627073775229507,0.2367039277630692,-0.7602008043410049,-0.7476495451630261,1.0
0.6072328686714172,0.0,False,0.2,0.0,1.5369166466003432,FZV,20,1024,20480,4,0.0001953125,0.001806640625,1.0,0.7258064516129032,0.6618951612903226,0.6486895161290323,0.7258064516129032,0.6486895161290323,0.7258064516129032,0.6486895161290323,0.7258064516129032,0.6486895161290323,0.7258064516129032,0.6486895161290323,0.7258064516129032,1.5369166466003432,1.5369166466003432,1.5369166466003432,True,True,True,0.03954922443513798,0.04829542088823758,-0.08956521739130434,0.2556390977443609,0.375
0.5168222188949585,0.0,False,0.2,0.05,1.308565238630198,G0D,20,1024,20480,4,0.0001953125,0.00146484375,1.0,0.8334970530451866,0.5863457760314341,0.5830058939096268,0.8334970530451866,0.5830058939096268,0.8334970530451866,0.5830058939096268,0.8334970530451866,0.5830058939096268,0.8334970530451866,0.5830058939096268,0.8334970530451866,1.308565238630198,1.308565238630198,1.308565238630198,True,True,True,0.07174263156385487,0.07320989736569053,-0.39573821331254105,-0.07822490210961237,0.5416666666666666
0.45276346802711487,0.0,False,0.3,0.05,3.3956527709960938,G0J,20,1024,20480,6,0.00029296875,0.002001953125,1.0,0.4839331619537275,0.45571979434447296,0.4839331619537275,0.4839331619537275,0.4839331619537275,0.4839331619537275,0.4839331619537275,0.4839331619537275,0.4839331619537275,0.4839331619537275,0.4839331619537275,0.5919023156166077,5.373968872897374,5.373968872897374,5.373968872897374,False,False,False,0.01176092544987146,0.016677615971858895,-0.5323987084137362,-0.6736842105263157,1.0
0.719926118850708,0.0,False,0.2,0.05,1.7375800425041157,G0M,20,1024,20480,4,0.0001953125,0.001318359375,1.0,0.7862903225806451,0.7523521505376344,0.7775537634408602,0.7862903225806451,0.7775537634408602,0.7862903225806451,0.7775537634408602,0.7862903225806451,0.7775537634408602,0.7862903225806451,0.7775537634408602,0.7862903225806451,1.7375800425041157,1.7375800425041157,1.7375800425041157,True,True,True,0.0693558480692576,0.0650977472713132,-0.40713357483505924,-0.024078261142806826,0.875
0.5097293257713318,0.0,False,0.15,0.05,3.411215305328369,G0V,20,1024,20480,3,0.000146484375,0.001611328125,1.0,0.5374365482233503,0.5001269035532996,0.5279187817258884,0.5501269102096558,0.5279187817258884,0.5374365482233503,0.5279187817258884,0.5374365482233503,0.5279187817258884,0.5501269102096558,0.5279187817258884,0.5901015400886536,4.6319969804450585,4.550220489501953,4.6319969804450585,False,False,False,0.019560856239118005,0.022919643113931295,-0.386459117308221,-0.5310267393210225,0.8695652173913043
0.7840780019760132,0.0,False,0.2,0.0,1.5786629563013077,G1J,20,1024,20480,4,0.0001953125,0.001318359375,1.0,0.872737556561086,0.8182692307692309,0.872737556561086,0.872737556561086,0.872737556561086,0.872737556561086,0.872737556561086,0.872737556561086,0.872737556561086,0.872737556561086,0.872737556561086,0.872737556561086,1.5786629563013077,1.5786629563013077,1.5786629563013077,True,True,True,0.07724432603279521,0.07273211271192634,-0.6288323697252028,-0.365550984858381,1.0
0.30960386991500854,0.0,False,0.3,0.2,3.8738508224487305,J9K,20,1024,20480,6,0.00029296875,0.014111328125,1.0,0.33856502242152464,0.27990470852017935,0.2617713004484305,0.33856502242152464,0.2617713004484305,0.3497757911682129,0.2617713004484305,0.33856502242152464,0.2617713004484305,0.33856502242152464,0.2617713004484305,0.4428251087665558,4.748036182995287,4.748036182995287,4.748036182995287,False,False,False,0.025689086394733746,0.026745531478759223,0.4944435018408879,0.25347876933595553,0.15384615384615385
0.36239317059516907,0.0,False,0.05,0.0,2.9682419300079346,KLN,20,1024,20480,1,4.8828125e-05,0.000634765625,1.0,0.4615384615384615,0.3801495726495726,0.42136752136752137,0.4615384615384615,0.42136752136752137,0.4615384615384615,0.42136752136752137,0.4615384615384615,0.42136752136752137,0.4615384615384615,0.42136752136752137,0.5367521643638611,3.6112938850402934,3.6112938850402934,3.6112938850402934,False,False,False,0.03134127403915248,0.03081881396716711,-0.24285714285714283,-0.23759398496240602,0.9047619047619048
0.5100100040435791,0.0,False,425.7,1.0,1.0118225812911987,MF8,20,1024,20480,8514,0.41572265625,0.41572265625,0.0,0.8352713178294573,0.6489341085271316,0.5833333333333333,0.856589138507843,0.5833333333333333,0.8449612259864807,0.5833333333333333,0.8468992114067078,0.5833333333333333,0.856589138507843,0.5833333333333333,0.856589138507843,1.093221963500453,1.0118225812911987,1.0285238027572632,True,True,True,0.09113942600904845,0.10685442530423024,-0.356533333568396,-0.4030075187969925,0.7594328568080618
0.452366441488266,0.0,False,2.4,0.1,1.4170183343548537,MWS,20,1024,20480,48,0.00234375,0.00234375,0.0,0.8143872113676731,0.6678285968028419,0.7357904085257548,0.8143872113676731,0.7357904085257548,0.8143872113676731,0.7357904085257548,0.8143872113676731,0.7357904085257548,0.8143872113676731,0.7357904085257548,0.8143872113676731,1.4170183343548537,1.4170183343548537,1.4170183343548537,True,True,True,0.07646588952625412,0.16321503254527525,-0.777183975100049,-0.8721804511278194,0.9411764705882353
0.37065786123275757,0.0,False,1.05,0.3,3.4427289962768555,MWV,20,1024,20480,21,0.001025390625,0.001025390625,0.0,0.5683890577507599,0.397701367781155,0.4076747720364742,0.5683890577507599,0.4076747720364742,0.5683890577507599,0.4076747720364742,0.5683890577507599,0.4076747720364742,0.5683890577507599,0.4076747720364742,0.5683890577507599,3.727646562627279,3.727646562627279,3.727646562627279,False,False,False,0.046106977210688536,0.04503836437103562,-0.5440766550522649,-0.5187969924812029,0.8048780487804879
0.23006904125213623,0.0024752475247524753,True,20.2,0.9,3.7211625576019287,MWY,20,1024,20480,404,0.0197265625,0.0197265625,0.0,0.4007042253521127,0.37200704225352116,0.352112676056338,0.45704224705696106,0.1605633795261383,0.44859156012535095,0.352112676056338,0.4007042253521127,0.352112676056338,0.45704224705696106,0.1605633795261383,0.4830985963344574,5.8518315761788235,5.000392913818359,4.03495979309082,False,False,False,0.019081615861247576,0.09098821496088937,-0.030718294376020333,0.5372462017488773,0.23820754716981132
0.492966890335083,0.0,False,7.0,0.35,0.2646152176832227,MYT,20,1024,20480,140,0.0068359375,0.1572265625,1.0,0.9594972067039106,0.7404329608938547,0.9594972067039106,0.9594972067039106,0.9594972067039106,0.9594972067039106,0.9594972067039106,0.9594972067039106,0.9594972067039106,0.9594972067039106,0.9594972067039106,0.9594972067039106,0.2646152176832227,0.2646152176832227,0.2646152176832227,True,True,True,0.0990865191827901,0.21008506817978304,-0.6598953019951366,-0.848006259623228,1.0
0.6807359457015991,0.0,False,0.1,0.05,1.6548444025876463,NH0,20,1024,20480,2,9.765625e-05,0.0017578125,1.0,0.7754329004329004,0.7216450216450216,0.7294372294372294,0.7754329004329004,0.7294372294372294,0.7754329004329004,0.7294372294372294,0.7754329004329004,0.7294372294372294,0.7754329004329004,0.7294372294372294,0.7754329004329004,1.6548444025876463,1.6548444025876463,1.6548444025876463,True,True,True,0.042897435036635935,0.042569573338870036,-0.5911914172783739,-0.49624060150375937,0.5454545454545454
0.6128814816474915,0.0,False,0.2,0.0,1.4063329680216792,NI6,20,1024,20480,4,0.0001953125,0.001416015625,1.0,0.7998204667863555,0.7476885098743267,0.7365350089766607,0.7998204667863555,0.7365350089766607,0.7998204667863555,0.7365350089766607,0.7998204667863555,0.7365350089766607,0.7998204667863555,0.7365350089766607,0.7998204667863555,1.4063329680216792,1.4063329680216792,1.4063329680216792,True,True,True,0.04718434522046218,0.07014491277834074,-0.2252173913043478,0.2857142857142857,0.375
0.24560518562793732,0.0,False,0.25,0.05,3.1085877418518066,NJ0,20,1024,20480,5,0.000244140625,0.00166015625,1.0,0.32168587896253603,0.2686239193083574,0.24495677233429392,0.32168587896253603,0.24495677233429392,0.32168587896253603,0.24495677233429392,0.32168587896253603,0.24495677233429392,0.32168587896253603,0.24495677233429392,0.5630403161048889,8.107659414339679,8.034518241882324,6.137155055999756,False,False,False,0.0398414171325598,0.041018846243778995,-0.09311274255990265,0.252069296338759,0.24
0.6092592477798462,0.0,False,0.05,0.0,2.031614065170288,NJO,20,1024,20480,1,4.8828125e-05,0.000390625,1.0,0.7381481481481481,0.6979074074074074,0.682962962962963,0.7381481481481481,0.682962962962963,0.7381481481481481,0.682962962962963,0.7381481481481481,0.682962962962963,0.7381481481481481,0.682962962962963,0.7381481481481481,2.2953512845041857,2.2953512845041857,2.2953512845041857,False,False,False,0.018401957237705074,0.026055730293704116,0.25138033154327716,0.44904102460998646,0.2857142857142857
0.6923356056213379,0.0,False,0.3,0.0,0.7248153994453769,NXR,20,1024,20480,6,0.00029296875,0.001416015625,1.0,0.9201570680628273,0.831391797556719,0.9149214659685864,0.9201570680628273,0.9149214659685864,0.9201570680628273,0.9149214659685864,0.9201570680628273,0.9149214659685864,0.9201570680628273,0.9149214659685864,0.9201570680628273,0.7248153994453769,0.7248153994453769,0.7248153994453769,True,True,True,0.04910547803834383,0.07445241174483025,-0.5398290598290598,-0.012030075187969924,0.9615384615384616
0.6820300817489624,0.0,False,0.1,0.0,0.5235307991101031,NYF,20,1024,20480,2,9.765625e-05,0.000390625,1.0,0.8461262553802009,0.7810616929698708,0.8253228120516498,0.8461262553802009,0.8253228120516498,0.8461262553802009,0.8253228120516498,0.8461262553802009,0.8253228120516498,0.8461262553802009,0.8253228120516498,0.8461262553802009,0.5235307991101031,0.5235307991101031,0.5235307991101031,True,True,True,0.035842961127253124,0.04512839627904453,-0.73199664031634,-0.643098954843448,0.9545454545454546
0.322502464056015,0.007702182284980745,True,233.7,0.95,1.5751824378967285,PG0,20,1024,20480,4674,0.22822265625,0.22822265625,0.0,0.6735294117647058,0.4125,0.4823529411764706,0.7735294103622437,0.5,0.7735294103622437,0.5,0.7176470756530762,0.2823529541492462,0.7735294103622437,0.5,0.7735294103622437,2.5828662495644554,1.6529018878936768,1.586978793144226,False,True,True,0.1442882393709246,0.17217630600341352,-0.546699325858297,-0.6104633172393985,0.858116744780571
0.14107131958007812,0.0003671071953010279,True,136.2,0.75,1.0759531259536743,PG4,20,1024,20480,2724,0.1330078125,0.1330078125,0.0,0.8184782608695652,0.5007065217391304,0.5836956521739131,0.8184782608695652,0.22173912823200226,0.8184782862663269,0.5836956521739131,0.8184782608695652,0.5836956521739131,0.8184782608695652,0.22173912823200226,0.821739137172699,1.4778760009657286,1.224118709564209,1.464914083480835,True,True,True,0.2307120652788176,0.2083834262130787,-0.8055072641317264,-0.3207834963162267,0.6672740524781341
0.2775084972381592,0.0,False,2.25,0.4,1.6973923444747925,PK9,20,1024,20480,45,0.002197265625,0.045703125,1.0,0.5095663265306123,0.29719387755102045,0.39668367346938777,0.5216836929321289,0.39668367346938777,0.5095663265306123,0.39668367346938777,0.5095663265306123,0.39668367346938777,0.5216836929321289,0.39668367346938777,0.7519132494926453,4.185733267318114,3.0545427799224854,3.547476291656494,False,False,False,0.13322091957000867,0.11436178259724479,0.20633966718525448,0.23308270676691725,0.7846153846153846
0.3257918655872345,0.0,False,0.35,0.2,4.101889610290527,PKT,20,1024,20480,7,0.000341796875,0.00302734375,1.0,0.4983031674208145,0.30704185520361993,0.36990950226244346,0.4983031674208145,0.36990950226244346,0.4983031674208145,0.36990950226244346,0.4983031674208145,0.36990950226244346,0.4983031674208145,0.36990950226244346,0.4983031674208145,4.118939683273345,4.118939683273345,4.118939683273345,False,False,False,0.07087879882820222,0.07479957935843119,0.14102564102564102,0.10225563909774435,0.8518518518518519
0.4902998208999634,0.0,False,0.15,0.05,2.7335915565490723,QDJ,20,1024,20480,3,0.000146484375,0.000732421875,1.0,0.6410934744268078,0.5422619047619047,0.6410934744268078,0.6410934744268078,0.6410934744268078,0.6410934744268078,0.6410934744268078,0.6410934744268078,0.6410934744268078,0.6410934744268078,0.6410934744268078,0.6410934744268078,2.971903800537142,2.971903800537142,2.971903800537142,False,False,False,0.10593902002801636,0.10167346686465477,-0.6551383399209486,-0.5413533834586466,1.0
0.6849087476730347,0.0,False,0.2,0.05,2.2484664916992188,QDP,20,1024,20480,4,0.0001953125,0.001123046875,1.0,0.7466832504145937,0.7146144278606965,0.7288557213930348,0.7466832504145937,0.7288557213930348,0.7466832504145937,0.7288557213930348,0.7466832504145937,0.7288557213930348,0.7466832504145937,0.7288557213930348,0.7541459202766418,2.38279533170778,2.38279533170778,2.38279533170778,False,False,False,0.020719016740811256,0.023722427280102907,-0.3878260869565217,-0.13984962406015036,0.7916666666666666
0.5100871324539185,0.0,False,0.25,0.1,1.9782273153768475,QDV,20,1024,20480,5,0.000244140625,0.00234375,1.0,0.752177068214804,0.4839259796806967,0.5410014513788098,0.752177068214804,0.5410014513788098,0.752177068214804,0.5410014513788098,0.752177068214804,0.5410014513788098,0.752177068214804,0.5410014513788098,0.752177068214804,1.9782273153768475,1.9782273153768475,1.9782273153768475,True,True,True,0.1333830204802974,0.12224876482058977,-0.5938461538461539,-0.6210526315789473,0.64
0.3274371027946472,0.0,False,0.1,0.0,2.7619378566741943,QDY,20,1024,20480,2,9.765625e-05,0.00107421875,1.0,0.6525157232704403,0.39235455974842764,0.36753144654088055,0.6525157232704403,0.36753144654088055,0.6525157232704403,0.36753144654088055,0.6525157232704403,0.36753144654088055,0.6525157232704403,0.36753144654088055,0.6525157232704403,2.8768995974644467,2.8768995974644467,2.8768995974644467,False,False,False,0.08115346694539809,0.07961048630927754,-0.41276115189158674,-0.2706766917293233,0.5
0.6215503215789795,0.0,False,0.1,0.0,1.306243885851213,QE4,20,1024,20480,2,9.765625e-05,0.00107421875,1.0,0.8060064935064934,0.7093141233766235,0.7642045454545454,0.8060064935064934,0.7642045454545454,0.8060064935064934,0.7642045454545454,0.8060064935064934,0.7642045454545454,0.8060064935064934,0.7642045454545454,0.8060064935064934,1.306243885851213,1.306243885851213,1.306243885851213,True,True,True,0.08068084592606461,0.08097748198591558,-0.7052512704686619,-0.6481203007518795,0.8636363636363636
0.43608275055885315,0.0,False,0.3,0.05,2.684190273284912,QEA,20,1024,20480,6,0.00029296875,0.002197265625,1.0,0.5888605442176871,0.4610331632653062,0.5276360544217688,0.5888605442176871,0.5276360544217688,0.5888605442176871,0.5276360544217688,0.5888605442176871,0.5276360544217688,0.5888605442176871,0.5276360544217688,0.5888605442176871,3.194042347853825,3.194042347853825,3.194042347853825,False,False,False,0.06238525421070798,0.060472876946393805,-0.6895726495726495,-0.6857142857142857,0.8846153846153846
0.49602803587913513,0.0,False,0.25,0.05,3.5250229835510254,QEP,20,1024,20480,5,0.000244140625,0.0013671875,1.0,0.6098130841121495,0.5354166666666668,0.5989096573208723,0.6098130841121495,0.5989096573208723,0.6098130841121495,0.5989096573208723,0.6098130841121495,0.5989096573208723,0.6098130841121495,0.5989096573208723,0.6098130841121495,4.725224833495431,4.725224833495431,4.725224833495431,False,False,False,0.08521113020890479,0.08176557654167732,-0.8061538461538461,-0.7458646616541353,0.92
0.5257788300514221,0.0,False,0.25,0.0,2.6111128330230713,QES,20,1024,20480,5,0.000244140625,0.00185546875,1.0,0.7270249221183801,0.6315809968847352,0.6487538940809968,0.7270249221183801,0.6487538940809968,0.7270249221183801,0.6487538940809968,0.7270249221183801,0.6487538940809968,0.7270249221183801,0.6487538940809968,0.7270249221183801,2.7397443784412703,2.736988067626953,2.7397443784412703,False,False,False,0.06082635539406366,0.08525708219196534,-0.4469230769230769,-0.17293233082706763,0.68
0.5910912752151489,0.0,False,0.1,0.0,1.6416977918845246,RIT,20,1024,20480,2,9.765625e-05,0.000244140625,1.0,0.719790382244143,0.6900739827373614,0.714549938347719,0.719790382244143,0.714549938347719,0.719790382244143,0.714549938347719,0.719790382244143,0.714549938347719,0.719790382244143,0.714549938347719,0.719790382244143,1.6416977918845246,1.6416977918845246,1.6416977918845246,True,True,True,0.02094168363265616,0.03530729854958857,-0.7244494635798985,-0.6601503759398496,0.9545454545454546
0.2767584025859833,0.0,False,0.05,0.05,3.83371639251709,T0K,20,1024,20480,1,4.8828125e-05,0.000390625,1.0,0.25688073394495414,0.2349006116207951,0.2308868501529052,0.2767584025859833,0.2308868501529052,0.25688073394495414,0.2308868501529052,0.25688073394495414,0.2308868501529052,0.2767584025859833,0.2308868501529052,0.5286697149276733,9.330452356283985,9.252287864685059,7.5610246658325195,False,False,False,0.008894086131647362,0.012441745972920533,0.5212872155878047,0.44561563971112694,0.38095238095238093
0.38862910866737366,0.0,False,13.5,1.0,2.2653727531433105,TCI,20,1024,20480,270,0.01318359375,0.01318359375,0.0,0.42565947242206237,0.36450839328537166,0.30035971223021585,0.6414868235588074,0.30035971223021585,0.5977218151092529,0.30035971223021585,0.42565947242206237,0.30035971223021585,0.6414868235588074,0.30035971223021585,0.6522781848907471,4.622729044962429,2.2653727531433105,2.669574499130249,False,False,False,0.06017076407614785,0.11532897888527757,0.19889508743466416,0.47611887534023684,0.23793103448275862
0.6307470798492432,0.0,False,0.2,0.0,1.5698232650756836,X5Y,20,1024,20480,4,0.0001953125,0.001025390625,1.0,0.8113026819923371,0.7414511494252874,0.7528735632183907,0.8113026819923371,0.7528735632183907,0.8113026819923371,0.7528735632183907,0.8113026819923371,0.7528735632183907,0.8113026819923371,0.7528735632183907,0.8113026819923371,1.6797207541934702,1.6797207541934702,1.6797207541934702,True,True,True,0.040240224850318244,0.06321292478022351,-0.8032181098772126,-0.6641595054114205,0.7083333333333334
0.6466373801231384,0.0,False,0.3,0.0,1.8641073596526159,X6J,20,1024,20480,6,0.00029296875,0.001220703125,1.0,0.7451754385964913,0.6710087719298246,0.5811403508771931,0.7451754385964913,0.5811403508771931,0.7451754385964913,0.5811403508771931,0.7451754385964913,0.5811403508771931,0.7451754385964913,0.5811403508771931,0.7451754385964913,1.8641073596526159,1.8641073596526159,1.8641073596526159,True,True,True,0.0868027666526442,0.0783068293290359,-0.6380577969813948,-0.4114328985957497,0.15384615384615385
0.6213082671165466,0.0,False,0.35,0.05,1.3855430513338067,X6S,20,1024,20480,7,0.000341796875,0.0015625,1.0,0.8311638591117918,0.7100114854517612,0.7978560490045941,0.8311638591117918,0.7978560490045941,0.8311638591117918,0.7978560490045941,0.8311638591117918,0.7978560490045941,0.8311638591117918,0.7978560490045941,0.8311638591117918,1.3855430513338067,1.3855430513338067,1.3855430513338067,True,True,True,0.1461899190690832,0.14033219621272508,-0.8266178266178266,-0.6706766917293233,0.7777777777777778
0.3686046302318573,0.0,False,0.25,0.0,3.71368670463562,X6V,20,1024,20480,5,0.000244140625,0.00283203125,1.0,0.492397137745975,0.4134615384615385,0.4409660107334526,0.492397137745975,0.4409660107334526,0.492397137745975,0.4409660107334526,0.492397137745975,0.4409660107334526,0.492397137745975,0.4409660107334526,0.49865832924842834,4.462533465957532,4.462533465957532,4.462533465957532,False,False,False,0.025386791544865308,0.029443743423444666,-0.5415384615384615,-0.23909774436090225,0.88
0.5267749428749084,0.0,False,0.3,0.1,1.7427365839308002,X71,20,1024,20480,6,0.00029296875,0.001611328125,1.0,0.8014440433212996,0.5879061371841154,0.7942238267148014,0.8014440433212996,0.7942238267148014,0.8014440433212996,0.7942238267148014,0.8014440433212996,0.7942238267148014,0.8014440433212996,0.7942238267148014,0.8014440433212996,1.7427365839308002,1.7427365839308002,1.7427365839308002,True,True,True,0.14638008431538554,0.14468881447697565,-0.42017094017094014,-0.49624060150375937,0.9615384615384616
0.5905991196632385,0.0,False,0.35,0.05,1.6387289028575738,X74,20,1024,20480,7,0.000341796875,0.001513671875,1.0,0.7844287949921752,0.6699921752738656,0.7523474178403755,0.7844287949921752,0.7523474178403755,0.7844287949921752,0.7523474178403755,0.7844287949921752,0.7523474178403755,0.7844287949921752,0.7523474178403755,0.7844287949921752,1.6387289028575738,1.6387289028575738,1.6387289028575738,True,True,True,0.1336926362286891,0.12916313276003907,-0.8217338217338217,-0.6511278195488721,0.8518518518518519
0.6599218249320984,0.0,False,0.35,0.0,1.6019739120446699,X7D,20,1024,20480,7,0.000341796875,0.0013671875,1.0,0.801405325443787,0.7009245562130177,0.7747781065088757,0.801405325443787,0.7747781065088757,0.801405325443787,0.7747781065088757,0.801405325443787,0.7747781065088757,0.801405325443787,0.7747781065088757,0.801405325443787,1.6019739120446699,1.6019739120446699,1.6019739120446699,True,True,True,0.13294792237032269,0.11738433447773636,-0.8229548229548229,-0.6601503759398496,0.8888888888888888
0.5904638767242432,0.0,False,0.2,0.0,1.6103785037994385,X7J,20,1024,20480,4,0.0001953125,0.000927734375,1.0,0.7407216494845361,0.7144845360824743,0.729381443298969,0.7407216494845361,0.729381443298969,0.7407216494845361,0.729381443298969,0.7407216494845361,0.729381443298969,0.7407216494845361,0.729381443298969,0.7407216494845361,2.155847799914863,2.085087299346924,2.155847799914863,False,False,False,0.04425878376641769,0.07153319204736025,-0.7269565217391305,-0.5323308270676691,0.7083333333333334
0.7351974248886108,0.0,False,0.2,0.0,1.5754995184633491,X7M,20,1024,20480,4,0.0001953125,0.000927734375,1.0,0.8415071770334928,0.8160885167464114,0.8175837320574162,0.8415071770334928,0.8175837320574162,0.8415071770334928,0.8175837320574162,0.8415071770334928,0.8175837320574162,0.8415071770334928,0.8175837320574162,0.8415071770334928,1.5754995184633491,1.5754995184633491,1.5754995184633491,True,True,True,0.020008193389358817,0.037450685913622946,-0.5515442018064691,-0.2302483721780903,0.5416666666666666
0.4774172902107239,0.0,False,0.2,0.0,3.719409704208374,X7P,20,1024,20480,4,0.0001953125,0.000927734375,1.0,0.5349872773536896,0.5050890585241731,0.5349872773536896,0.5349872773536896,0.5349872773536896,0.5349872773536896,0.5349872773536896,0.5349872773536896,0.5349872773536896,0.5349872773536896,0.5349872773536896,0.5527989864349365,4.530972049541439,4.5067338943481445,4.530972049541439,False,False,False,0.011315290175246384,0.017345786558372923,-0.7897264027581787,-0.7663923126768959,1.0
0.4983361065387726,0.0,False,0.2,0.0,2.8601605892181396,Y83,20,1024,20480,4,0.0001953125,0.001416015625,1.0,0.6326955074875207,0.5856905158069883,0.6326955074875207,0.6326955074875207,0.6326955074875207,0.6326955074875207,0.6326955074875207,0.6326955074875207,0.6326955074875207,0.6326955074875207,0.6326955074875207,0.6326955074875207,3.3673077994585117,3.081479549407959,3.3673077994585117,False,False,False,0.04115110066315112,0.05825842885841442,-0.6243478260869564,-0.4030075187969925,1.0
0.3026547431945801,0.05714285714285714,True,5.25,0.5,1.5139539241790771,YNV,20,1024,20480,105,0.005126953125,0.005126953125,0.0,0.6093429158110882,0.2893737166324435,0.6093429158110882,0.7515400648117065,0.12679670751094818,0.6093429158110882,0.6093429158110882,0.6093429158110882,0.6093429158110882,0.7515400648117065,0.12679670751094818,0.7695071697235107,3.0923860116463873,1.7245385646820068,3.0923860116463873,False,True,False,0.08017719638304747,0.15594041209331935,-0.0663478716399362,-0.5894736842105263,0.088
,,False,0.0,0.0,1.282223707975822,Z8Z,20,1024,20480,0,0.0,0.000146484375,1.0,0.8010416666666667,0.6749479166666666,0.7093750000000001,0.8010416666666667,0.7093750000000001,0.8010416666666667,0.7093750000000001,0.8010416666666667,0.7093750000000001,0.8010416666666667,0.7093750000000001,0.8010416666666667,1.282223707975822,1.282223707975822,1.282223707975822,True,True,True,0.0448448321158207,0.0448448321158207,-0.5834586466165413,-0.5834586466165413,0.8
,,False,0.0,0.0,1.2410251907874787,Z9Z,20,1024,20480,0,0.0,0.000146484375,1.0,0.7864046391752577,0.7009503865979382,0.7055412371134021,0.7864046391752577,0.7055412371134021,0.7864046391752577,0.7055412371134021,0.7864046391752577,0.7055412371134021,0.7864046391752577,0.7055412371134021,0.7864046391752577,1.2410251907874787,1.2410251907874787,1.2410251907874787,True,True,True,0.0278667792028515,0.0278667792028515,-0.37457693510179774,-0.37457693510179774,0.65
