id,status,n_checks,n_failed,failed
OCNT-2312554,pass,22,0,
OCNT-2312966,pass,22,0,
OCNT-2313038,pass,22,0,
OCNT-2313300,pass,22,0,
OCNT-2313397,pass,22,0,
OCNT-2313429,pass,22,0,
OCNT-2315379,pass,22,0,
OCNT-2395328,pass,22,0,
OCNT-2395342,pass,22,0,
OCNT-2395415,pass,22,0,
OCNT-2395436,pass,22,0,
OCNT-2395457,pass,22,0,
OCNT-2395460,pass,22,0,
OCNT-2395464,pass,22,0,
OCNT-2395503,pass,22,0,
OCNT-2395645,pass,22,0,
OCNT-2395712,pass,22,0,
OCNT-2395789,pass,22,0,
OCNT-2535422,pass,22,0,
OCNT-2535519,pass,22,0,
