id,smiles,pred_mode,n_heavy,n_rot,mw,tercile
08J,Cc1ncc2n1-c3ccc(cc3C(=NC2)c4ccccc4F)Cl,type_I,23,1,325.8,small
08Y,CC(C)C[C@H]1C(=O)N2CCC[C@H]2[C@]3(N1C(=O)[C@](O3)(C(C)C)NC(=O)[C@H]4CN([C@@H]5Cc6c7c(cccc7[nH]c6Br)C5=C4)C)O,type_I,43,5,654.6,large
1RD,CC(C)c1nc(cs1)CN(C)C(=O)N[C@@H](C(C)C)C(=O)NCCCCNC(=O)OCc2cncs2,type_II,35,13,524.7,small
2QH,Cc1cc(ccc1OC)[C@]2(C3=NCC(CN3C(=N2)N)(F)F)c4ccc(c(c4)c5cccnc5)F,type_II,34,4,465.5,small
5AW,C[C@@H](CC[C@H](C)NC(=O)OCc1cncs1)NC(=O)[C@@H](C(C)C)NC(=O)N(C)Cc2csc(n2)C(C)C,type_II,37,13,552.8,medium
6AW,CC[C@@H](CC[C@H](CC)NC(=O)OCc1cncs1)NC(=O)[C@H](CO)NC(=O)N(C)Cc2csc(n2)C(C)C,type_II,38,15,568.8,medium
7AW,CCC[C@@H](CC[C@H](Cc1ccccc1)NC(=O)[C@H](C(C)C)NC(=O)N(C)Cc2csc(n2)C(C)C)NC(=O)OCc3cncs3,type_II,45,17,656.9,large
80K,CC(C)(C)OC(=O)NCCSC[C@H](C(=O)NCc1cccnc1)Nc2ccccc2,type_II,30,10,430.6,small
8AW,CC[C@H](C)C(=O)N[C@H](CC[C@H](Cc1ccccc1)NC(=O)OCc2cncs2)Cc3ccccc3,type_II,35,13,493.7,small
A1A06,c1ccc(cc1)C[C@@H](CS[C@H](Cc2ccccc2)C(=O)NCCCc3cccnc3)NC(=O)CNC(=O)C(F)(F)F,type_II,41,15,586.7,large
A1A07,c1ccc(cc1)C[C@@H](CS[C@H](Cc2ccccc2)C(=O)NCCc3cccnc3)NC(=O)CNC(=O)C(F)(F)F,type_II,40,14,572.7,medium
A1A08,c1ccc(cc1)C[C@@H](CS[C@H](Cc2ccccc2)C(=O)NCCCc3cccnc3)NC(=O)C(F)(F)F,type_II,37,13,529.6,medium
A1A4K,c1ccc(cc1)C[C@@H](C(=O)NCCCc2cccnc2)SC[C@H](Cc3cccc4c3cccc4)NC(=O)c5cccnc5,type_II,43,14,588.8,large
A1A4S,c1ccc(cc1)C[C@H](C(=O)NCCCc2cccnc2)SC[C@H](Cc3c[nH]c4c3cccc4)NC(=O)c5cccnc5,type_II,42,14,577.8,large
A1A4T,CC(C)(C)C(=O)N[C@@H](Cc1ccc(cc1)c2ccccc2)CS[C@H](Cc3ccccc3)C(=O)NCCCc4cccnc4,type_II,43,14,593.8,large
A1A4U,c1ccc(cc1)C[C@@H](CS[C@H](Cc2ccccc2)C(=O)NCCCc3cccnc3)NS(=O)(=O)c4ccccc4,type_II,40,15,573.8,medium
A1A4V,c1ccc(cc1)C[C@H](C(=O)NCCCc2cccnc2)SC[C@H](Cc3cccc4c3cccc4)NC(=O)c5cccnc5,type_II,43,14,588.8,large
A1APA,CC(C)c1nc(cs1)CN(C)C(=O)N[C@@H](CCN2CCOCC2)C(=O)N[C@H](CC[C@H](Cc3ccccc3)NC(=O)OCc4cncs4)Cc5ccccc5,type_II,54,19,776.0,large
A1ASO,c1ccc(c(c1)N(Cc2cccc(c2)O)C(=O)Nc3cc(ccc3n4ccnc4)C(F)(F)F)Cl,type_II,34,5,486.9,small
A1ASP,c1ccc(c(c1)CC(=O)Nc2cc(ccc2n3ccnc3)C(F)(F)F)Cl,type_II,26,4,379.8,small
A1ASQ,c1ccc(c(c1)CCCl)NC(=O)Nc2cc(ccc2n3ccnc3)C(F)(F)F,type_II,28,5,408.8,small
A1ASR,c1ccc(c(c1)NC(=O)Nc2cc(ccc2n3ccnc3)C(F)(F)F)Cl,type_II,26,3,380.8,small
A1ASS,c1cc(c(cc1C(F)(F)F)NC(=O)C2CCC2)n3ccnc3,type_II,22,3,309.3,small
A1AST,c1ccc(c(c1)CCC(=O)NC[C@@H]2Cc3cccc(c3O2)c4cccnc4)Cl,type_II,28,6,392.9,small
A1ASU,Cc1nc(cs1)c2ccc(cc2)n3c(cnn3)c4ccc(cc4)OC,type_II,25,4,348.4,small
A1ASV,CC(C)(C)C(=O)Nc1cc(ccc1n2ccnc2)C(F)(F)F,type_II,22,2,311.3,small
A1BNX,c1ccc(c(c1)NC(=O)N(Cc2cccc(c2)O)c3cc(ccc3n4ccnc4)C(F)(F)F)Cl,type_II,34,5,486.9,small
A1CIW,c1ccc(cc1)C(c2ccccc2)([C@@H]3CCN(C3)CCc4ccc5c(c4)CCO5)C(=O)N,type_I,32,7,426.6,small
CFF,Cn1cnc2c1C(=O)N(C(=O)N2C)C,type_I,14,0,194.2,small
CL6,c1ccc(cc1)C(c2ccccc2)(c3ccccc3Cl)n4ccnc4,type_II,25,4,344.8,small
D0R,CC(C)c1nc(cs1)CN(C)C(=O)N[C@@H](C(C)C)C(=O)N[C@@H](Cc2ccccc2)C[C@@H]([C@H](Cc3ccccc3)N)O,type_I,41,14,579.8,large
D7J,CC(C)N[C@@H](CSC[C@H](Cc1ccccc1)NC(=O)OC(C)(C)C)C(=O)NCc2cccnc2,type_II,34,12,486.7,small
D7M,CC(C)(C)OC(=O)NCCSC[C@@H](C(=O)NCc1cccnc1)NC2CCCC2,type_II,29,10,422.6,small
D7Y,CC(C)N[C@@H](CSCCNC(=O)OC(C)(C)C)C(=O)NCc1cccnc1,type_II,27,10,396.6,small
D81,CC(C)(C)OC(=C)N[C@@H](Cc1ccccc1)CSC[C@@H](C(=O)NCc2cccnc2)NC3CCCC3,type_II,36,14,510.7,medium
DEJ,CC(C)N[C@@H](CSC[C@H](Cc1c[nH]c2c1cccc2)NC(=O)OC(C)(C)C)C(=O)NCc3cccnc3,type_II,37,12,525.7,medium
DEV,CC(C)(C)OC(=O)N[C@@H](Cc1ccccc1)CSC[C@H](C(=O)NCc2cccnc2)Nc3ccccc3,type_II,37,12,520.7,medium
DJ1,CC(C)(C)OC(=O)N[C@@H](Cc1c[nH]c2c1cccc2)CSC[C@@H](C(=O)NCc3cccnc3)NC4CCCC4,type_II,39,12,551.8,medium
ERY,CC[C@@H]1[C@@]([C@@H]([C@H](C(=O)[C@@H](C[C@@]([C@@H]([C@H]([C@@H]([C@H](C(=O)O1)C)O[C@H]2C[C@@]([C@H]([C@@H](O2)C)O)(C)OC)C)O[C@H]3[C@@H]([C@H](C[C@H](O3)C)N(C)C)O)(C)O)C)C)O)(C)O,type_I,51,7,733.9,large
FZV,CC(C)(C)OC(=O)N[C@@H](Cc1ccccc1)CS[C@H](Cc2ccccc2)C(=O)NCCc3cccnc3,type_II,37,12,519.7,medium
G0D,CC(C)(C)OC(=O)N[C@H](Cc1ccccc1)CS[C@H](Cc2ccccc2)C(=O)NCc3cccnc3,type_II,36,11,505.7,medium
G0J,CC(C)(C)OC(=O)N[C@@H](Cc1ccccc1)CN[C@H](Cc2ccccc2)C(=O)NCc3cccnc3,type_II,36,11,488.6,medium
G0M,CC(C)(C)OC(=O)N[C@@H](Cc1ccccc1)CS[C@H](Cc2ccccc2)C(=O)NCc3cccnc3,type_II,36,11,505.7,medium
G0V,CC(C)(C)OC(=O)N[C@H](Cc1ccccc1)CS[C@H](Cc2ccccc2)C(=O)NCCc3cccnc3,type_II,37,12,519.7,medium
G1J,CC(C)(C)OC(=O)N[C@H](Cc1ccccc1)CS[C@@H](Cc2ccccc2)C(=O)NCc3cccnc3,type_II,36,11,505.7,medium
J9K,CC(C)(C)OC(=O)N[C@@H](Cc1ccccc1)CSCCC(=O)NCc2cccnc2,type_II,30,10,429.6,small
KLN,CC(=O)N1CCN(CC1)c2ccc(cc2)OC[C@@H]3CO[C@@](O3)(Cn4ccnc4)c5ccc(cc5Cl)Cl,type_II,36,7,531.4,medium
MF8,[H]/N=C(/N)\N/C(=N\[H])/N(C)C,type_I,9,0,129.2,small
MWS,C/C(=C/COc1c2ccoc2cc3c1C=CC(=O)O3)/CC[C@@H](C(C)(C)O)O,type_I,27,7,372.4,small
MWV,CC(C)[C@H]1c2ccc(cc2CC[C@@]1(CCN(C)CCCc3[nH]c4ccccc4n3)OC(=O)COC)F,peripheral,36,11,495.6,medium
MWY,CC[C@@]1(C[C@H]([C@@]2([C@@H](CC[C@@]3([C@H]2C(=O)CC3)[C@H]([C@@H]1O)C)C)C)OC(=O)CSc4nc([nH]n4)N)C,type_I,33,5,478.7,small
MYT,CC(C)(c1cccnc1)C(=O)c2cccnc2,type_II,17,3,226.3,small
NH0,CC(C)(C)OC(=O)N[C@@H](Cc1ccccc1)CS[C@H](Cc2ccccc2)C(=O)NCCc3ccncc3,type_II,37,12,519.7,medium
NI6,CC(C)(C)OC(=O)N[C@@H](Cc1ccccc1)CS[C@H](Cc2ccccc2)C(=O)NCCCc3ccncc3,type_II,38,13,533.7,medium
NJ0,c1ccc(cc1)C[C@@H](CS[C@H](Cc2ccccc2)C(=O)NCc3cccnc3)NC(=O)Cc4cccnc4,type_II,38,13,524.7,medium
NJO,c1ccc(cc1)C[C@@H](CS[C@H](Cc2ccccc2)C(=O)NCCc3cccnc3)NC(=O)CCc4cccnc4,type_II,40,15,552.7,medium
NXR,c1ccc(cc1)C[C@@H](CS[C@H](Cc2ccccc2)C(=O)NCCCc3cccnc3)NC(=O)c4cccnc4,type_II,39,14,538.7,medium
NYF,c1ccc(cc1)C[C@@H](CS[C@H](Cc2ccccc2)C(=O)NCCCc3cccnc3)NC(=O)CNC(=O)c4cccnc4,type_II,43,16,595.8,large
PG0,COCCOCCO,type_I,8,5,120.1,small
PG4,C(COCCOCCOCCO)O,type_I,13,10,194.2,small
PK9,CC(C)(C)OC(=O)NCCCCCC(=O)NCc1cccnc1,type_II,23,8,321.4,small
PKT,CC(C)(C)OC(=O)N[C@@H](Cc1c[nH]c2c1cccc2)CSCCC(=O)NCc3cccnc3,type_II,33,10,468.6,small
QDJ,CC(C)(C)OC(=O)N[C@H](Cc1cccc2c1cccc2)CS[C@@H](Cc3cccc4c3cccc4)C(=O)NCc5cccnc5,type_II,44,11,605.8,large
QDP,CC(C)(C)OC(=O)N[C@@H](Cc1cccc2c1cccc2)CS[C@@H](Cc3cccc4c3cccc4)C(=O)/N=C/Cc5cccnc5,type_II,45,11,617.8,large
QDV,CC(C)(C)OC(=O)N[C@@H](Cc1c[nH]c2c1cccc2)CS[C@H](Cc3ccccc3)C(=O)NCCc4cccnc4,type_II,40,12,558.7,medium
QDY,CC(C)(C)OC(=O)N[C@H](Cc1cccc2c1cccc2)CS[C@@H](Cc3ccccc3)C(=O)NCCc4cccnc4,type_II,41,12,569.8,large
QE4,CC(C)(C)OC(=O)N[C@@H](Cc1cccc2c1cccc2)CS[C@H](Cc3ccccc3)C(=O)NCCc4cccnc4,type_II,41,12,569.8,large
QEA,CC(C)(C)OC(=O)N[C@H](Cc1c[nH]c2c1cccc2)CS[C@@H](Cc3ccccc3)C(=O)NCCc4cccnc4,type_II,40,12,558.7,medium
QEP,CC(C)(C)OC(=O)N[C@@H](Cc1cccc2c1cccc2)CSC[C@@H](C(=O)NCc3cccnc3)Nc4ccccc4,type_II,41,12,570.8,large
QES,CC(C)(C)OC(=O)N[C@H](Cc1c[nH]c2c1cccc2)CSC[C@H](C(=O)NCc3cccnc3)Nc4ccccc4,type_II,40,12,559.7,medium
RIT,CC(C)c1nc(cs1)CN(C)C(=O)N[C@@H](C(C)C)C(=O)N[C@@H](Cc2ccccc2)C[C@@H]([C@H](Cc3ccccc3)NC(=O)OCc4cncs4)O,type_II,50,17,721.0,large
T0K,c1ccc(cc1)C[C@@H](CS[C@@H](Cc2ccccc2)C(=O)NCCc3cccnc3)NC(=O)CCc4cccnc4,type_II,40,15,552.7,medium
TCI,CCCCCc1cc(c2c(c1)OC([C@H]3[C@H]2C=C(CC3)C)(C)C)O,type_I,23,4,314.5,small
X5Y,CC(C)(C)OC(=O)N[C@@H](Cc1ccccc1)CS[C@H](Cc2ccccc2)C(=O)NCCCc3cccnc3,type_II,38,13,533.7,medium
X6J,CC(C)(C)OC(=O)N[C@H](Cc1cccc2c1cccc2)CS[C@@H](Cc3ccccc3)C(=O)NCCCc4cccnc4,type_II,42,13,583.8,large
X6S,CC(C)(C)OC(=O)N[C@@H](Cc1cccc2c1cccc2)CS[C@H](Cc3ccccc3)C(=O)NCCCc4cccnc4,type_II,42,13,583.8,large
X6V,CC(C)(C)OC(=O)N[C@@H](Cc1c[nH]c2c1cccc2)CS[C@H](Cc3ccccc3)C(=O)NCCCc4cccnc4,type_II,41,13,572.8,large
X71,CC(C)(C)OC(=O)N[C@@H](Cc1ccccc1)CSC[C@H](Cc2ccccc2)C(=O)NCCCc3cccnc3,type_II,39,14,547.8,medium
X74,CC(C)(C)OC(=O)N[C@H](Cc1cccc2c1cccc2)CS[C@H](Cc3ccccc3)C(=O)NCCCc4cccnc4,type_II,42,13,583.8,large
X7D,CC(C)(C)OC(=O)N[C@@H](Cc1cccc2c1cccc2)CS[C@@H](Cc3ccccc3)C(=O)NCCCc4cccnc4,type_II,42,13,583.8,large
X7J,CC(C)(C)OC(=O)N[C@H](Cc1ccccc1)CS[C@H](Cc2ccccc2)C(=O)NCCCc3cccnc3,type_II,38,13,533.7,medium
X7M,CC(C)(C)OC(=O)N[C@@H](Cc1ccccc1)CS[C@@H](Cc2ccccc2)C(=O)NCCCc3cccnc3,type_II,38,13,533.7,medium
X7P,CC(C)(C)OC(=O)N[C@H](Cc1ccccc1)CS[C@@H](Cc2ccccc2)C(=O)NCCCc3cccnc3,type_II,38,13,533.7,medium
Y83,CC(C)(C)OC(=O)N[C@@H](Cc1c[nH]c2c1cccc2)CSC[C@H](C(=O)NCc3cccnc3)Nc4ccccc4,type_II,40,12,559.7,medium
YNV,C[C@]12CC[C@H]3[C@H]([C@@H]1CC[C@@H]2O)[C@@H](CC4=CC(=O)CC[C@]34C)C/C=C\C[C@@H]5CC6=CC(=O)CC[C@@]6([C@@H]7[C@@H]5[C@@H]8CC[C@@H]([C@]8(CC7)C)O)C,type_I,46,4,628.9,large
Z8Z,CC(C)c1nc(cs1)CN(C)C(=O)N[C@@H](C(C)C)C(=O)N[C@H](CC[C@H](Cc2ccccc2)NC(=O)OCc3cnco3)Cc4ccccc4,type_II,49,17,688.9,large
Z9Z,CC(C)c1nc(cs1)CN(C)C(=O)N[C@H](C(C)C)C(=O)N[C@@H](CC[C@H](Cc2ccccc2)NC(=O)OCc3cccnc3)Cc4ccccc4,type_II,50,17,698.9,large
