engines,n_engines,n_settings,settings,jobs_per_9,min_depth,median_depth,frac_ge4,frac_ge6
p_v2,1,1,3x200,2,1,1.0,0.0,0.0
p_v2,1,1,10x200,2,1,1.0,0.0,0.0
p_v2,1,1,3x50,2,1,1.0,0.0,0.0
p_v2,1,1,3x400,2,0,1.0,0.0,0.0
p_v2,1,2,3x200+10x200,4,2,2.0,0.0,0.0
p_v2,1,2,3x200+3x50,4,2,2.0,0.0,0.0
p_v2,1,2,3x200+3x400,4,1,2.0,0.0,0.0
p_v2,1,2,10x200+3x50,4,2,2.0,0.0,0.0
p_v2,1,2,10x200+3x400,4,1,2.0,0.0,0.0
p_v2,1,2,3x50+3x400,4,1,2.0,0.0,0.0
p_v2,1,3,3x200+10x200+3x50,6,3,3.0,0.0,0.0
p_v2,1,3,3x200+10x200+3x400,6,2,3.0,0.0,0.0
p_v2,1,3,3x200+3x50+3x400,6,2,3.0,0.0,0.0
p_v2,1,3,10x200+3x50+3x400,6,2,3.0,0.0,0.0
p_v2,1,4,3x200+10x200+3x50+3x400,8,3,4.0,0.5555555555555556,0.0
p,1,1,3x200,2,1,1.0,0.0,0.0
p,1,1,10x200,2,1,1.0,0.0,0.0
p,1,1,3x50,2,1,1.0,0.0,0.0
p,1,1,3x400,2,1,1.0,0.0,0.0
p,1,2,3x200+10x200,4,2,2.0,0.0,0.0
p,1,2,3x200+3x50,4,2,2.0,0.0,0.0
p,1,2,3x200+3x400,4,2,2.0,0.0,0.0
p,1,2,10x200+3x50,4,2,2.0,0.0,0.0
p,1,2,10x200+3x400,4,2,2.0,0.0,0.0
p,1,2,3x50+3x400,4,2,2.0,0.0,0.0
p,1,3,3x200+10x200+3x50,6,3,3.0,0.0,0.0
p,1,3,3x200+10x200+3x400,6,3,3.0,0.0,0.0
p,1,3,3x200+3x50+3x400,6,3,3.0,0.0,0.0
p,1,3,10x200+3x50+3x400,6,3,3.0,0.0,0.0
p,1,4,3x200+10x200+3x50+3x400,8,4,4.0,1.0,0.0
p_v2+p,2,1,3x200,4,2,2.0,0.0,0.0
p_v2+p,2,1,10x200,4,2,2.0,0.0,0.0
p_v2+p,2,1,3x50,4,2,2.0,0.0,0.0
p_v2+p,2,1,3x400,4,1,2.0,0.0,0.0
p_v2+p,2,2,3x200+10x200,8,4,4.0,1.0,0.0
p_v2+p,2,2,3x200+3x50,8,4,4.0,1.0,0.0
p_v2+p,2,2,3x200+3x400,8,3,4.0,0.5555555555555556,0.0
p_v2+p,2,2,10x200+3x50,8,4,4.0,1.0,0.0
p_v2+p,2,2,10x200+3x400,8,3,4.0,0.5555555555555556,0.0
p_v2+p,2,2,3x50+3x400,8,3,4.0,0.5555555555555556,0.0
p_v2+p,2,3,3x200+10x200+3x50,12,6,6.0,1.0,1.0
p_v2+p,2,3,3x200+10x200+3x400,12,5,6.0,1.0,0.5555555555555556
p_v2+p,2,3,3x200+3x50+3x400,12,5,6.0,1.0,0.5555555555555556
p_v2+p,2,3,10x200+3x50+3x400,12,5,6.0,1.0,0.5555555555555556
p_v2+p,2,4,3x200+10x200+3x50+3x400,16,7,8.0,1.0,1.0
