ligand,sample,xeng
08J,input_model_0,1.86005235576691
08J,input_model_1,1.725799049706443
08J,input_model_2,1.8548803119926838
08J,input_model_3,1.5604125656552612
08J,input_model_4,1.784334226304202
08J,input_model_5,2.101272418801355
08J,input_model_6,2.0747019764697274
08J,input_model_7,2.3003296431143516
08J,input_model_8,2.3064826034916908
08J,input_model_9,1.7522395836502045
08J,input_model_10,1.8228397465918276
08J,input_model_11,1.6810750412299658
08J,input_model_12,1.983309987442305
08J,input_model_13,1.625423070318697
08J,input_model_14,1.7973984972602643
08J,input_model_15,1.850671214570758
08J,input_model_16,2.1083364478035937
08J,input_model_17,2.0745296922125713
08J,input_model_18,1.643423166238767
08J,input_model_19,1.6846712220770494
08Y,input_model_0,1.0392092760970104
08Y,input_model_1,1.1140323286843405
08Y,input_model_2,1.0502947095337853
08Y,input_model_3,1.043477095255151
08Y,input_model_4,1.0697047700480558
08Y,input_model_5,1.0175977870583242
08Y,input_model_6,1.058001554968644
08Y,input_model_7,1.1701172534386037
08Y,input_model_8,1.0503650460980059
08Y,input_model_9,1.073664779182697
08Y,input_model_10,1.0856746773649286
08Y,input_model_11,1.1067951335143347
08Y,input_model_12,1.0806821101494524
08Y,input_model_13,1.0743364695967155
08Y,input_model_14,1.0682714090886818
08Y,input_model_15,1.0417910066907043
08Y,input_model_16,1.0550889821813745
08Y,input_model_17,1.0014928096201001
08Y,input_model_18,1.047677455194728
08Y,input_model_19,1.0274271546994163
6AW,input_model_0,0.840368931326439
6AW,input_model_1,0.9768130260870924
6AW,input_model_2,0.9462371331888255
6AW,input_model_3,0.9740223016464491
6AW,input_model_4,0.8207381817606906
6AW,input_model_5,0.8488614325519659
6AW,input_model_6,0.838859861293022
6AW,input_model_7,1.1226325983596406
6AW,input_model_8,0.8126430141782945
6AW,input_model_9,0.7162884279360602
6AW,input_model_10,0.8027359270160084
6AW,input_model_11,0.9818382098927901
6AW,input_model_12,0.8525734948677819
6AW,input_model_13,0.9155840789527474
6AW,input_model_14,0.8032225199969903
6AW,input_model_15,0.9889501029930436
6AW,input_model_16,1.0670437176425576
6AW,input_model_17,1.1397769798806932
6AW,input_model_18,0.9446266036649055
6AW,input_model_19,0.988299893132343
80K,input_model_0,1.2223749716408208
80K,input_model_1,1.4629706958578315
80K,input_model_2,1.1960578263426769
80K,input_model_3,1.1339174861954768
80K,input_model_4,1.2513912040551949
80K,input_model_5,1.2299857508617345
80K,input_model_6,1.1753182650551481
80K,input_model_7,1.7270784799233263
80K,input_model_8,1.1798339862549174
80K,input_model_9,1.2850592388052122
80K,input_model_10,1.0710720778263285
80K,input_model_11,1.1731399441862695
80K,input_model_12,1.255448265655609
80K,input_model_13,1.1868191647791866
80K,input_model_14,1.3008094567735224
80K,input_model_15,1.3774370450625788
80K,input_model_16,1.1553867806671476
80K,input_model_17,1.2725159256513923
80K,input_model_18,1.9375801578063563
80K,input_model_19,1.318315785681946
A1A06,input_model_0,0.8203661841076991
A1A06,input_model_1,0.8675802485940348
A1A06,input_model_2,0.8647521109397375
A1A06,input_model_3,0.8942069911078482
A1A06,input_model_4,0.8202414010714083
A1A06,input_model_5,0.9146065051638407
A1A06,input_model_6,1.2982620292767708
A1A06,input_model_7,0.9199119646827371
A1A06,input_model_8,0.8581589566382398
A1A06,input_model_9,0.9488733610266946
A1A06,input_model_10,0.8510751526930194
A1A06,input_model_11,1.3881092777300577
A1A06,input_model_12,0.8984229006825003
A1A06,input_model_13,0.8406429491443154
A1A06,input_model_14,0.862655605340878
A1A06,input_model_15,0.7329128098232767
A1A06,input_model_16,0.8754124242315721
A1A06,input_model_17,0.7875748494246446
A1A06,input_model_18,1.3224207801410042
A1A06,input_model_19,0.7679833125570368
A1ASP,input_model_0,1.1130229443822073
A1ASP,input_model_1,1.4607262226513955
A1ASP,input_model_2,1.1094416254151027
A1ASP,input_model_3,1.3952026936864272
A1ASP,input_model_4,1.2672477135993154
A1ASP,input_model_5,0.7837357342723106
A1ASP,input_model_6,1.3018372347487337
A1ASP,input_model_7,1.1904228429818002
A1ASP,input_model_8,1.1250311562486517
A1ASP,input_model_9,0.9774959666017551
A1ASP,input_model_10,1.267099598403071
A1ASP,input_model_11,1.2571359313406225
A1ASP,input_model_12,1.06851967293515
A1ASP,input_model_13,1.158587486825682
A1ASP,input_model_14,1.0404194425511677
A1ASP,input_model_15,1.3221465753975523
A1ASP,input_model_16,1.5573934159535863
A1ASP,input_model_17,1.1465501483969411
A1ASP,input_model_18,1.242978923666015
A1ASP,input_model_19,1.1473826627306143
A1AST,input_model_0,1.1988542271622467
A1AST,input_model_1,1.3835372290412817
A1AST,input_model_2,1.2756374337284837
A1AST,input_model_3,1.3811600710581438
A1AST,input_model_4,1.2249027119859772
A1AST,input_model_5,1.210992548680398
A1AST,input_model_6,1.3871870897578717
A1AST,input_model_7,1.3660791646828874
A1AST,input_model_8,1.4006106868166928
A1AST,input_model_9,1.2352008957770102
A1AST,input_model_10,1.2213198756944765
A1AST,input_model_11,1.2572254468660446
A1AST,input_model_12,1.2241228050922464
A1AST,input_model_13,1.2217480486443189
A1AST,input_model_14,1.2179542466172515
A1AST,input_model_15,1.2477608426051605
A1AST,input_model_16,1.3830168336400952
A1AST,input_model_17,1.203360332729159
A1AST,input_model_18,1.222371393930096
A1AST,input_model_19,1.2834476184402939
A1BNX,input_model_0,0.9971962734063011
A1BNX,input_model_1,1.0634267443035559
A1BNX,input_model_2,1.0666757140002847
A1BNX,input_model_3,0.887714375605771
A1BNX,input_model_4,0.9902375978367923
A1BNX,input_model_5,1.013516383040614
A1BNX,input_model_6,0.964622145201477
A1BNX,input_model_7,0.8655083649776405
A1BNX,input_model_8,0.8509273548811948
A1BNX,input_model_9,0.985766790336258
A1BNX,input_model_10,0.9202502004976977
A1BNX,input_model_11,0.9074054801479857
A1BNX,input_model_12,0.9924869976923739
A1BNX,input_model_13,0.8731239747607669
A1BNX,input_model_14,0.9696114674120304
A1BNX,input_model_15,0.9049840045731992
A1BNX,input_model_16,0.987603630795837
A1BNX,input_model_17,0.8999439222631175
A1BNX,input_model_18,0.9012698836305197
A1BNX,input_model_19,0.9550884118118955
A1CIW,input_model_0,1.7110640201678464
A1CIW,input_model_1,1.5938638352737018
A1CIW,input_model_2,1.7155283459180903
A1CIW,input_model_3,1.74646025201081
A1CIW,input_model_4,1.6574178088971938
A1CIW,input_model_5,1.660455028085823
A1CIW,input_model_6,1.8291238821156373
A1CIW,input_model_7,1.7044935670782695
A1CIW,input_model_8,1.7716993354183193
A1CIW,input_model_9,1.8663302187546733
A1CIW,input_model_10,1.708061873316172
A1CIW,input_model_11,1.8295039129109802
A1CIW,input_model_12,1.7784860942436467
A1CIW,input_model_13,1.709746108441681
A1CIW,input_model_14,1.9430682333131462
A1CIW,input_model_15,1.734136259804739
A1CIW,input_model_16,1.7671883052363104
A1CIW,input_model_17,1.8002949120419802
A1CIW,input_model_18,1.5055037537410876
A1CIW,input_model_19,1.9381580955150366
CFF,input_model_0,0.6479090545388366
CFF,input_model_1,0.63854362963656
CFF,input_model_2,0.5530983849404849
CFF,input_model_3,0.4720434803161408
CFF,input_model_4,0.7781467214957277
CFF,input_model_5,0.843242148564172
CFF,input_model_6,0.6531826450900731
CFF,input_model_7,0.6820537581702109
CFF,input_model_8,0.6440742636465122
CFF,input_model_9,0.7477092070829775
CFF,input_model_10,0.6734963076272041
CFF,input_model_11,0.7485141393177731
CFF,input_model_12,0.7071470787280822
CFF,input_model_13,0.8133637708153648
CFF,input_model_14,0.8679633598581741
CFF,input_model_15,0.924692132946065
CFF,input_model_16,0.8993808270679408
CFF,input_model_17,0.7554773402966415
CFF,input_model_18,0.6119034427387894
CFF,input_model_19,1.3311090956909242
CL6,input_model_0,0.7197231702987215
CL6,input_model_1,0.6662237694584474
CL6,input_model_2,0.414621784490463
CL6,input_model_3,0.43138996717497263
CL6,input_model_4,0.6655394768485172
CL6,input_model_5,0.4740753173328458
CL6,input_model_6,0.5353985600390396
CL6,input_model_7,0.47581555540930376
CL6,input_model_8,0.5519757150595358
CL6,input_model_9,0.4766419342808093
CL6,input_model_10,0.6433245718850132
CL6,input_model_11,0.4377319154372134
CL6,input_model_12,0.494618805677366
CL6,input_model_13,0.4823239384466675
CL6,input_model_14,0.4396344543080517
CL6,input_model_15,0.7856206082261576
CL6,input_model_16,0.4863866277206587
CL6,input_model_17,0.44668153000013383
CL6,input_model_18,0.4605130784304179
CL6,input_model_19,0.418231098509628
D0R,input_model_0,1.7045930860431306
D0R,input_model_1,1.6443975680834277
D0R,input_model_2,1.7079412193636287
D0R,input_model_3,1.6150883654111519
D0R,input_model_4,1.5211072133482129
D0R,input_model_5,1.5611209269152952
D0R,input_model_6,1.7457393647915325
D0R,input_model_7,1.482504813943705
D0R,input_model_8,1.6630998338005896
D0R,input_model_9,1.5228947156522654
D0R,input_model_10,1.5384089510428989
D0R,input_model_11,1.4982352553758176
D0R,input_model_12,1.6123363268615212
D0R,input_model_13,1.8511474787474347
D0R,input_model_14,1.5111785382393117
D0R,input_model_15,1.287820022347133
D0R,input_model_16,1.5152774472396018
D0R,input_model_17,1.8145031622292978
D0R,input_model_18,1.415418104285303
D0R,input_model_19,1.4937159995597902
D7J,input_model_0,1.3665181705048874
D7J,input_model_1,1.2912028966705285
D7J,input_model_2,1.2356224001692055
D7J,input_model_3,1.2297607178761893
D7J,input_model_4,1.1620633493454782
D7J,input_model_5,1.2415503587991827
D7J,input_model_6,1.3295571473302041
D7J,input_model_7,1.24696906182193
D7J,input_model_8,1.3097453363133595
D7J,input_model_9,1.2565202399228352
D7J,input_model_10,1.3083417545424463
D7J,input_model_11,1.3090404393573096
D7J,input_model_12,1.3128177949274602
D7J,input_model_13,1.1722440023154523
D7J,input_model_14,1.282251423474211
D7J,input_model_15,1.3443027796805975
D7J,input_model_16,1.2957628269795909
D7J,input_model_17,1.196175878264405
D7J,input_model_18,1.3526521086652932
D7J,input_model_19,1.3094735874218268
D7Y,input_model_0,1.116347859577075
D7Y,input_model_1,1.1436836723114667
D7Y,input_model_2,1.1771788563819656
D7Y,input_model_3,1.1462680169345458
D7Y,input_model_4,1.1569310458953088
D7Y,input_model_5,1.160456846028613
D7Y,input_model_6,1.265140175214279
D7Y,input_model_7,1.171819539221108
D7Y,input_model_8,1.3137581734625312
D7Y,input_model_9,1.0658374982501915
D7Y,input_model_10,1.3795326193892559
D7Y,input_model_11,0.9605173743363586
D7Y,input_model_12,1.193848344821522
D7Y,input_model_13,1.3065507027734358
D7Y,input_model_14,0.9900358746158198
D7Y,input_model_15,1.1497901548985927
D7Y,input_model_16,1.0580238835607265
D7Y,input_model_17,1.1497421315918557
D7Y,input_model_18,1.451246359435525
D7Y,input_model_19,1.441176328437179
DJ1,input_model_0,1.8717184867449534
DJ1,input_model_1,1.8438303208948172
DJ1,input_model_2,2.1314194603262875
DJ1,input_model_3,2.0904849656969806
DJ1,input_model_4,1.9422129167143798
DJ1,input_model_5,1.8660741262710532
DJ1,input_model_6,1.9635021970672095
DJ1,input_model_7,2.110387059727366
DJ1,input_model_8,1.6508368406201577
DJ1,input_model_9,2.214885298383429
DJ1,input_model_10,2.1313519065896886
DJ1,input_model_11,2.088838856996391
DJ1,input_model_12,1.6359675070999262
DJ1,input_model_13,1.920625919721043
DJ1,input_model_14,2.005729988939617
DJ1,input_model_15,2.08706751421621
DJ1,input_model_16,1.8454538186406797
DJ1,input_model_17,2.078247955673304
DJ1,input_model_18,2.1709092169053568
DJ1,input_model_19,2.227212204576252
ERY,input_model_0,1.2156989597313517
ERY,input_model_1,1.2469770889177616
ERY,input_model_2,1.1845713879965147
ERY,input_model_3,1.3266110624302414
ERY,input_model_4,1.0513110608658225
ERY,input_model_5,1.1833193020191295
ERY,input_model_6,1.3432620153668386
ERY,input_model_7,1.3112057742169891
ERY,input_model_8,1.185563576698646
ERY,input_model_9,1.233095324343291
ERY,input_model_10,1.1832265228717767
ERY,input_model_11,1.3277426953617095
ERY,input_model_12,1.2406197768050502
ERY,input_model_13,1.1686289959717466
ERY,input_model_14,1.2012679075550372
ERY,input_model_15,1.2098639276407852
ERY,input_model_16,1.2060230182614042
ERY,input_model_17,1.116396393794206
ERY,input_model_18,0.9280586319738306
ERY,input_model_19,1.271384432895615
G0D,input_model_0,1.2982291808435054
G0D,input_model_1,0.9093987937597114
G0D,input_model_2,0.9211232804077499
G0D,input_model_3,0.8877217903635086
G0D,input_model_4,0.9101185921905378
G0D,input_model_5,0.8628147717485645
G0D,input_model_6,0.8992683647951171
G0D,input_model_7,0.8910325822643598
G0D,input_model_8,0.8382414342743152
G0D,input_model_9,0.865123721142454
G0D,input_model_10,0.8481221513050843
G0D,input_model_11,0.8603053208233853
G0D,input_model_12,0.8404660438447902
G0D,input_model_13,1.0249841176197214
G0D,input_model_14,1.0155396717552305
G0D,input_model_15,0.919530859130197
G0D,input_model_16,1.3294389234757984
G0D,input_model_17,0.8754984587445084
G0D,input_model_18,0.8880925522726236
G0D,input_model_19,0.9093653028249976
G0V,input_model_0,1.0634763078407135
G0V,input_model_1,0.8632837802033354
G0V,input_model_2,1.292012060177789
G0V,input_model_3,1.3105725720591046
G0V,input_model_4,0.8459121146474473
G0V,input_model_5,0.8394767996969761
G0V,input_model_6,0.8944798788545625
G0V,input_model_7,0.8739158707651403
G0V,input_model_8,0.817001524322841
G0V,input_model_9,0.8806340393886994
G0V,input_model_10,0.8345491742457471
G0V,input_model_11,0.8725813246492354
G0V,input_model_12,0.8518222344633695
G0V,input_model_13,0.8415308560357522
G0V,input_model_14,0.8591960369140096
G0V,input_model_15,0.8795377350338794
G0V,input_model_16,0.9612991172019454
G0V,input_model_17,0.846390555374248
G0V,input_model_18,0.9526297050964742
G0V,input_model_19,0.7783570971773677
G1J,input_model_0,0.8789316057517204
G1J,input_model_1,0.8303566232168382
G1J,input_model_2,0.8483186094266671
G1J,input_model_3,0.8519590390158174
G1J,input_model_4,0.8482970850381577
G1J,input_model_5,0.8288907915845899
G1J,input_model_6,0.8008135067252322
G1J,input_model_7,0.8969905960510359
G1J,input_model_8,0.8294532595756283
G1J,input_model_9,0.8280295681878339
G1J,input_model_10,0.8305626321334942
G1J,input_model_11,0.8476556837108814
G1J,input_model_12,0.7931326112445777
G1J,input_model_13,0.8168285488404914
G1J,input_model_14,0.8145888354260358
G1J,input_model_15,0.8760946987649376
G1J,input_model_16,1.354857484962482
G1J,input_model_17,0.8217952552029596
G1J,input_model_18,0.842842573218208
G1J,input_model_19,0.8334557809937738
J9K,input_model_0,1.0529436799431597
J9K,input_model_1,1.2825369636036579
J9K,input_model_2,1.1427728279015654
J9K,input_model_3,1.0471756212513437
J9K,input_model_4,0.8985799298520155
J9K,input_model_5,0.8975302691085763
J9K,input_model_6,0.8896852178847087
J9K,input_model_7,1.0843384309294015
J9K,input_model_8,0.952310338285821
J9K,input_model_9,1.0601686666337942
J9K,input_model_10,0.9364150431732858
J9K,input_model_11,1.0815958312505616
J9K,input_model_12,0.9245114854082187
J9K,input_model_13,0.9971694715332954
J9K,input_model_14,0.9479444401474814
J9K,input_model_15,0.9702609839124052
J9K,input_model_16,0.9194370519296434
J9K,input_model_17,1.0842168551892881
J9K,input_model_18,1.0884247813872663
J9K,input_model_19,0.9837897594424136
MF8,input_model_0,1.6982370468357126
MF8,input_model_1,1.388468937061317
MF8,input_model_2,1.7250676880200422
MF8,input_model_3,1.4644141862028113
MF8,input_model_4,1.5204698389972724
MF8,input_model_5,1.610533530773349
MF8,input_model_6,1.4774176219124713
MF8,input_model_7,1.4760734132619526
MF8,input_model_8,1.3656020434437086
MF8,input_model_9,1.4902842246494585
MF8,input_model_10,1.6896826393023923
MF8,input_model_11,1.4567426167210964
MF8,input_model_12,1.2098051984841476
MF8,input_model_13,1.39520563427481
MF8,input_model_14,1.5257611313449548
MF8,input_model_15,1.8501906994695165
MF8,input_model_16,1.3748223914390925
MF8,input_model_17,1.4602425107276997
MF8,input_model_18,1.3715293572111622
MF8,input_model_19,2.883980866726017
MWS,input_model_0,1.5186156420794075
MWS,input_model_1,0.9724052178106509
MWS,input_model_2,1.551789632237677
MWS,input_model_3,0.8912393226224433
MWS,input_model_4,0.9538018246396572
MWS,input_model_5,1.3127535191530395
MWS,input_model_6,1.0572752166146662
MWS,input_model_7,1.1187880903949798
MWS,input_model_8,1.1292073369206055
MWS,input_model_9,1.253130354676697
MWS,input_model_10,1.558853768815247
MWS,input_model_11,1.395704445534706
MWS,input_model_12,1.998290241186687
MWS,input_model_13,1.5810478402296126
MWS,input_model_14,1.4860848752042581
MWS,input_model_15,0.9491184244356488
MWS,input_model_16,1.5004949919603594
MWS,input_model_17,1.541991968733615
MWS,input_model_18,1.8022088039753672
MWS,input_model_19,1.332031693263237
MWY,input_model_0,1.3817669988879442
MWY,input_model_1,1.5814118891439153
MWY,input_model_2,1.4666748814891375
MWY,input_model_3,1.5817427477759325
MWY,input_model_4,1.3405889577912706
MWY,input_model_5,1.3801077783827143
MWY,input_model_6,1.4813334929161286
MWY,input_model_7,1.4540797231318727
MWY,input_model_8,1.5730532158570012
MWY,input_model_9,1.6009539124940388
MWY,input_model_10,1.7014501778989464
MWY,input_model_11,1.4996342967521803
MWY,input_model_12,1.5688924338093382
MWY,input_model_13,1.4868684285269713
MWY,input_model_14,1.5504383033020963
MWY,input_model_15,1.4293952580311338
MWY,input_model_16,1.6418428166538568
MWY,input_model_17,1.3502070262746855
MWY,input_model_18,1.617079807704022
MWY,input_model_19,1.410846267900082
NI6,input_model_0,0.7323643466478156
NI6,input_model_1,0.8370418901217118
NI6,input_model_2,0.7445168571997826
NI6,input_model_3,0.8819590266933535
NI6,input_model_4,0.7465363911945874
NI6,input_model_5,0.7919768611224238
NI6,input_model_6,0.781700815510266
NI6,input_model_7,0.655819835193931
NI6,input_model_8,0.8052369146671069
NI6,input_model_9,0.7651827247357182
NI6,input_model_10,0.8631960243310758
NI6,input_model_11,0.898538018304287
NI6,input_model_12,0.828460987191994
NI6,input_model_13,0.8170451995129417
NI6,input_model_14,0.8005431398501186
NI6,input_model_15,0.8362520761276953
NI6,input_model_16,0.6737011906247043
NI6,input_model_17,0.9797162104049997
NI6,input_model_18,1.334736693490641
NI6,input_model_19,0.8707868269942424
PG0,input_model_0,2.816276578341243
PG0,input_model_1,2.9805459861809
PG0,input_model_2,3.214769519086782
PG0,input_model_3,2.940102680412937
PG0,input_model_4,3.012161854453056
PG0,input_model_5,2.801777592924132
PG0,input_model_6,3.123505057931951
PG0,input_model_7,3.0651492938479206
PG0,input_model_8,3.0563124464943687
PG0,input_model_9,2.8589716972465142
PG0,input_model_10,3.034806944810852
PG0,input_model_11,2.9410301279877533
PG0,input_model_12,2.946584810072446
PG0,input_model_13,3.073297084989518
PG0,input_model_14,3.019958259994127
PG0,input_model_15,2.930605768357569
PG0,input_model_16,2.824092322271358
PG0,input_model_17,2.8416837755912634
PG0,input_model_18,3.2312567748090526
PG0,input_model_19,23.768620453737707
PG4,input_model_0,3.50611225590612
PG4,input_model_1,3.7558904880003205
PG4,input_model_2,3.973758299642989
PG4,input_model_3,3.337857434174657
PG4,input_model_4,3.4147419604245237
PG4,input_model_5,3.3037426566013868
PG4,input_model_6,3.5848566442532372
PG4,input_model_7,3.3134377876650425
PG4,input_model_8,3.652534978991029
PG4,input_model_9,4.120542100766401
PG4,input_model_10,3.9793583252085254
PG4,input_model_11,3.529017406309866
PG4,input_model_12,3.475281627333097
PG4,input_model_13,4.2102795438905956
PG4,input_model_14,3.4661864507165854
PG4,input_model_15,4.601264787988518
PG4,input_model_16,3.4873374220358326
PG4,input_model_17,23.759597008711474
PG4,input_model_18,24.23546456454659
PG4,input_model_19,23.995371527468965
QDJ,input_model_0,0.8828137900456107
QDJ,input_model_1,0.8473236934385285
QDJ,input_model_2,0.9521337423775565
QDJ,input_model_3,0.9125930116521896
QDJ,input_model_4,1.0363412485645913
QDJ,input_model_5,0.8891048710878046
QDJ,input_model_6,0.8583770806710552
QDJ,input_model_7,1.2015280270274005
QDJ,input_model_8,0.7773748764555458
QDJ,input_model_9,0.8824776370632671
QDJ,input_model_10,1.1924659887721272
QDJ,input_model_11,0.8737152852679658
QDJ,input_model_12,0.8940775818974702
QDJ,input_model_13,1.1221712387648588
QDJ,input_model_14,0.8356024664564902
QDJ,input_model_15,1.5976289245386124
QDJ,input_model_16,1.6974484359420405
QDJ,input_model_17,1.1586769540909043
QDJ,input_model_18,1.4062329398827569
QDJ,input_model_19,1.4060621011289858
QDP,input_model_0,0.7495098772454609
QDP,input_model_1,0.7019259004795292
QDP,input_model_2,0.7652429790267344
QDP,input_model_3,0.8188771694264325
QDP,input_model_4,0.6959843538605253
QDP,input_model_5,0.8857703806885748
QDP,input_model_6,0.8343760975020292
QDP,input_model_7,0.7656075684773628
QDP,input_model_8,0.7918862504883466
QDP,input_model_9,0.7147769373388192
QDP,input_model_10,0.8160089499252573
QDP,input_model_11,0.720697269136031
QDP,input_model_12,0.8039968776296903
QDP,input_model_13,0.7367672639567685
QDP,input_model_14,0.7008214594643695
QDP,input_model_15,0.7339280103912562
QDP,input_model_16,0.6987145634884542
QDP,input_model_17,0.7540013751180242
QDP,input_model_18,0.8472280159099207
QDP,input_model_19,0.8084779954884789
QDV,input_model_0,1.5932265558997265
QDV,input_model_1,1.2334544676600925
QDV,input_model_2,1.6776966139207126
QDV,input_model_3,1.696999468992591
QDV,input_model_4,1.87296829330162
QDV,input_model_5,1.4554409459136786
QDV,input_model_6,1.549297069501815
QDV,input_model_7,1.3996229498367991
QDV,input_model_8,1.4618882763138585
QDV,input_model_9,1.4550012487879282
QDV,input_model_10,1.6563463957438969
QDV,input_model_11,1.3980206684057663
QDV,input_model_12,1.8206711791765717
QDV,input_model_13,1.4570967654364613
QDV,input_model_14,1.724352865007765
QDV,input_model_15,1.5758592891246859
QDV,input_model_16,1.4804452036798372
QDV,input_model_17,1.40929910946902
QDV,input_model_18,1.469563668563115
QDV,input_model_19,1.1257263216129352
TCI,input_model_0,1.333772006406363
TCI,input_model_1,1.4637799501664135
TCI,input_model_2,1.3290468590088114
TCI,input_model_3,1.3432178154219223
TCI,input_model_4,1.3806043078480619
TCI,input_model_5,1.3099984301220513
TCI,input_model_6,1.5800031689354077
TCI,input_model_7,1.5173527650204495
TCI,input_model_8,1.5447922643119394
TCI,input_model_9,1.377993412379542
TCI,input_model_10,1.5051532141718382
TCI,input_model_11,1.4695529067690343
TCI,input_model_12,1.2814440954273305
TCI,input_model_13,1.429351271148925
TCI,input_model_14,1.5301179565535303
TCI,input_model_15,1.5052551545497606
TCI,input_model_16,1.816672474624592
TCI,input_model_17,1.5922986606926859
TCI,input_model_18,1.533008950796349
TCI,input_model_19,1.2055185009674412
X6J,input_model_0,0.8487882040519766
X6J,input_model_1,0.7242234351610856
X6J,input_model_2,0.763655844319892
X6J,input_model_3,0.8412155501620812
X6J,input_model_4,0.7380762452149532
X6J,input_model_5,0.7151139209735425
X6J,input_model_6,1.0816357363784157
X6J,input_model_7,0.7502898399318942
X6J,input_model_8,0.9402086144799233
X6J,input_model_9,0.8037622353452444
X6J,input_model_10,0.8339224938617757
X6J,input_model_11,0.8483629368805401
X6J,input_model_12,0.8239162755393522
X6J,input_model_13,1.219580504659436
X6J,input_model_14,0.8686493102824211
X6J,input_model_15,1.577332568091614
X6J,input_model_16,1.7842798123181451
X6J,input_model_17,0.8486285512512785
X6J,input_model_18,0.7036666708265054
X6J,input_model_19,1.155081126603945
X6S,input_model_0,0.7306827083506805
X6S,input_model_1,0.7813777475407333
X6S,input_model_2,0.7307829072751222
X6S,input_model_3,0.8720766040578408
X6S,input_model_4,0.7422948418538317
X6S,input_model_5,0.8215968370118577
X6S,input_model_6,0.921342059192515
X6S,input_model_7,0.9567110646122211
X6S,input_model_8,0.838283772967797
X6S,input_model_9,0.9530714860228793
X6S,input_model_10,1.1243262724970204
X6S,input_model_11,0.8015212360972227
X6S,input_model_12,1.25726707025144
X6S,input_model_13,0.8633270020524003
X6S,input_model_14,1.1349498608660105
X6S,input_model_15,0.8222515985788391
X6S,input_model_16,1.5099704799496658
X6S,input_model_17,1.1317986224880943
X6S,input_model_18,0.6914677299640188
X6S,input_model_19,1.6939987554490827
X6V,input_model_0,1.526679514118815
X6V,input_model_1,1.5444903370580143
X6V,input_model_2,1.59569954119005
X6V,input_model_3,1.5237060055702034
X6V,input_model_4,1.568599831293591
X6V,input_model_5,1.541826266612641
X6V,input_model_6,1.5975701910204643
X6V,input_model_7,1.649905375160227
X6V,input_model_8,1.5705939200386176
X6V,input_model_9,1.6388755563403432
X6V,input_model_10,1.2905494242815074
X6V,input_model_11,1.5741613776674057
X6V,input_model_12,1.5686670771502549
X6V,input_model_13,1.6994112895510913
X6V,input_model_14,1.0536611856808762
X6V,input_model_15,1.4975780595686707
X6V,input_model_16,1.5956724235019377
X6V,input_model_17,1.5655538586150628
X6V,input_model_18,1.65821608782175
X6V,input_model_19,1.5840916963656066
X7M,input_model_0,0.7949784999588682
X7M,input_model_1,1.2263556072220436
X7M,input_model_2,0.6319154091736914
X7M,input_model_3,0.8411242062124202
X7M,input_model_4,0.7743848493330735
X7M,input_model_5,0.7095353521532513
X7M,input_model_6,0.7289203192852788
X7M,input_model_7,0.9048863937138184
X7M,input_model_8,0.8232783676562383
X7M,input_model_9,0.71955608383745
X7M,input_model_10,0.7656391702325607
X7M,input_model_11,0.8102755551736429
X7M,input_model_12,0.7667879180388487
X7M,input_model_13,0.6477553592808151
X7M,input_model_14,0.8286479069120752
X7M,input_model_15,0.7034683126181331
X7M,input_model_16,0.7712911543571763
X7M,input_model_17,0.7790267442722969
X7M,input_model_18,0.6818959313820755
X7M,input_model_19,1.0265089995751224
YNV,input_model_0,1.6872852730990395
YNV,input_model_1,1.3947247584090883
YNV,input_model_2,1.8687356067313676
YNV,input_model_3,1.5804289542667997
YNV,input_model_4,1.603749597307252
YNV,input_model_5,1.6996409976238513
YNV,input_model_6,1.606784544141679
YNV,input_model_7,1.7411462128485362
YNV,input_model_8,1.5823955356885322
YNV,input_model_9,1.6031627818301533
YNV,input_model_10,1.6882852353758449
YNV,input_model_11,1.7811568972633591
YNV,input_model_12,1.8021790162341542
YNV,input_model_13,1.7529828768418467
YNV,input_model_14,1.7545180334358712
YNV,input_model_15,2.15604864695043
YNV,input_model_16,1.5567819809388976
YNV,input_model_17,1.7324898630110828
YNV,input_model_18,1.8834772522526393
YNV,input_model_19,1.7895710358164294
Z8Z,input_model_0,0.9864724196761686
Z8Z,input_model_1,0.7277205996202614
Z8Z,input_model_2,0.8620443452663734
Z8Z,input_model_3,0.8655517158722931
Z8Z,input_model_4,0.9524645185267699
Z8Z,input_model_5,0.8501011493499676
Z8Z,input_model_6,0.9275420643667999
Z8Z,input_model_7,0.9004342148713845
Z8Z,input_model_8,0.8803208839330096
Z8Z,input_model_9,0.9009038292534529
Z8Z,input_model_10,0.8314007856048153
Z8Z,input_model_11,0.821010594543362
Z8Z,input_model_12,0.9299634892320265
Z8Z,input_model_13,0.8265775130241968
Z8Z,input_model_14,1.0224471513815379
Z8Z,input_model_15,0.9869005369041963
Z8Z,input_model_16,0.8194097311009815
Z8Z,input_model_17,0.8062765577967065
Z8Z,input_model_18,0.8773040320124166
Z8Z,input_model_19,0.9269973628406548
Z9Z,input_model_0,0.9818643824445817
Z9Z,input_model_1,0.8595164224933977
Z9Z,input_model_2,0.8847506814765493
Z9Z,input_model_3,0.8194558785219643
Z9Z,input_model_4,0.9832406986143497
Z9Z,input_model_5,0.9357180198138009
Z9Z,input_model_6,0.8401851894323623
Z9Z,input_model_7,0.8494798442035723
Z9Z,input_model_8,0.907733865032586
Z9Z,input_model_9,1.0741440258826693
Z9Z,input_model_10,0.9957861063700167
Z9Z,input_model_11,0.8936377888228039
Z9Z,input_model_12,0.8204500218362082
Z9Z,input_model_13,0.9673133846757809
Z9Z,input_model_14,0.8650668142494747
Z9Z,input_model_15,0.8745158976070639
Z9Z,input_model_16,0.8650948582704688
Z9Z,input_model_17,0.8933390233290933
Z9Z,input_model_18,0.9755667568759551
Z9Z,input_model_19,0.989873853975584
