resnum,resname,n_pairs,med_dchi1,q1_dchi1,q3_dchi1,frac_chi1_off,med_dchi2,frac_chi2_off,med_sc_local,med_sc_core,med_ca_err,in_fg
210,LEU,24,99.78937948095498,62.341450244375025,113.15602985416432,0.8333333333333334,95.96288248750142,0.8333333333333334,2.096141253590469,2.6096022865691477,2.6123948797248056,True
211,LEU,22,61.92724905937423,16.67167439562549,106.09233545726623,0.6363636363636364,38.8539557733478,0.5,2.0182788488128636,8.788972245971706,4.245891243497448,True
108,PHE,79,38.19909572178496,23.04196453937362,59.22533242221739,0.45569620253164556,18.55356223205038,0.06329113924050633,1.0447893955977499,0.9297089464095197,0.8137809108619325,False
482,LEU,47,21.675559308645134,6.752493643211066,88.03541498069603,0.40425531914893614,15.92530030201752,0.3191489361702128,0.966526801374632,1.479074032962869,0.68938945197318,False
213,PHE,44,14.243213253456503,5.885048600346431,90.35703042375488,0.38636363636363635,14.442410969485291,0.13636363636363635,0.7121291715770208,0.8354657309485016,0.6485009905633121,True
301,ILE,86,12.682941239683117,4.651826305054344,48.169308648594004,0.313953488372093,18.131378679646588,0.37209302325581395,0.39811995132321926,0.4958566783573875,0.31071823117948305,False
212,ARG,28,17.37824821987254,9.031103232869935,53.539106805699774,0.2857142857142857,46.48086342056243,0.5357142857142857,2.57880158550193,2.6948230749412203,0.5772576242046915,True
304,PHE,86,9.058854980463627,4.403296272069631,40.80976911087949,0.2558139534883721,7.982296795747439,0.046511627906976744,0.6114344790669126,1.4209088174095446,0.5861610128510728,False
224,THR,21,8.323289187307587,4.354482908556361,29.75849451408708,0.23809523809523808,,0.0,0.21595410146113173,1.1943420315184654,0.741850214353871,True
106,ARG,55,9.185197683509244,3.642159243209211,25.141509272823573,0.16363636363636364,10.53761258607621,0.07272727272727272,0.6459729762448088,0.5095489452144657,0.29712980222334806,False
57,PHE,38,7.422208042560024,3.6106873924566214,15.265369291055183,0.15789473684210525,17.278996548638045,0.10526315789473684,0.4988360012465976,0.6359470785649675,0.3740224349154109,False
107,PRO,30,18.894772068321338,8.12300993297914,37.035545893328155,0.13333333333333333,31.46131433078105,0.43333333333333335,0.6607723065498241,0.5299265033310703,0.4230643205498536,False
369,ILE,85,5.013964710206568,2.5687876380937342,9.935403412717271,0.09411764705882353,10.047863433175165,0.2,0.271386214723335,0.4833349001155269,0.23474784618705036,False
309,THR,86,7.501310350305158,3.315240653349136,15.93666104935748,0.09302325581395349,,0.0,0.18655671795513917,0.5212747179639716,0.38894246759867324,False
241,PHE,72,7.808871034166895,4.2310665020209095,13.42129610382388,0.08333333333333333,7.474316161331323,0.013888888888888888,0.5429742889970007,0.9131223794886157,0.7699050783666811,True
119,SER,86,7.60792602638623,4.016641775568759,12.36228365899631,0.05813953488372093,,0.0,0.18913766683724784,0.34065219953822773,0.22077832439196884,False
371,MET,48,7.89631937750644,3.8668267928214624,14.648272597663787,0.041666666666666664,8.136114470481237,0.10416666666666667,0.4640063771229228,0.5282998035076044,0.22149960151633008,False
374,GLU,49,5.3393036647465735,2.1755345155773025,9.876266893249193,0.04081632653061224,5.007926430349431,0.0,0.3098384871382681,0.3441972227158034,0.16223891150326786,False
372,ARG,78,7.240061737874825,2.4430993931486946,16.43429616194381,0.038461538461538464,5.407743649343096,0.01282051282051282,0.45985409450108716,0.2494414481195681,0.17800734975335816,False
220,PHE,26,8.084636631869365,4.051282277196176,17.603801065465795,0.038461538461538464,6.803705080332044,0.0,0.506029522910233,1.1505837835076516,0.6586029045832782,True
120,ILE,80,10.742339765876604,5.525140583275185,16.914809294753812,0.0375,8.396899021364977,0.025,0.30307336755521463,0.42330178358658965,0.24584525677580224,False
373,LEU,30,5.0346999985489385,2.1126344156298322,9.646066997984281,0.03333333333333333,6.407189346042496,0.16666666666666666,0.3157669957575153,0.2626725072601176,0.14323735500040796,False
215,PHE,41,8.674860695526153,2.341414751680865,14.635511331861938,0.024390243902439025,10.372435262967898,0.04878048780487805,0.620342324077939,0.7058532069228469,0.43304170783452,True
117,ALA,32,,,,0.0,,0.0,,,0.2883859440982087,False
114,MET,56,3.3420989541383976,1.096467256274748,5.543628991073515,0.0,3.672915071812751,0.0,0.2489435598964979,0.3732310734483585,0.3289971477663914,False
105,ARG,82,4.683940751437072,2.083059347478886,9.179141071108193,0.0,6.4104553437940215,0.0,0.36172882790214667,0.32262535436867557,0.26339289755895995,False
300,ILE,48,3.76661580789032,1.8851927528666756,6.529807812394953,0.0,6.043737489998051,0.0,0.1908653612203553,0.4858663034586218,0.28929625191341835,False
306,GLY,36,,,,0.0,,0.0,,,0.4675608295660445,False
305,ALA,86,,,,0.0,,0.0,,,0.4876714823073856,False
370,ALA,86,,,,0.0,,0.0,,,0.2567447574166691,False
442,CYS,78,4.155021665920231,1.4474562216391271,8.557001396497391,0.0,,0.0,0.18018741143351932,0.25619397785948944,0.18247882763615278,False
481,GLY,40,,,,0.0,,0.0,,,0.7681762375781945,False
