ligand,sample,n_clashing,n_movable,n_backbone_clashing,heme_min,start_min,n_cleared,n_moved,n_uncleared,max_pert,sum_pert,final_min,solved,inter_sidechain_min,n_backbone
1RD,input_model_0,2,2,2,2.6409005528098266,0.6050345260970662,0,0,2,0.0,0.0,0.6050345260970662,False,,2
1RD,input_model_1,2,2,2,2.545999477435205,0.695013380894757,0,0,2,0.0,0.0,0.695013380894757,False,,2
1RD,input_model_2,2,2,2,2.5670580874160653,0.31632721697503874,0,0,2,0.0,0.0,0.31632721697503874,False,,2
1RD,input_model_3,3,3,2,2.625225795525476,0.4026564263480901,1,1,2,10.0,10.0,0.4026564263480901,False,,2
1RD,input_model_4,2,2,2,2.62351141393821,0.5818609844436115,0,0,2,0.0,0.0,0.5818609844436115,False,,2
1RD,input_model_5,3,3,2,2.5425927514225455,0.5628197922669597,2,2,1,20.0,30.0,0.5628197922669597,False,11.076209144851314,2
1RD,input_model_6,2,2,2,2.5984636890114943,0.7935131853067243,0,0,2,0.0,0.0,0.7935131853067243,False,,2
1RD,input_model_7,2,2,2,2.655985095311318,0.5907758941155956,0,0,2,0.0,0.0,0.5907758941155956,False,,2
1RD,input_model_8,3,3,2,2.703416428549221,0.5238496592330597,1,1,2,10.0,10.0,0.5238496592330597,False,,2
1RD,input_model_9,2,2,2,2.6786368470791366,0.5333133743750512,0,0,2,0.0,0.0,0.5333133743750512,False,,2
1RD,input_model_10,3,3,2,2.670463480029791,0.355264309263877,1,1,2,20.0,20.0,0.355264309263877,False,,2
1RD,input_model_11,2,2,2,2.697586063538178,0.6885400237344934,0,0,2,0.0,0.0,0.6885400237344934,False,,2
1RD,input_model_12,2,2,2,2.6355547789413514,0.7206399641837644,0,0,2,0.0,0.0,0.7206399641837644,False,,2
1RD,input_model_13,2,2,2,2.5738369734588447,0.5671392200844793,0,0,2,0.0,0.0,0.5671392200844793,False,,2
1RD,input_model_14,2,2,2,2.5367214715024837,0.68885100939701,0,0,2,0.0,0.0,0.68885100939701,False,,2
1RD,input_model_15,3,3,2,2.6378706227313553,0.7087326354711422,2,2,1,20.0,40.0,0.7087326354711422,False,10.438618657864508,2
1RD,input_model_16,3,3,2,2.5736402822969873,0.563512852965368,1,1,2,10.0,10.0,0.563512852965368,False,,2
1RD,input_model_17,3,3,2,2.6842446242748443,0.733362279795723,1,1,2,30.0,30.0,0.733362279795723,False,,2
1RD,input_model_18,3,3,2,2.771984372722811,0.6611213196998227,1,1,2,30.0,30.0,0.6611213196998227,False,,2
1RD,input_model_19,2,2,2,2.590685455475066,0.6575991622411492,0,0,2,0.0,0.0,0.6575991622411492,False,,2
5AW,input_model_0,2,2,2,2.5597907803427282,0.778123917360008,1,0,1,0.0,0.0,0.778123917360008,False,,2
5AW,input_model_1,2,2,2,2.487343961544675,0.6363018752139598,1,0,1,0.0,0.0,0.6363018752139598,False,,2
5AW,input_model_2,2,2,2,2.500774860041097,0.47735105064112493,1,0,1,0.0,0.0,0.47735105064112493,False,,2
5AW,input_model_3,2,2,2,2.473407517996561,0.43299336101301134,1,0,1,0.0,0.0,0.43299336101301134,False,,2
5AW,input_model_4,3,3,2,2.5772949038569464,0.6278780267981746,2,1,1,30.0,30.0,0.6278780267981746,False,,2
5AW,input_model_5,2,2,1,2.5157873484966893,0.7783070722523145,1,1,1,20.0,20.0,0.7783070722523145,False,,1
5AW,input_model_6,1,1,1,2.4314946401639155,0.30020064523127027,0,0,1,0.0,0.0,0.30020064523127027,False,,1
5AW,input_model_7,4,4,2,2.5082374032577213,0.730492992998417,3,2,1,20.0,30.0,0.730492992998417,False,6.389432847818515,2
5AW,input_model_8,3,3,2,2.590510129478185,0.509329027773089,2,1,1,30.0,30.0,0.7210206238371576,False,,2
5AW,input_model_9,1,1,1,2.403205775433382,0.34789946042375536,0,0,1,0.0,0.0,0.34789946042375536,False,,1
5AW,input_model_10,2,2,2,2.57036730788241,0.8927200757215596,1,0,1,0.0,0.0,0.8927200757215596,False,,2
5AW,input_model_11,2,2,2,2.5251002219502636,0.8530573525656652,1,0,1,0.0,0.0,0.8530573525656652,False,,2
5AW,input_model_12,2,2,2,2.5828128079907087,0.7410296144454148,0,0,2,0.0,0.0,0.7410296144454148,False,,2
5AW,input_model_13,1,1,1,2.5467482570168714,0.4429088051045743,0,0,1,0.0,0.0,0.4429088051045743,False,,1
5AW,input_model_14,2,2,2,2.399203395488622,0.21301282556513934,1,0,1,0.0,0.0,0.21301282556513934,False,,2
5AW,input_model_15,2,2,1,2.467946247427559,0.35681313075309246,1,1,1,20.0,20.0,0.35681313075309246,False,,1
5AW,input_model_16,1,1,1,2.4914937324679256,0.5506513279929391,0,0,1,0.0,0.0,0.5506513279929391,False,,1
5AW,input_model_17,1,1,1,2.496971050350405,0.7325988287410073,0,0,1,0.0,0.0,0.7325988287410073,False,,1
5AW,input_model_18,1,1,1,2.46309264576474,0.48848263293322575,0,0,1,0.0,0.0,0.48848263293322575,False,,1
5AW,input_model_19,1,1,1,2.510274450904951,0.7349481196043446,0,0,1,0.0,0.0,0.7349481196043446,False,,1
A1A4K,input_model_0,3,3,1,2.948422935104945,0.5041158528326826,2,2,1,70.0,110.0,1.1654141362219261,False,5.693489342627676,1
A1A4K,input_model_1,3,3,1,2.966176774185538,0.5683716521756204,2,2,1,90.0,130.0,1.0493624087249354,False,6.284594177190012,1
A1A4K,input_model_2,3,3,1,2.9299459852144962,0.6189879206787007,2,2,1,70.0,110.0,1.1579687517795247,False,6.012969967944947,1
A1A4K,input_model_3,3,3,1,3.0060239249983507,0.6531395111902452,2,2,1,70.0,90.0,1.1135196759704704,False,5.785878861655157,1
A1A4K,input_model_4,3,3,0,3.0184351634062523,0.5701342307325288,2,2,1,70.0,90.0,0.7355669213892246,False,6.155350762304668,0
A1A4K,input_model_5,3,3,1,2.9354280983523537,0.5944904702052386,2,2,1,70.0,100.0,0.6996682139260404,False,5.934379847490055,1
A1A4K,input_model_6,3,3,1,2.9351791211715366,0.2197953717886399,2,2,1,70.0,110.0,0.2197953717886399,False,5.495411546382326,1
A1A4K,input_model_7,3,3,1,2.937058133274161,0.5551183530107596,2,2,1,90.0,110.0,0.9796115477891695,False,6.356847553012094,1
A1A4K,input_model_8,2,2,1,2.9379323181915487,0.6591959210981717,1,1,1,110.0,110.0,0.7893459424630471,False,,1
A1A4K,input_model_9,3,3,1,2.94370631200321,0.42896106397582434,2,2,1,70.0,90.0,0.42896106397582434,False,5.927628201697799,1
A1A4K,input_model_10,3,3,1,2.995856361090224,0.7142479898719486,2,2,1,80.0,90.0,0.7519745650979806,False,2.1744330175472437,1
A1A4K,input_model_11,3,3,1,2.921279515757333,0.7112164554776109,2,2,1,90.0,100.0,0.7503726337649045,False,1.72418043171119,1
A1A4K,input_model_12,3,3,1,2.990043259353772,0.6239387364493121,2,2,1,70.0,110.0,1.053343161072043,False,5.338475942352416,1
A1A4K,input_model_13,3,3,1,2.962970610807408,0.5382452601317909,2,2,1,80.0,90.0,0.6871447475794001,False,1.7775176796219296,1
A1A4K,input_model_14,3,3,1,2.9260923500769334,0.4475215674357448,2,2,1,90.0,100.0,0.4475215674357448,False,1.601281077602105,1
A1A4K,input_model_15,4,4,1,2.9471310547665674,0.44756935361348726,3,3,1,70.0,100.0,0.6653594953542099,False,5.330438821931837,1
A1A4K,input_model_16,3,3,1,3.002696536698991,0.640336787352667,2,2,1,70.0,120.0,0.8118884644052685,False,5.545128692019799,1
A1A4K,input_model_17,5,5,1,2.9461637234329476,0.463437003124779,4,4,1,70.0,130.0,0.463437003124779,False,0.8908705115698196,1
A1A4K,input_model_18,3,3,0,2.9987225192352978,0.5800516490309051,3,3,0,80.0,120.0,2.2320654557098396,True,7.131763998640695,0
A1A4K,input_model_19,5,5,1,2.9247982536374364,0.6077950220150953,4,4,1,90.0,130.0,0.6077950220150953,False,2.9699867727922897,1
A1A4S,input_model_0,2,2,0,2.7169382154013073,0.9593815737138803,2,2,0,70.0,90.0,2.2063397195643724,True,11.270666964865324,0
A1A4S,input_model_1,3,3,0,2.7235928327937327,0.9625095514068468,3,3,0,90.0,190.0,2.212298058236764,True,7.581813764237198,0
A1A4S,input_model_2,3,3,0,2.6916952753813326,0.9203430560222711,3,3,0,90.0,170.0,2.2128951564138752,True,7.57150448004593,0
A1A4S,input_model_3,3,3,0,2.732649825036741,0.8256987424419444,3,3,0,70.0,160.0,2.2007780393819085,True,6.535756388342015,0
A1A4S,input_model_4,3,3,0,2.739748746434448,0.9242095640240029,3,3,0,80.0,120.0,2.226262192775264,True,6.236659737666211,0
A1A4S,input_model_5,3,3,0,2.723253663751957,0.8236120764388342,3,3,0,90.0,180.0,2.224909437808461,True,7.672420333987299,0
A1A4S,input_model_6,3,3,0,2.688421682334894,1.0225095776121942,3,3,0,90.0,180.0,2.2313573518139007,True,7.6187337069105,0
A1A4S,input_model_7,3,3,0,2.7519645083636948,0.6479698293707424,2,2,1,80.0,100.0,1.1453968093769702,False,11.606946950855049,0
A1A4S,input_model_8,3,3,0,2.7205914159814073,0.4499416594681914,3,3,0,100.0,190.0,2.2586627093482043,True,7.412184588572411,0
A1A4S,input_model_9,3,3,0,2.6827053135915775,0.9865629925899795,3,3,0,80.0,160.0,2.2051488355588953,True,6.534528155141097,0
A1A4S,input_model_10,3,3,0,2.7251519441927705,0.8477850984785823,3,3,0,70.0,150.0,2.235717000675807,True,6.561626421000085,0
A1A4S,input_model_11,3,3,0,2.7851927052105188,0.6312235351035763,3,3,0,60.0,140.0,2.209717289413571,True,6.566454888268113,0
A1A4S,input_model_12,3,3,0,2.7475975609653425,0.5045014563490855,3,3,0,90.0,190.0,2.2029228849827245,True,7.497558025379475,0
A1A4S,input_model_13,3,3,0,2.689064466799348,0.5781325079328294,3,3,0,90.0,180.0,2.2603523417889395,True,7.573744117374202,0
A1A4S,input_model_14,4,4,0,2.683984996130846,0.47715081327186515,3,3,1,80.0,110.0,1.2207670338992038,False,5.912277822371002,0
A1A4S,input_model_15,3,3,0,2.673552097574373,0.8038046974507274,3,3,0,90.0,190.0,2.210563310654553,True,7.4532472151735725,0
A1A4S,input_model_16,3,3,0,2.6792242772137262,0.7782801366506873,3,3,0,80.0,180.0,2.2041546521408035,True,6.2795736028395615,0
A1A4S,input_model_17,3,3,0,2.678442515162575,0.7157586820117036,3,3,0,90.0,190.0,2.238253882172968,True,7.492280275053862,0
A1A4S,input_model_18,3,3,0,2.6598312784619496,0.7008162527379005,3,3,0,90.0,200.0,2.2239917374504468,True,7.556334731868135,0
A1A4S,input_model_19,3,3,0,2.718984429621787,0.955050500519141,2,2,1,70.0,90.0,0.955050500519141,False,11.62213238189873,0
A1A4T,input_model_0,4,4,3,2.8084581342722,0.6716543908846228,3,2,1,120.0,130.0,0.6716543908846228,False,6.205445917082384,3
A1A4T,input_model_1,4,4,3,2.858335495854954,0.17443897858874965,2,0,2,0.0,0.0,0.17443897858874965,False,,3
A1A4T,input_model_2,4,4,3,2.8819363056737464,0.6259702296560047,2,0,2,0.0,0.0,0.6259702296560047,False,,3
A1A4T,input_model_3,4,4,3,2.8965285810920722,0.4880261383302768,2,0,2,0.0,0.0,0.4880261383302768,False,,3
A1A4T,input_model_4,4,4,3,2.869558949135587,0.45792612843527314,2,0,2,0.0,0.0,0.45792612843527314,False,,3
A1A4T,input_model_5,4,4,3,2.880559677856733,0.41878103992279253,2,1,2,10.0,10.0,0.41878103992279253,False,,3
A1A4T,input_model_6,4,4,3,2.8221845572152326,0.5798172212762669,2,0,2,0.0,0.0,0.5798172212762669,False,,3
A1A4T,input_model_7,4,4,3,2.903154233325324,0.6026301190977621,2,0,2,0.0,0.0,0.6026301190977621,False,,3
A1A4T,input_model_8,5,5,3,2.9366446344060617,0.4934493749054981,3,1,2,10.0,10.0,0.4934493749054981,False,7.235508856873855,3
A1A4T,input_model_9,4,4,3,2.8401801864493876,0.4572086924133467,2,1,2,10.0,10.0,0.4572086924133467,False,,3
A1A4T,input_model_10,4,4,3,2.8583667279279377,0.5693915305859956,2,1,2,10.0,10.0,0.5693915305859956,False,,3
A1A4T,input_model_11,5,5,3,2.9218076813200535,0.5795851183865546,3,1,2,10.0,10.0,0.5795851183865546,False,7.355847263130196,3
A1A4T,input_model_12,4,4,3,2.9646724052540523,0.5739664147379101,2,0,2,0.0,0.0,0.5739664147379101,False,,3
A1A4T,input_model_13,4,4,3,2.9626437752761294,0.6093012303139764,2,1,2,10.0,10.0,0.6093012303139764,False,,3
A1A4T,input_model_14,4,4,3,2.9114840010125387,0.5049258065984842,2,0,2,0.0,0.0,0.5049258065984842,False,,3
A1A4T,input_model_15,4,4,3,2.9166425776414306,0.6253220958682286,2,0,2,0.0,0.0,0.6253220958682286,False,,3
A1A4T,input_model_16,4,4,3,2.88777061779399,0.6090431495390656,2,1,2,10.0,10.0,0.6090431495390656,False,,3
A1A4T,input_model_17,4,4,3,2.940413316736811,0.6436649443888001,2,1,2,10.0,10.0,0.6436649443888001,False,,3
A1A4T,input_model_18,4,4,3,2.8534528260993666,0.6464871315247489,2,0,2,0.0,0.0,0.6464871315247489,False,,3
A1A4T,input_model_19,4,4,3,2.9507673271417896,0.6986417806313006,3,1,1,30.0,30.0,0.6986417806313006,False,6.447554951408888,3
A1BNX,input_model_0,1,1,0,2.509639592712482,1.0465379123973455,0,0,1,0.0,0.0,1.0465379123973455,False,,0
A1BNX,input_model_1,1,1,0,2.4473444613785027,1.2451461383628053,1,1,0,60.0,60.0,2.2606363980642183,True,,0
A1BNX,input_model_2,1,1,0,2.4133869564552457,1.121208862001527,0,0,1,0.0,0.0,1.121208862001527,False,,0
A1BNX,input_model_3,1,1,0,2.4887062462137046,0.9629559647021698,0,0,1,0.0,0.0,0.9629559647021698,False,,0
A1BNX,input_model_4,1,1,0,2.4997455924297354,0.6812836150805095,0,0,1,0.0,0.0,0.6812836150805095,False,,0
A1BNX,input_model_5,1,1,0,2.4852737790937316,1.493205693112904,0,0,1,0.0,0.0,1.493205693112904,False,,0
A1BNX,input_model_6,1,1,0,2.497975390834624,1.6930678330853015,0,0,1,0.0,0.0,1.6930678330853015,False,,0
A1BNX,input_model_7,1,1,0,2.454691172228873,2.1050266476589363,0,0,1,0.0,0.0,2.1050266476589363,False,,0
A1BNX,input_model_8,1,1,0,2.5154031761368385,0.8431126054887561,0,0,1,0.0,0.0,0.8431126054887561,False,,0
A1BNX,input_model_9,1,1,0,2.555427726771097,0.8751667671625092,1,1,0,60.0,60.0,2.2635844222929515,True,,0
A1BNX,input_model_10,1,1,0,2.465332616128141,1.5126430315251909,1,1,0,40.0,40.0,2.396513106669723,True,,0
A1BNX,input_model_11,2,2,0,2.5190245035979553,1.931481503005848,2,2,0,10.0,20.0,2.2488081763006815,True,4.0611470183374445,0
A1BNX,input_model_12,1,1,0,2.4924171698380313,0.5087734305989862,0,0,1,0.0,0.0,0.5087734305989862,False,,0
A1BNX,input_model_13,1,1,0,2.5256042291963525,1.10608314525739,0,0,1,0.0,0.0,1.10608314525739,False,,0
A1BNX,input_model_14,2,2,0,2.5257090315007917,0.8379661076135003,1,1,1,10.0,10.0,0.8379661076135003,False,,0
A1BNX,input_model_15,1,1,0,2.502183790099764,0.9727900981258603,0,0,1,0.0,0.0,0.9727900981258603,False,,0
A1BNX,input_model_16,2,2,0,2.4777409292828034,1.6929932384251205,2,2,0,30.0,40.0,2.339926528774619,True,3.913663984401388,0
A1BNX,input_model_17,2,2,0,2.4852630969606015,1.839075020862221,2,2,0,110.0,120.0,2.252525949757448,True,4.0912499385746335,0
A1BNX,input_model_18,1,1,0,2.5277417315833945,1.7224941016662911,1,1,0,30.0,30.0,2.2649959510937547,True,,0
A1BNX,input_model_19,2,2,0,2.502044886858915,1.9439985121733299,2,2,0,20.0,30.0,2.2092843431675853,True,4.093977592171119,0
A1CIW,input_model_0,1,1,0,3.8994512638666627,1.417216303723248,1,1,0,40.0,40.0,2.2011569418477266,True,,0
A1CIW,input_model_1,3,3,0,3.8416802108072767,1.597333037434071,3,3,0,30.0,60.0,2.240192020464672,True,4.024797756093537,0
A1CIW,input_model_2,1,1,0,3.8044592490554976,1.3436820379130485,1,1,0,40.0,40.0,2.2446239632677836,True,,0
A1CIW,input_model_3,2,2,0,3.85929110198886,1.553280000692779,2,2,0,40.0,50.0,2.4154853194185226,True,4.061702655678638,0
A1CIW,input_model_4,3,3,0,3.967706300506685,1.5747200975352413,3,3,0,40.0,60.0,2.2784666527686355,True,4.264981545631576,0
A1CIW,input_model_5,2,2,0,3.8190953327695665,1.6387426037933408,2,2,0,30.0,40.0,2.304071271024665,True,3.688788438938579,0
A1CIW,input_model_6,3,3,0,3.790771117981013,1.5879597308981546,3,3,0,40.0,60.0,2.3932841930132707,True,4.059119650735571,0
A1CIW,input_model_7,2,2,0,3.8125495163372274,1.24230724219617,2,2,0,60.0,70.0,2.306788161121759,True,8.221758237431803,0
A1CIW,input_model_8,2,2,0,3.8363078366795076,1.2181649820844376,2,2,0,50.0,60.0,2.21251167492914,True,4.749951025385162,0
A1CIW,input_model_9,3,3,0,3.85778859063876,1.8584824248378247,3,3,0,20.0,50.0,2.355632551582055,True,4.154512458448125,0
A1CIW,input_model_10,3,3,0,3.9498022097226024,1.6446469967757193,3,3,0,20.0,40.0,2.26446667410152,True,3.9732304563500143,0
A1CIW,input_model_11,1,1,0,3.8921450211050925,1.308568529967888,1,1,0,50.0,50.0,2.361278909892072,True,,0
A1CIW,input_model_12,3,3,0,3.9195558534825685,1.116374560943991,3,3,0,30.0,70.0,2.2001635488142917,True,3.962040551576075,0
A1CIW,input_model_13,2,2,0,3.86775811201968,1.5856551722059984,2,2,0,20.0,40.0,2.320476404981581,True,6.444952260252057,0
A1CIW,input_model_14,2,2,0,3.851556177522325,1.0605714352601772,2,2,0,30.0,50.0,2.2609017964549936,True,8.379049297090278,0
A1CIW,input_model_15,1,1,0,3.8501589803564205,1.5525260829997032,1,1,0,40.0,40.0,2.4314206664977376,True,,0
A1CIW,input_model_16,1,1,0,3.8478645310818815,1.6141397653326455,1,1,0,30.0,30.0,2.2090660349282056,True,,0
A1CIW,input_model_17,1,1,0,3.9139411629419145,1.5969034739178876,1,1,0,30.0,30.0,2.23678529394075,True,,0
A1CIW,input_model_18,1,1,0,3.955835486082461,1.4575946042953563,1,1,0,40.0,40.0,2.3047929392573407,True,,0
A1CIW,input_model_19,2,2,0,3.849851495342081,1.3254616130034944,2,2,0,40.0,60.0,2.212741492018184,True,7.970444990717385,0
D0R,input_model_0,3,3,0,2.6771434404780914,0.9746811358791676,2,2,1,40.0,60.0,0.9746811358791676,False,7.4013994203868405,0
D0R,input_model_1,3,3,0,2.493406255247574,1.005087815297439,2,2,1,40.0,50.0,1.005087815297439,False,9.08119363112472,0
D0R,input_model_2,3,3,0,2.6254827882934317,1.3631071002679283,2,2,1,90.0,130.0,1.3631071002679283,False,7.896867047923815,0
D0R,input_model_3,3,3,0,2.578508730472548,1.003243426415236,2,2,1,40.0,70.0,1.217030811257875,False,6.905035334715934,0
D0R,input_model_4,2,2,0,2.63523842921323,1.604971681133417,2,2,0,30.0,40.0,2.2358799285444766,True,5.988696320928456,0
D0R,input_model_5,2,2,0,2.6206905920334607,1.3163330345506041,1,1,1,30.0,30.0,1.3163330345506041,False,,0
D0R,input_model_6,2,2,0,2.594370697962112,1.191217864474317,1,1,1,50.0,50.0,1.3202898887862362,False,,0
D0R,input_model_7,1,1,0,2.599858045854873,1.59175756245049,1,1,0,30.0,30.0,2.2443125340666925,True,,0
D0R,input_model_8,3,3,0,2.653409035320226,0.8684908900066368,2,2,1,50.0,100.0,0.8684908900066368,False,7.152121314824353,0
D0R,input_model_9,2,2,0,2.5585149329281105,1.317345245156834,1,1,1,40.0,40.0,1.3232688696359909,False,,0
D0R,input_model_10,2,2,0,2.6469474224159586,1.4191156076329925,1,1,1,20.0,20.0,1.4191156076329925,False,,0
D0R,input_model_11,2,2,0,2.552409550808207,1.5078182559438686,2,2,0,30.0,40.0,2.276252879492832,True,8.983092991831787,0
D0R,input_model_12,2,2,0,2.6180549479680884,1.1170122427956635,1,1,1,50.0,50.0,1.4942986658672388,False,,0
D0R,input_model_13,3,3,0,2.6239640471851295,1.1885157319078012,2,2,1,40.0,50.0,1.1885157319078012,False,5.5575822633912955,0
D0R,input_model_14,2,2,0,2.622058822254629,1.3647298407309678,1,1,1,40.0,40.0,1.519516332262282,False,,0
D0R,input_model_15,1,1,0,2.6301684488376065,1.5440274686618507,1,1,0,40.0,40.0,2.291706499756177,True,,0
D0R,input_model_16,2,2,0,2.6820058726836646,1.3513017608661448,1,1,1,30.0,30.0,1.3513017608661448,False,,0
D0R,input_model_17,3,3,0,2.616121378486923,1.1468405424838843,2,2,1,60.0,70.0,1.1468405424838843,False,10.277964124656544,0
D0R,input_model_18,2,2,0,2.562799854422219,1.1894608616276492,1,1,1,40.0,40.0,1.5268680795433687,False,,0
D0R,input_model_19,0,0,0,2.8654544805767816,2.3732623024288446,0,0,0,0.0,0.0,2.3732623024288446,True,,0
D81,input_model_0,1,1,0,2.8288840028530227,0.35098316400162444,1,1,0,70.0,70.0,2.2722717507563397,True,,0
D81,input_model_1,1,1,0,2.8621855429439687,0.8182706707834051,1,1,0,80.0,80.0,2.2451758037778866,True,,0
D81,input_model_2,2,2,0,2.891168851373139,0.71138061575594,2,2,0,60.0,80.0,2.2070798004578247,True,3.5785654136906446,0
D81,input_model_3,1,1,0,2.93497455637715,0.370056337964332,1,1,0,60.0,60.0,2.257702733824148,True,,0
D81,input_model_4,2,2,0,2.8221407199615696,0.697805729098068,2,2,0,60.0,70.0,2.2313421450686644,True,2.8673911948023956,0
D81,input_model_5,2,2,0,2.851469072655123,0.6352155906177872,2,2,0,70.0,80.0,2.269265209199059,True,3.774778658657302,0
D81,input_model_6,1,1,0,2.8068166667948393,0.247196010586053,1,1,0,70.0,70.0,2.3231840037670617,True,,0
D81,input_model_7,1,1,0,2.883578423163654,0.43717953850529456,1,1,0,60.0,60.0,2.284129776049445,True,,0
D81,input_model_8,1,1,0,2.8425913956508815,0.652759171350842,1,1,0,70.0,70.0,2.2170381988380665,True,,0
D81,input_model_9,1,1,0,2.862522238365673,0.6236197712023219,1,1,0,60.0,60.0,2.214742730526352,True,,0
D81,input_model_10,1,1,0,2.7260694006270896,0.26371065989825027,1,1,0,70.0,70.0,2.20105282892502,True,,0
D81,input_model_11,1,1,0,2.870098871285115,0.3900955251222527,1,1,0,80.0,80.0,2.3019378054103976,True,,0
D81,input_model_12,1,1,0,2.838533011766693,0.48404664098486533,1,1,0,80.0,80.0,2.350468905697942,True,,0
D81,input_model_13,1,1,0,2.8629487628289554,0.3657846024781853,1,1,0,60.0,60.0,2.27982972792721,True,,0
D81,input_model_14,1,1,0,2.7483835832944155,0.37555818192920626,1,1,0,90.0,90.0,2.279865407680676,True,,0
D81,input_model_15,1,1,0,2.85045641159029,0.6842732428277085,1,1,0,60.0,60.0,2.3045448273088143,True,,0
D81,input_model_16,2,2,0,2.833567146404214,0.24832371241104972,2,2,0,70.0,80.0,2.3091800443925186,True,3.2897737221836407,0
D81,input_model_17,1,1,0,2.7755702981774517,0.40180407717229927,1,1,0,80.0,80.0,2.228534676189538,True,,0
D81,input_model_18,1,1,0,2.807891887428865,0.3812113519898347,1,1,0,70.0,70.0,2.2766052057543327,True,,0
D81,input_model_19,1,1,0,2.913204134537684,0.4614072284696548,1,1,0,70.0,70.0,2.3308625512618244,True,,0
DJ1,input_model_0,1,1,0,2.626603680383953,2.1488105150879084,1,1,0,10.0,10.0,2.2830803413590326,True,,0
DJ1,input_model_1,1,1,0,2.7530783216317447,1.974091485955465,1,1,0,10.0,10.0,2.210142820569038,True,,0
DJ1,input_model_2,2,2,0,2.6794967846173354,1.4556931518209475,2,2,0,20.0,30.0,2.3059700548734687,True,10.557353693735399,0
DJ1,input_model_3,1,1,0,2.7049719880136696,1.41510486635415,1,1,0,20.0,20.0,2.229303874988578,True,,0
DJ1,input_model_4,2,2,0,2.706510325900931,1.9144995989039135,2,2,0,30.0,40.0,2.209175446596926,True,10.30402364462482,0
DJ1,input_model_5,2,2,0,2.7143419371760555,1.0081020273498484,2,2,0,20.0,30.0,2.2105650598092272,True,10.370624659191996,0
DJ1,input_model_6,2,2,0,2.6915874774195188,1.2914062978629075,2,2,0,20.0,30.0,2.262353732928913,True,10.860175426348041,0
DJ1,input_model_7,2,2,0,2.675114375518162,1.0855030032327557,2,2,0,20.0,30.0,2.2624416910203817,True,7.8958730166816835,0
DJ1,input_model_8,1,1,0,2.669314181733562,2.005924286262328,1,1,0,20.0,20.0,2.216220144648428,True,,0
DJ1,input_model_9,2,2,0,2.7358467719721165,1.1244486147616477,2,2,0,20.0,30.0,2.3091220507059123,True,10.437850530383004,0
DJ1,input_model_10,2,2,0,2.6821178595614095,1.3431878784370594,2,2,0,20.0,30.0,2.296823478637969,True,10.625174160532007,0
DJ1,input_model_11,2,2,0,2.711277736585333,0.8461759426206347,2,2,0,30.0,40.0,2.318645179757035,True,10.532840958149423,0
DJ1,input_model_12,1,1,0,2.710948425079296,2.181086936594686,1,1,0,10.0,10.0,2.236753014619696,True,,0
DJ1,input_model_13,2,2,0,2.656803882957205,1.3923795276421076,2,2,0,20.0,30.0,2.257392730621998,True,10.484891770770314,0
DJ1,input_model_14,1,1,0,2.6875988906471764,1.7078151682536435,1,1,0,20.0,20.0,2.2505302267022675,True,,0
DJ1,input_model_15,1,1,0,2.7158447351811787,0.8765468524800923,1,1,0,40.0,40.0,2.206046454680367,True,,0
DJ1,input_model_16,2,2,0,2.6356401686605624,1.7200115462178487,2,2,0,10.0,20.0,2.2907370361834376,True,10.545464881329892,0
DJ1,input_model_17,1,1,0,2.6345031980025855,2.164458607291873,1,1,0,10.0,10.0,2.305677476409775,True,,0
DJ1,input_model_18,2,2,0,2.6247508026015227,1.1955375051355996,2,2,0,20.0,30.0,2.2205018279060935,True,10.551395679595187,0
DJ1,input_model_19,2,2,0,2.7336275650576356,0.825652409009954,2,2,0,30.0,40.0,2.2185669378623247,True,10.319230096662494,0
ERY,input_model_0,5,5,4,3.259491886224127,0.2718843725311895,3,1,2,10.0,10.0,0.2718843725311895,False,4.785853400224088,4
ERY,input_model_1,5,5,4,3.3449754338743944,0.5625507798490872,3,2,2,10.0,20.0,0.5625507798490872,False,5.428166715338902,4
ERY,input_model_2,5,5,4,3.2972233053749407,0.5948472443140397,3,2,2,10.0,20.0,0.5948472443140397,False,4.343598013884042,4
ERY,input_model_3,5,5,4,3.4100415562807287,0.5888815412075088,3,1,2,10.0,10.0,0.5888815412075088,False,7.2238944100671905,4
ERY,input_model_4,4,4,4,3.237814780904253,0.4137821605381338,3,2,1,60.0,70.0,0.4137821605381338,False,3.955095245047569,4
ERY,input_model_5,4,4,4,3.198824775410037,0.2701930783360683,2,1,2,10.0,10.0,0.2701930783360683,False,7.322775519002341,4
ERY,input_model_6,5,5,4,3.2787439116037915,0.420073740031757,3,2,2,10.0,20.0,0.420073740031757,False,5.416582008947817,4
ERY,input_model_7,5,5,4,3.227327860994593,0.5433692096144557,3,1,2,10.0,10.0,0.5433692096144557,False,5.477920691870017,4
ERY,input_model_8,5,5,4,3.351905792800117,0.6709697792608869,3,2,2,10.0,20.0,0.6709697792608869,False,5.585954755030887,4
ERY,input_model_9,5,5,4,3.2057731502202738,0.5784328884918625,3,2,2,10.0,20.0,0.5784328884918625,False,5.594460495023748,4
ERY,input_model_10,7,7,4,3.2496676396582114,0.5513800124304383,4,3,3,10.0,30.0,0.5513800124304383,False,5.815531800757162,4
ERY,input_model_11,4,4,4,3.361723290648282,0.19045219973048438,2,0,2,0.0,0.0,0.19045219973048438,False,7.093518784383391,4
ERY,input_model_12,5,5,4,3.282599100204042,0.5319051097752019,3,1,2,10.0,10.0,0.5319051097752019,False,5.585082476887114,4
ERY,input_model_13,4,4,4,3.311644796397496,0.4912016862665591,2,0,2,0.0,0.0,0.4912016862665591,False,7.413539631579507,4
ERY,input_model_14,4,4,4,3.3258317205877317,0.37130519272031043,2,0,2,0.0,0.0,0.37130519272031043,False,7.29073405374932,4
ERY,input_model_15,4,4,4,3.3544247876606335,0.5641024652734139,2,1,2,10.0,10.0,0.5641024652734139,False,7.345192804698866,4
ERY,input_model_16,6,6,4,3.28749542278391,0.4794138435826273,4,4,2,10.0,40.0,0.4794138435826273,False,5.8136435313870365,4
ERY,input_model_17,5,5,4,3.24449808317953,0.8131979436214559,3,2,2,10.0,20.0,0.8131979436214559,False,7.404815962027685,4
ERY,input_model_18,3,3,2,3.523422636043965,0.486615799573593,2,1,1,80.0,80.0,1.0708704486064011,False,,2
ERY,input_model_19,4,4,4,3.3081934963437636,0.6773455652399774,2,0,2,0.0,0.0,0.6773455652399774,False,7.453852486124206,4
G0J,input_model_0,3,3,0,2.874502839674066,0.49162949074822304,3,3,0,70.0,110.0,2.2658667370892083,True,5.3173768526143865,0
G0J,input_model_1,3,3,0,2.922987748781632,0.5291570748216732,3,3,0,90.0,130.0,2.2277226203083185,True,5.2119709323746815,0
G0J,input_model_2,2,2,0,2.8686767533554507,0.6444274637926668,2,2,0,80.0,110.0,2.216927019414321,True,5.87418523017466,0
G0J,input_model_3,2,2,0,2.868937921761992,0.39643185411985066,2,2,0,70.0,110.0,2.2109578633992304,True,4.48228741020059,0
G0J,input_model_4,2,2,0,2.92167193792995,0.5720471561652544,2,2,0,70.0,100.0,2.2462173514850883,True,4.716524080383653,0
G0J,input_model_5,3,3,0,2.849135001432115,0.49630267526984956,3,3,0,80.0,120.0,2.212163062699407,True,4.779353631511005,0
G0J,input_model_6,3,3,0,2.8346892894765534,0.5807284561288898,3,3,0,90.0,140.0,2.2105943821531637,True,5.3171365552969565,0
G0J,input_model_7,2,2,0,2.8720112141374425,0.6828935618714942,2,2,0,70.0,100.0,2.2776328378175554,True,4.537025478082072,0
G0J,input_model_8,3,3,0,2.827453799402956,0.40528559065712616,3,3,0,80.0,120.0,2.2362446331227814,True,5.048258980876104,0
G0J,input_model_9,2,2,0,2.8360696300277053,0.46621642538458236,2,2,0,90.0,140.0,2.2321763484328576,True,6.057034772807566,0
G0J,input_model_10,3,3,0,2.857101280181124,0.5576408036928933,3,3,0,70.0,130.0,2.2077676329278506,True,4.440352869728698,0
G0J,input_model_11,3,3,0,2.8203567092049506,0.6453402020387868,3,3,0,90.0,140.0,2.228755657398681,True,5.426045378240889,0
G0J,input_model_12,3,3,0,2.8397096135570514,0.654638160431363,3,3,0,80.0,130.0,2.2073029382643186,True,5.499826812100201,0
G0J,input_model_13,2,2,0,2.7757608624272274,0.3280272606987008,2,2,0,100.0,160.0,2.2004449096791974,True,5.952752988029992,0
G0J,input_model_14,2,2,0,2.846578766076029,0.7298396239042094,2,2,0,90.0,130.0,2.205867166471445,True,5.928768596142036,0
G0J,input_model_15,2,2,0,2.7854715152666416,0.2907197710373971,2,2,0,60.0,100.0,2.218641637850107,True,4.244381177123884,0
G0J,input_model_16,3,3,0,2.870817561417239,0.2565834864558731,3,3,0,70.0,130.0,2.216962501313097,True,4.459350121443177,0
G0J,input_model_17,2,2,0,2.924197086138446,0.6036855464190725,2,2,0,70.0,110.0,2.2076990671360703,True,5.096334976363847,0
G0J,input_model_18,3,3,0,2.78203670598078,0.32199524450580363,3,3,0,60.0,110.0,2.215641542126555,True,4.1922324294146485,0
G0J,input_model_19,2,2,0,2.7829512065322604,0.6166172776372901,2,2,0,70.0,110.0,2.220541251014388,True,4.482330526459178,0
G0V,input_model_0,1,1,0,2.8471487024192736,0.8844031727014979,1,1,0,60.0,60.0,2.2772097370210123,True,,0
G0V,input_model_1,1,1,0,2.796664875664754,0.7629281790355572,1,1,0,70.0,70.0,2.2138452136211813,True,,0
G0V,input_model_2,1,1,0,2.827699861173931,0.8235105955679913,1,1,0,60.0,60.0,2.277971167877532,True,,0
G0V,input_model_3,3,3,0,2.858146768681995,0.872641534602253,3,3,0,70.0,100.0,2.2107787837564064,True,2.7807679999793593,0
G0V,input_model_4,1,1,0,2.907349230232947,0.9263127362030773,1,1,0,60.0,60.0,2.3418435774391,True,,0
G0V,input_model_5,1,1,0,2.846032924899485,0.8072287218246166,1,1,0,60.0,60.0,2.316123839606632,True,,0
G0V,input_model_6,1,1,0,2.8486810403542244,0.5824216948623855,1,1,0,80.0,80.0,2.274284097183474,True,,0
G0V,input_model_7,1,1,0,2.9355846530971212,0.784158316684209,1,1,0,70.0,70.0,2.270529685494045,True,,0
G0V,input_model_8,1,1,0,2.840693501107145,1.089837824833485,1,1,0,50.0,50.0,2.262911871807495,True,,0
G0V,input_model_9,1,1,0,2.8841979624618403,0.8720885713751051,1,1,0,70.0,70.0,2.215386429738889,True,,0
G0V,input_model_10,1,1,0,2.8512699090006417,0.9643822462193706,1,1,0,50.0,50.0,2.2533722137303536,True,,0
G0V,input_model_11,1,1,0,2.871790550876286,0.7128612493805365,1,1,0,70.0,70.0,2.2626385801562665,True,,0
G0V,input_model_12,1,1,0,2.8156628553472944,0.7629079152430118,1,1,0,70.0,70.0,2.2122554538730803,True,,0
G0V,input_model_13,1,1,0,2.8450065664374624,0.5744133530625092,1,1,0,70.0,70.0,2.2793994839004412,True,,0
G0V,input_model_14,1,1,0,2.883034480918065,0.8682618781975506,1,1,0,60.0,60.0,2.2274426528931333,True,,0
G0V,input_model_15,1,1,0,2.8293029204055524,0.5443506696707187,1,1,0,70.0,70.0,2.2823015538605755,True,,0
G0V,input_model_16,1,1,0,2.8016750184005312,0.8777322906128312,1,1,0,60.0,60.0,2.2164461336138905,True,,0
G0V,input_model_17,1,1,0,2.8719084002792417,0.8796442640675504,1,1,0,60.0,60.0,2.265214109432743,True,,0
G0V,input_model_18,1,1,0,2.8610389872578144,0.7152192137232105,1,1,0,60.0,60.0,2.2252125164074563,True,,0
G0V,input_model_19,0,0,0,2.921570919734019,2.6829716830770303,0,0,0,0.0,0.0,2.6829716830770303,True,,0
J9K,input_model_0,3,3,0,2.5759932201068736,0.9030074219118158,3,3,0,80.0,130.0,2.225991153548626,True,2.837600347229739,0
J9K,input_model_1,3,3,0,2.4785013509389304,0.8331192126970018,3,3,0,70.0,120.0,2.222251466974884,True,2.1266573524159886,0
J9K,input_model_2,3,3,0,2.474740863419985,0.9066155463439649,3,3,0,130.0,240.0,2.208529355729524,True,3.586136506780386,0
J9K,input_model_3,3,3,0,2.4878027410137125,1.2069789332806482,3,3,0,120.0,160.0,2.26313866375907,True,3.7785449318308193,0
J9K,input_model_4,3,3,0,2.5226519052527236,0.982269903675292,3,3,0,90.0,150.0,2.234946249871395,True,3.5438121188011174,0
J9K,input_model_5,3,3,0,2.520934501110041,1.6435331591460756,3,3,0,90.0,150.0,2.2459411026849634,True,4.234594715317212,0
J9K,input_model_6,3,3,0,2.497315971251771,1.1085861413802287,2,2,1,100.0,110.0,1.4684142006014163,False,8.039322807579103,0
J9K,input_model_7,3,3,0,2.5407404873240775,1.4052647245350351,2,2,1,80.0,90.0,1.6681708878216353,False,5.327081076439946,0
J9K,input_model_8,3,3,0,2.4872883390054845,1.335327435539036,2,2,1,30.0,40.0,1.3775595473989544,False,9.825890000089126,0
J9K,input_model_9,3,3,0,2.538843627747301,1.3158329075788286,2,2,1,90.0,100.0,1.3688488719681362,False,8.24446780811316,0
J9K,input_model_10,3,3,0,2.4894721286691373,0.824537569400289,3,3,0,130.0,190.0,2.2010120645932143,True,3.6192482755113766,0
J9K,input_model_11,3,3,0,2.499851805224212,0.5114895432817158,2,2,1,90.0,110.0,1.4179491773824673,False,6.927937902779178,0
J9K,input_model_12,3,3,0,2.5131617443403185,1.3453097337562179,2,2,1,140.0,150.0,1.4807478145298916,False,9.706981562864238,0
J9K,input_model_13,3,3,0,2.439482480667632,1.0871395364407228,3,3,0,110.0,150.0,2.2335530994946846,True,4.428026183126632,0
J9K,input_model_14,3,3,0,2.5308245755063288,0.45464574384422307,2,2,1,90.0,100.0,1.3371632677917995,False,5.838802649634904,0
J9K,input_model_15,3,3,0,2.4030524695737205,1.233573135499747,3,3,0,60.0,130.0,2.2058481385881015,True,3.9719025981755185,0
J9K,input_model_16,3,3,0,2.4734013177295204,0.6024308148578247,2,2,1,90.0,110.0,1.5787899634640503,False,6.037610350711846,0
J9K,input_model_17,3,3,0,2.493530370595923,0.981739568484992,2,2,1,130.0,140.0,1.2835721207751727,False,9.706396758651376,0
J9K,input_model_18,3,3,0,2.506373631769452,0.9826741197930736,2,2,1,50.0,60.0,1.4649762513970987,False,9.676248462440679,0
J9K,input_model_19,3,3,0,2.4490022344893876,0.5024884820192287,2,2,1,100.0,130.0,1.3316926319241766,False,6.008709821787225,0
KLN,input_model_0,2,1,1,2.477001698452174,1.3719427089357563,0,0,1,0.0,0.0,1.3719427089357563,False,,1
KLN,input_model_1,1,1,0,2.603215462170554,1.4163127349233484,1,1,0,100.0,100.0,2.205126652156648,True,,0
KLN,input_model_2,1,1,0,2.5387818824697215,0.538862195471082,0,0,1,0.0,0.0,0.538862195471082,False,,0
KLN,input_model_3,1,1,0,2.5714107997987714,1.0460814943611783,0,0,1,0.0,0.0,1.0460814943611783,False,,0
KLN,input_model_4,1,1,0,2.5376361322736276,1.4067121637095907,0,0,1,0.0,0.0,1.4067121637095907,False,,0
KLN,input_model_5,1,1,0,2.4374332686878644,1.8245569149357312,1,1,0,40.0,40.0,2.207604418463226,True,,0
KLN,input_model_6,2,1,0,2.6021852577700786,0.8143804813640029,0,0,1,0.0,0.0,0.8143804813640029,False,,0
KLN,input_model_7,2,1,0,2.574693148540001,1.6632659584536673,0,0,1,0.0,0.0,1.6632659584536673,False,,0
KLN,input_model_8,1,1,0,2.624677856809328,1.1951649025866573,0,0,1,0.0,0.0,1.1951649025866573,False,,0
KLN,input_model_9,1,1,0,2.4986068866583646,1.210116986932375,1,1,0,90.0,90.0,2.2305009502648137,True,,0
KLN,input_model_10,2,1,0,2.5292942660681894,1.2459629335457951,0,0,1,0.0,0.0,1.2459629335457951,False,,0
KLN,input_model_11,2,1,0,2.5771999317005703,1.5171345418240425,0,0,1,0.0,0.0,1.5171345418240425,False,,0
KLN,input_model_12,1,1,0,2.515601770793419,1.427193979776806,0,0,1,0.0,0.0,1.427193979776806,False,,0
KLN,input_model_13,1,1,0,2.5793382188876053,1.4700920484084754,0,0,1,0.0,0.0,1.4700920484084754,False,,0
KLN,input_model_14,1,1,0,2.5255204674127376,1.3379148404031522,0,0,1,0.0,0.0,1.3379148404031522,False,,0
KLN,input_model_15,1,1,0,2.417417228999827,0.855328552234156,1,1,0,80.0,80.0,2.2010230124702557,True,,0
KLN,input_model_16,1,1,0,2.491946292919264,0.3403703275258786,0,0,1,0.0,0.0,0.3403703275258786,False,,0
KLN,input_model_17,1,1,0,2.517922648109132,1.3248527340407357,1,1,0,110.0,110.0,2.2182808578537156,True,,0
KLN,input_model_18,0,0,0,2.561309381328374,2.3320435853433787,0,0,0,0.0,0.0,2.3320435853433787,True,,0
KLN,input_model_19,0,0,0,2.7821590592224723,2.7821590592224723,0,0,0,0.0,0.0,2.7821590592224723,True,,0
MWV,input_model_0,0,0,0,3.0670566532429238,2.4391094503164465,0,0,0,0.0,0.0,2.4391094503164465,True,,0
MWV,input_model_1,0,0,0,3.0355120719173896,2.335844517487395,0,0,0,0.0,0.0,2.335844517487395,True,,0
MWV,input_model_2,1,1,0,3.106643379820369,2.061200501445384,1,1,0,10.0,10.0,2.5250823121292774,True,,0
MWV,input_model_3,0,0,0,2.976514647154569,2.5682803929753732,0,0,0,0.0,0.0,2.5682803929753732,True,,0
MWV,input_model_4,0,0,0,3.129984619436093,2.473898681105253,0,0,0,0.0,0.0,2.473898681105253,True,,0
MWV,input_model_5,1,1,0,3.144403640156806,0.7886137942104636,1,1,0,100.0,100.0,2.517662467866179,True,,0
MWV,input_model_6,1,1,0,3.0607239510876574,1.682706234070389,1,1,0,10.0,10.0,2.258715285372184,True,,0
MWV,input_model_7,0,0,0,3.0818574040932094,2.4362552340440207,0,0,0,0.0,0.0,2.4362552340440207,True,,0
MWV,input_model_8,0,0,0,3.0016366188210637,2.4906954738567535,0,0,0,0.0,0.0,2.4906954738567535,True,,0
MWV,input_model_9,0,0,0,3.1062981144738138,2.4748787342462673,0,0,0,0.0,0.0,2.4748787342462673,True,,0
MWV,input_model_10,0,0,0,3.0246814386904757,2.2992305277546916,0,0,0,0.0,0.0,2.2992305277546916,True,,0
MWV,input_model_11,1,1,0,3.1164498411023973,2.023062296236964,1,1,0,10.0,10.0,2.512360398095303,True,,0
MWV,input_model_12,1,1,0,3.1287929598369417,0.8936876541994652,1,1,0,20.0,20.0,2.3514310890266095,True,,0
MWV,input_model_13,0,0,0,3.014805426590562,2.3343408937919774,0,0,0,0.0,0.0,2.3343408937919774,True,,0
MWV,input_model_14,1,1,0,3.0673970261919328,0.9270215449269957,1,1,0,100.0,100.0,2.5717244977239355,True,,0
MWV,input_model_15,0,0,0,3.197172524164832,2.399477570943409,0,0,0,0.0,0.0,2.399477570943409,True,,0
MWV,input_model_16,0,0,0,3.0728133467587977,2.5400479902328255,0,0,0,0.0,0.0,2.5400479902328255,True,,0
MWV,input_model_17,0,0,0,3.4674185857209796,2.235715182081567,0,0,0,0.0,0.0,2.235715182081567,True,,0
MWV,input_model_18,0,0,0,3.5052441629188538,2.262610885458109,0,0,0,0.0,0.0,2.262610885458109,True,,0
MWV,input_model_19,0,0,0,3.0230045804415817,2.2525949285051423,0,0,0,0.0,0.0,2.2525949285051423,True,,0
MWY,input_model_0,4,4,2,3.529783601486129,0.25457896047013195,2,2,2,20.0,40.0,0.25457896047013195,False,6.957672282104021,2
MWY,input_model_1,4,4,2,3.545681214136725,0.2866215837500591,2,2,2,20.0,40.0,0.2866215837500591,False,6.285863062890281,2
MWY,input_model_2,4,4,2,3.5132330334299806,0.45409525177665117,2,2,2,30.0,50.0,0.45409525177665117,False,7.013757482168924,2
MWY,input_model_3,3,3,2,3.549638629926358,0.2749208216027002,1,1,2,20.0,20.0,0.2749208216027002,False,,2
MWY,input_model_4,4,4,2,3.4459297524348287,0.4359357561630509,2,2,2,30.0,40.0,0.4359357561630509,False,7.117086448087258,2
MWY,input_model_5,3,3,2,3.4562534654796897,0.3634012935951815,1,1,2,20.0,20.0,0.3634012935951815,False,,2
MWY,input_model_6,4,4,2,3.5696174363266846,0.28542793711697895,2,2,2,10.0,20.0,0.28542793711697895,False,6.589192934171292,2
MWY,input_model_7,4,4,2,3.501219153697895,0.47918280346225006,2,2,2,20.0,30.0,0.47918280346225006,False,6.540897021943682,2
MWY,input_model_8,4,4,2,3.553006220076568,0.12698909403216968,2,2,2,20.0,40.0,0.12698909403216968,False,6.6764584560312485,2
MWY,input_model_9,4,4,2,3.477060097667461,0.22646276944102545,2,2,2,20.0,30.0,0.22646276944102545,False,6.83308185996661,2
MWY,input_model_10,4,4,2,3.5899229002038475,0.2830385918064402,2,2,2,30.0,50.0,0.2830385918064402,False,6.505414558623152,2
MWY,input_model_11,4,4,2,3.586023334199537,0.6268192747806288,2,2,2,20.0,40.0,0.6268192747806288,False,7.385368242163558,2
MWY,input_model_12,4,4,2,3.5709932984606714,0.21733371120215625,2,2,2,20.0,30.0,0.21733371120215625,False,7.015516993845748,2
MWY,input_model_13,4,4,2,3.431013305856741,0.4251488556465209,2,2,2,20.0,30.0,0.4251488556465209,False,7.344922238170655,2
MWY,input_model_14,4,4,2,3.44285289252863,0.5309127581137236,2,2,2,40.0,60.0,0.5309127581137236,False,7.506908584525213,2
MWY,input_model_15,4,4,2,3.5094311209877356,0.2784124362772887,2,2,2,30.0,50.0,0.2784124362772887,False,7.418517631200493,2
MWY,input_model_16,3,3,2,3.4641114445740864,0.34884082254144394,1,1,2,30.0,30.0,0.34884082254144394,False,,2
MWY,input_model_17,3,3,2,3.660154075508153,1.3398671449336041,3,2,0,60.0,110.0,1.5204553568579322,False,4.699418339406689,2
MWY,input_model_18,3,3,2,3.484048465833491,0.30100360621506705,1,1,2,20.0,20.0,0.30100360621506705,False,,2
MWY,input_model_19,4,4,2,3.559906885170344,0.3760991759994851,2,2,2,30.0,40.0,0.3760991759994851,False,6.7827066281132,2
NJ0,input_model_0,0,0,0,2.755704869400326,2.4652128884525912,0,0,0,0.0,0.0,2.4652128884525912,True,,0
NJ0,input_model_1,0,0,0,2.9248842100055152,2.289485338174763,0,0,0,0.0,0.0,2.289485338174763,True,,0
NJ0,input_model_2,0,0,0,2.9122625864275373,2.6861621053235347,0,0,0,0.0,0.0,2.6861621053235347,True,,0
NJ0,input_model_3,0,0,0,2.9176531178723213,2.5548797367702423,0,0,0,0.0,0.0,2.5548797367702423,True,,0
NJ0,input_model_4,0,0,0,2.954321557980307,2.3224825286722357,0,0,0,0.0,0.0,2.3224825286722357,True,,0
NJ0,input_model_5,0,0,0,2.9099551484792143,2.3289775572704,0,0,0,0.0,0.0,2.3289775572704,True,,0
NJ0,input_model_6,1,1,0,2.9636455129070565,2.1392024834636354,1,1,0,10.0,10.0,2.3832937015080287,True,,0
NJ0,input_model_7,0,0,0,2.9523910829471434,2.603482443840681,0,0,0,0.0,0.0,2.603482443840681,True,,0
NJ0,input_model_8,0,0,0,2.9470360156989,2.645726459885497,0,0,0,0.0,0.0,2.645726459885497,True,,0
NJ0,input_model_9,0,0,0,3.0413529182311194,2.2524239642560633,0,0,0,0.0,0.0,2.2524239642560633,True,,0
NJ0,input_model_10,0,0,0,2.979891475284497,2.4383698648068637,0,0,0,0.0,0.0,2.4383698648068637,True,,0
NJ0,input_model_11,0,0,0,2.9516254254825696,2.5701439205406267,0,0,0,0.0,0.0,2.5701439205406267,True,,0
NJ0,input_model_12,0,0,0,2.9669582478428387,2.493542624194305,0,0,0,0.0,0.0,2.493542624194305,True,,0
NJ0,input_model_13,0,0,0,3.081833252689869,2.7902438408408217,0,0,0,0.0,0.0,2.7902438408408217,True,,0
NJ0,input_model_14,0,0,0,2.973601975199521,2.5303660449549565,0,0,0,0.0,0.0,2.5303660449549565,True,,0
NJ0,input_model_15,0,0,0,2.9729153535771586,2.588884067953336,0,0,0,0.0,0.0,2.588884067953336,True,,0
NJ0,input_model_16,0,0,0,2.9681866718314684,2.2019786102924632,0,0,0,0.0,0.0,2.2019786102924632,True,,0
NJ0,input_model_17,0,0,0,3.0121900981540306,2.739743814538228,0,0,0,0.0,0.0,2.739743814538228,True,,0
NJ0,input_model_18,1,1,0,3.0052717824487463,2.047234533566934,1,1,0,10.0,10.0,2.448128374857822,True,,0
NJ0,input_model_19,0,0,0,3.014638212821855,2.6787751180648156,0,0,0,0.0,0.0,2.6787751180648156,True,,0
NJO,input_model_0,2,2,0,2.6566307994617695,0.6376086218097322,2,2,0,50.0,80.0,2.393435431885416,True,4.621984583617332,0
NJO,input_model_1,1,1,0,2.609064087764349,0.6980391935711749,1,1,0,50.0,50.0,2.250376743063804,True,,0
NJO,input_model_2,2,2,0,2.6256140944817807,0.5831444001048296,2,2,0,50.0,60.0,2.214441822736459,True,4.8309411497550325,0
NJO,input_model_3,1,1,0,2.577803463571688,0.5947666306924361,1,1,0,50.0,50.0,2.2842263011664747,True,,0
NJO,input_model_4,1,1,0,2.6038795216485457,0.7532391972416472,1,1,0,50.0,50.0,2.4342838844147683,True,,0
NJO,input_model_5,1,1,0,2.6157375407185826,0.6227796992725244,1,1,0,60.0,60.0,2.228964318023402,True,,0
NJO,input_model_6,1,1,0,2.5953450744155857,0.7217485534137119,1,1,0,50.0,50.0,2.332421786377395,True,,0
NJO,input_model_7,1,1,0,2.6647174845485573,0.8695636250761463,1,1,0,50.0,50.0,2.4145140288252063,True,,0
NJO,input_model_8,1,1,0,2.5527964675453587,0.9286546510038508,1,1,0,50.0,50.0,2.3007391771580443,True,,0
NJO,input_model_9,1,1,0,2.565848554472531,0.909817528796087,1,1,0,50.0,50.0,2.440297668312066,True,,0
NJO,input_model_10,1,1,0,2.574963690717852,0.9254718504608841,1,1,0,50.0,50.0,2.499104741307168,True,,0
NJO,input_model_11,1,1,0,2.6084536719574793,0.8339951655877011,1,1,0,50.0,50.0,2.467227454956161,True,,0
NJO,input_model_12,1,1,0,2.5685570925225756,0.6183740596746653,1,1,0,50.0,50.0,2.2489793985481508,True,,0
NJO,input_model_13,1,1,0,2.6255376758929407,0.5401130834958725,1,1,0,50.0,50.0,2.268010442280822,True,,0
NJO,input_model_14,2,2,0,2.6103069810886144,1.0046842047737965,2,2,0,40.0,60.0,2.2419722353538285,True,4.545802275623983,0
NJO,input_model_15,1,1,0,2.7177566874073533,0.6368659570876392,1,1,0,50.0,50.0,2.2889318939083583,True,,0
NJO,input_model_16,1,1,0,2.615445436678835,1.0125727927803898,1,1,0,50.0,50.0,2.5325133132398894,True,,0
NJO,input_model_17,1,1,0,2.617662477370558,0.6425196656059481,1,1,0,50.0,50.0,2.2470185380192813,True,,0
NJO,input_model_18,1,1,0,2.5882631057396925,0.7998064908050635,1,1,0,50.0,50.0,2.466623150168235,True,,0
NJO,input_model_19,1,1,0,2.736063283515694,0.687690013982884,1,1,0,60.0,60.0,2.22721679575604,True,,0
PKT,input_model_0,4,4,0,2.2490221910506967,1.1854268158740382,4,4,0,40.0,100.0,2.245929188063221,True,3.804380089310082,0
PKT,input_model_1,4,4,0,2.265980995923639,0.3591817803141832,4,4,0,70.0,150.0,2.217060508552354,True,0.9278779150599292,0
PKT,input_model_2,4,4,0,2.164774837715802,1.1316673989290007,4,4,0,40.0,110.0,2.164774837715802,False,3.7894084615388857,0
PKT,input_model_3,4,4,0,2.2396227437301524,0.8518744965844693,4,4,0,90.0,170.0,2.2136257083240944,True,4.020816481104409,0
PKT,input_model_4,4,4,0,2.1982964950180364,0.4230839806146099,3,3,1,50.0,90.0,0.4230839806146099,False,3.651207932429608,0
PKT,input_model_5,4,4,0,2.28368818962984,0.7608397814000054,4,4,0,60.0,130.0,2.2046464798616667,True,3.97504183727282,0
PKT,input_model_6,4,4,0,2.337690012152202,1.1812369764287178,4,4,0,70.0,120.0,2.2093586914706016,True,3.7803034929686965,0
PKT,input_model_7,4,4,0,2.3652841516451826,1.606255110359519,4,4,0,80.0,160.0,2.2068862213098286,True,3.8394776233900614,0
PKT,input_model_8,4,4,0,2.312945014395897,1.2369155813651487,4,4,0,40.0,100.0,2.202731841754242,True,3.777448635528266,0
PKT,input_model_9,4,4,0,2.370547667486223,1.2137733220639373,4,4,0,60.0,130.0,2.2234219008776033,True,3.8130099928792283,0
PKT,input_model_10,4,4,0,2.2937161639181234,1.1745044734245507,4,4,0,40.0,100.0,2.24139200253564,True,3.8404832580598653,0
PKT,input_model_11,4,4,0,2.3182045261528965,1.503753139112535,4,4,0,60.0,90.0,2.201261005322015,True,3.9989715585226446,0
PKT,input_model_12,4,4,0,2.2950425621502135,1.3519659944574918,4,4,0,40.0,80.0,2.21733472492406,True,3.7044144012067197,0
PKT,input_model_13,4,4,0,2.328355617710309,0.8941932145638389,4,4,0,50.0,120.0,2.2085556605218604,True,3.883901058969347,0
PKT,input_model_14,3,3,0,2.2916089422589194,0.6661257946278224,3,3,0,70.0,120.0,2.222250770077739,True,2.5174727736291413,0
PKT,input_model_15,4,4,0,2.318667303993509,0.19173000166679724,4,4,0,80.0,170.0,2.2355662279363213,True,0.6473427797506524,0
PKT,input_model_16,4,4,0,2.3413365524496577,1.158747082356197,4,4,0,50.0,130.0,2.2039589903409342,True,3.9009282261561347,0
PKT,input_model_17,4,4,0,2.3521363486921474,1.5535809523020643,4,4,0,40.0,90.0,2.232905007795433,True,3.772644993699004,0
PKT,input_model_18,4,4,0,2.306343591225336,1.2092984545701138,4,4,0,50.0,100.0,2.229694964741832,True,3.8846475461428196,0
PKT,input_model_19,4,4,0,2.4024262576540925,0.6306649472399336,4,4,0,70.0,140.0,2.2045674690769737,True,3.916436754234427,0
QDJ,input_model_0,3,3,0,2.956653150276873,0.521030875699766,2,2,1,90.0,170.0,1.2084442749151296,False,12.379334109581148,0
QDJ,input_model_1,3,3,0,2.9013731456016885,0.4809585116645096,3,3,0,90.0,180.0,2.347567674043277,True,5.7095101734869775,0
QDJ,input_model_2,3,3,0,2.9357496427016,0.6603438013811325,2,2,1,80.0,140.0,1.2809799418347496,False,13.618536553549335,0
QDJ,input_model_3,3,3,0,2.9518575889580987,0.7283107354210592,3,3,0,80.0,170.0,2.2050276756476856,True,5.726578659569602,0
QDJ,input_model_4,3,3,0,2.9300320639518573,0.6629773913838698,3,3,0,80.0,170.0,2.240733739197172,True,5.426623528705383,0
QDJ,input_model_5,3,3,0,2.9080837431623783,0.4206815412095037,2,2,1,90.0,150.0,1.2476122210924705,False,13.612759299330136,0
QDJ,input_model_6,3,3,0,2.9455241384559026,0.6453296297427218,3,3,0,90.0,180.0,2.2309035608429455,True,5.593980931921407,0
QDJ,input_model_7,2,2,0,3.004490174487568,0.5615204308361198,2,2,0,90.0,180.0,2.2064401234538003,True,12.135138477735646,0
QDJ,input_model_8,3,3,0,3.006472060101788,0.4848368818799021,3,3,0,80.0,170.0,2.2435654007241297,True,5.919761462862337,0
QDJ,input_model_9,3,3,0,2.8988448420541126,0.5301976365979599,3,3,0,90.0,180.0,2.2391927700735392,True,5.93274208833253,0
QDJ,input_model_10,3,3,0,2.914797651506777,0.39814702738392227,3,3,0,90.0,170.0,2.2167994119649457,True,5.870787640904754,0
QDJ,input_model_11,3,3,0,2.970743837102321,0.5952043526130574,2,2,1,90.0,150.0,1.1923783573937607,False,13.6354967695377,0
QDJ,input_model_12,3,3,0,2.9500703340554564,0.7143121114696627,3,3,0,80.0,180.0,2.2189686418480234,True,5.861109631584427,0
QDJ,input_model_13,3,3,0,2.8990739198119417,0.43615802718263674,2,2,1,90.0,150.0,1.305144786963184,False,13.888841917795398,0
QDJ,input_model_14,3,3,0,3.009406288670402,0.4821248115091567,3,3,0,90.0,190.0,2.209925408291906,True,5.78239980571205,0
QDJ,input_model_15,3,3,0,2.9248936023528675,0.7483135988934694,3,3,0,90.0,220.0,2.203436521554641,True,3.401484136690607,0
QDJ,input_model_16,4,4,0,2.7815363821981225,0.4373240822253462,3,3,1,90.0,220.0,0.835031141810795,False,4.1636230944059065,0
QDJ,input_model_17,3,3,0,3.0282226119975655,0.38981102914997007,3,3,0,90.0,180.0,2.217564826796413,True,5.866580754778125,0
QDJ,input_model_18,3,3,0,2.9277751884465117,0.38449772242109176,2,2,1,90.0,150.0,1.411349382412879,False,13.804027909866116,0
QDJ,input_model_19,3,3,0,2.955222526393197,0.30743805775691085,2,2,1,90.0,130.0,0.8298371012176446,False,13.47359959311151,0
QDP,input_model_0,0,0,0,2.6167924357811496,2.2442584787910227,0,0,0,0.0,0.0,2.2442584787910227,True,,0
QDP,input_model_1,0,0,0,2.6197443543690566,2.300908763285937,0,0,0,0.0,0.0,2.300908763285937,True,,0
QDP,input_model_2,1,1,1,2.5878981115302246,1.992505437086363,1,1,0,20.0,20.0,1.992505437086363,False,,1
QDP,input_model_3,0,0,0,2.5167514921361724,2.2001284179568605,0,0,0,0.0,0.0,2.2001284179568605,True,,0
QDP,input_model_4,1,1,1,2.5535332134460793,2.1365118470388893,1,0,0,0.0,0.0,2.1365118470388893,False,,1
QDP,input_model_5,1,1,1,2.5600342665299602,2.085045799538357,1,0,0,0.0,0.0,2.085045799538357,False,,1
QDP,input_model_6,0,0,0,2.5134640409967663,2.2511546634616715,0,0,0,0.0,0.0,2.2511546634616715,True,,0
QDP,input_model_7,2,2,1,2.5744043430734598,2.1668232714784725,2,2,0,10.0,20.0,2.1977269058307747,False,11.937351347493276,1
QDP,input_model_8,0,0,0,2.510955049859939,2.2156351501374387,0,0,0,0.0,0.0,2.2156351501374387,True,,0
QDP,input_model_9,1,1,1,2.5744130132151213,2.1221878871142708,1,1,0,10.0,10.0,2.1221878871142708,False,,1
QDP,input_model_10,0,0,0,2.6306475361089086,2.211372271248815,0,0,0,0.0,0.0,2.211372271248815,True,,0
QDP,input_model_11,0,0,0,2.568508029512662,2.2734368738781616,0,0,0,0.0,0.0,2.2734368738781616,True,,0
QDP,input_model_12,1,1,1,2.546469640717116,2.111211809356863,1,1,0,10.0,10.0,2.111211809356863,False,,1
QDP,input_model_13,0,0,0,2.5971516431649113,2.2048521797682517,0,0,0,0.0,0.0,2.2048521797682517,True,,0
QDP,input_model_14,1,1,1,2.541564559458322,2.0267269582654954,1,0,0,0.0,0.0,2.0267269582654954,False,,1
QDP,input_model_15,0,0,0,2.528098289900109,2.2485203504521745,0,0,0,0.0,0.0,2.2485203504521745,True,,0
QDP,input_model_16,1,1,0,2.624184755562102,2.0943341691360113,1,1,0,10.0,10.0,2.2871849716846326,True,,0
QDP,input_model_17,1,1,0,2.5768033633724503,2.194970865691507,1,1,0,10.0,10.0,2.3056908060817305,True,,0
QDP,input_model_18,0,0,0,2.6065312134004346,2.2571517895112048,0,0,0,0.0,0.0,2.2571517895112048,True,,0
QDP,input_model_19,0,0,0,2.5852151743304983,2.2055048289378925,0,0,0,0.0,0.0,2.2055048289378925,True,,0
QDY,input_model_0,2,2,0,3.1833583316075607,1.5219680380273104,2,2,0,30.0,40.0,2.340386862782135,True,10.957073296478216,0
QDY,input_model_1,1,1,0,3.1698184321656613,1.534984001562338,1,1,0,30.0,30.0,2.2292694524250436,True,,0
QDY,input_model_2,1,1,0,3.2026569134868987,1.8264684861537475,1,1,0,20.0,20.0,2.3514125814672573,True,,0
QDY,input_model_3,1,1,0,3.199382565742555,1.5188196585983829,1,1,0,20.0,20.0,2.2692728899833425,True,,0
QDY,input_model_4,1,1,0,3.163888717633519,1.705538771624674,1,1,0,20.0,20.0,2.4069295911634505,True,,0
QDY,input_model_5,1,1,0,3.1632612298150855,1.7874079249132429,1,1,0,20.0,20.0,2.262482062910372,True,,0
QDY,input_model_6,1,1,0,3.1514066849154587,1.8258945429911617,1,1,0,20.0,20.0,2.220618027489347,True,,0
QDY,input_model_7,2,2,0,3.0665745501402193,1.2441258149319931,2,2,0,30.0,40.0,2.2069308729696826,True,10.595155720442634,0
QDY,input_model_8,1,1,0,3.1872118671946104,1.4804461859026428,1,1,0,30.0,30.0,2.3283162815065253,True,,0
QDY,input_model_9,2,2,0,3.0892730246121443,1.373889950779907,2,2,0,30.0,40.0,2.3078753813280355,True,10.824891680859983,0
QDY,input_model_10,1,1,0,3.221949435738068,1.832845550225311,1,1,0,20.0,20.0,2.2024619179672578,True,,0
QDY,input_model_11,2,2,0,3.161129491639773,1.649619289648354,2,2,0,30.0,40.0,2.2580827688327902,True,7.931839780354472,0
QDY,input_model_12,1,1,0,3.1884545858725586,1.6771658815017407,1,1,0,30.0,30.0,2.3090917281040535,True,,0
QDY,input_model_13,1,1,0,3.2086574741805913,1.6697189593444477,1,1,0,20.0,20.0,2.2061966589259305,True,,0
QDY,input_model_14,1,1,0,3.1600202628915253,1.9452264181704537,1,1,0,10.0,10.0,2.2851021355057024,True,,0
QDY,input_model_15,2,2,0,3.117502578627076,1.43426839790908,2,2,0,40.0,70.0,2.2309703724295504,True,8.415405826220464,0
QDY,input_model_16,1,1,0,3.2330144230186604,1.6356837394840662,1,1,0,20.0,20.0,2.2026095872243268,True,,0
QDY,input_model_17,1,1,0,3.1625932638539966,1.7230183277462485,1,1,0,20.0,20.0,2.205903410087626,True,,0
QDY,input_model_18,1,1,0,3.2151052198112544,1.5080648189070605,1,1,0,30.0,30.0,2.222909692098836,True,,0
QDY,input_model_19,1,1,0,3.1387675595465443,1.495992769127473,1,1,0,20.0,20.0,2.2022059828178584,True,,0
QEA,input_model_0,2,2,0,2.9175810230802774,2.0101542258333205,2,2,0,10.0,20.0,2.2815060468372814,True,11.691621474793408,0
QEA,input_model_1,2,2,0,2.929452661168624,0.5700886161489748,2,2,0,80.0,90.0,2.200148529475037,True,11.561219529060839,0
QEA,input_model_2,4,4,1,2.749883948731522,0.159231711884037,3,2,1,60.0,70.0,1.2158217996431184,False,4.147724151153116,1
QEA,input_model_3,3,3,0,2.8315990940739852,0.5366710838691864,3,3,0,90.0,160.0,2.2893528832091707,True,3.741800562349119,0
QEA,input_model_4,4,4,1,2.7909517274705213,0.6146737827198396,4,3,0,140.0,230.0,2.1918104872196986,False,1.5632503847976236,1
QEA,input_model_5,3,3,0,2.8334266443788794,0.5768349092261206,3,3,0,80.0,150.0,2.2011701137727,True,3.511509780792618,0
QEA,input_model_6,2,2,2,2.847752165258278,1.2709156358962739,1,0,1,0.0,0.0,1.2709156358962739,False,,2
QEA,input_model_7,4,4,1,2.756858896101165,0.6680253632699744,3,2,1,60.0,80.0,1.8532172185005404,False,3.710693324240839,1
QEA,input_model_8,1,1,0,2.840607921163088,0.5703744660497038,1,1,0,110.0,110.0,2.2051156746972325,True,,0
QEA,input_model_9,3,3,0,2.767791028410755,1.0166899503711344,3,3,0,70.0,90.0,2.2066772065827145,True,1.052861405819649,0
QEA,input_model_10,2,2,0,2.729105573060278,1.5733634170752813,2,2,0,80.0,90.0,2.241924921905972,True,10.532194788648228,0
QEA,input_model_11,2,2,1,2.857491204431139,1.3104243859112403,1,0,1,0.0,0.0,1.3104243859112403,False,,1
QEA,input_model_12,2,2,0,2.807463772345748,0.914364702839139,1,1,1,10.0,10.0,0.914364702839139,False,,0
QEA,input_model_13,3,3,0,2.7405492781404073,0.5867634499989769,3,3,0,60.0,140.0,2.221444346392421,True,3.6699539689110776,0
QEA,input_model_14,1,1,0,2.8098650627698176,1.0234312717097682,0,0,1,0.0,0.0,1.0234312717097682,False,,0
QEA,input_model_15,4,4,1,2.831088334561326,0.47687232231734733,3,2,1,80.0,90.0,0.74254242949588,False,5.331944628544047,1
QEA,input_model_16,4,4,1,2.808628041577364,2.0451236707646467,3,2,1,10.0,20.0,2.0451236707646467,False,5.437993347220125,1
QEA,input_model_17,3,3,1,2.8609685450932503,1.837739524474447,3,2,0,50.0,60.0,2.160270670619332,False,11.226334308332834,1
QEA,input_model_18,2,2,0,2.7994177536315967,1.5078609355829447,2,2,0,40.0,50.0,2.2054869062340234,True,5.419430506526349,0
QEA,input_model_19,2,2,0,3.0485762895935986,2.0594243207897636,1,1,1,10.0,10.0,2.0594243207897636,False,,0
QEP,input_model_0,2,2,0,2.7938080511856063,0.7079640930097995,1,1,1,10.0,10.0,0.7079640930097995,False,,0
QEP,input_model_1,1,1,0,2.78491550868844,0.451275961976092,0,0,1,0.0,0.0,0.451275961976092,False,,0
QEP,input_model_2,1,1,0,2.8939107194011675,0.7713977310943698,0,0,1,0.0,0.0,0.7713977310943698,False,,0
QEP,input_model_3,1,1,0,2.7416456395395845,0.8035492504566943,0,0,1,0.0,0.0,0.8035492504566943,False,,0
QEP,input_model_4,1,1,0,2.916967629843407,0.7081095509782606,0,0,1,0.0,0.0,0.7081095509782606,False,,0
QEP,input_model_5,1,1,0,2.8064116330535502,0.6987320432093636,0,0,1,0.0,0.0,0.6987320432093636,False,,0
QEP,input_model_6,1,1,0,2.6852104593713313,0.6633193602929118,0,0,1,0.0,0.0,0.6633193602929118,False,,0
QEP,input_model_7,1,1,0,2.7963868754671672,0.6622888443249675,0,0,1,0.0,0.0,0.6622888443249675,False,,0
QEP,input_model_8,1,1,0,2.745303649446713,1.1355037465611009,0,0,1,0.0,0.0,1.1355037465611009,False,,0
QEP,input_model_9,1,1,0,2.721896426425792,0.7318452594715933,0,0,1,0.0,0.0,0.7318452594715933,False,,0
QEP,input_model_10,1,1,0,2.734662191147653,0.6677000596804811,0,0,1,0.0,0.0,0.6677000596804811,False,,0
QEP,input_model_11,1,1,0,2.7987625615992346,0.7312406516748865,0,0,1,0.0,0.0,0.7312406516748865,False,,0
QEP,input_model_12,1,1,0,2.7736384967498955,0.4238734028823599,0,0,1,0.0,0.0,0.4238734028823599,False,,0
QEP,input_model_13,1,1,0,2.7332248217321835,0.5473847895326829,0,0,1,0.0,0.0,0.5473847895326829,False,,0
QEP,input_model_14,1,1,0,2.843052423851674,0.7350685790031022,0,0,1,0.0,0.0,0.7350685790031022,False,,0
QEP,input_model_15,1,1,0,2.7775180825702668,0.5985475323138564,0,0,1,0.0,0.0,0.5985475323138564,False,,0
QEP,input_model_16,2,2,0,2.6618940232390473,0.7606565362442153,0,0,2,0.0,0.0,0.7606565362442153,False,,0
QEP,input_model_17,1,1,0,2.722073578600045,0.6197945058348928,0,0,1,0.0,0.0,0.6197945058348928,False,,0
QEP,input_model_18,2,2,0,2.8396036092173214,0.17411564675824848,1,1,1,90.0,90.0,0.8485196600526775,False,,0
QEP,input_model_19,1,1,0,2.746049490848629,0.7352578470208071,0,0,1,0.0,0.0,0.7352578470208071,False,,0
QES,input_model_0,0,0,0,2.865040295376843,2.6037399947705118,0,0,0,0.0,0.0,2.6037399947705118,True,,0
QES,input_model_1,0,0,0,2.8037481305620844,2.552709681938721,0,0,0,0.0,0.0,2.552709681938721,True,,0
QES,input_model_2,0,0,0,2.8055122059903663,2.5742319253733403,0,0,0,0.0,0.0,2.5742319253733403,True,,0
QES,input_model_3,0,0,0,2.865300327570757,2.571289689673894,0,0,0,0.0,0.0,2.571289689673894,True,,0
QES,input_model_4,0,0,0,2.8339575957436685,2.6007318338543057,0,0,0,0.0,0.0,2.6007318338543057,True,,0
QES,input_model_5,1,1,0,2.7213765722268244,1.605741367268542,1,1,0,40.0,40.0,2.2434801828586672,True,,0
QES,input_model_6,1,1,0,2.8327391536370614,0.7086703856437908,1,1,0,50.0,50.0,2.3605346959917686,True,,0
QES,input_model_7,0,0,0,2.862183568074275,2.584095437129572,0,0,0,0.0,0.0,2.584095437129572,True,,0
QES,input_model_8,0,0,0,2.842455609974581,2.517625557537562,0,0,0,0.0,0.0,2.517625557537562,True,,0
QES,input_model_9,0,0,0,2.857191160206422,2.56169931946432,0,0,0,0.0,0.0,2.56169931946432,True,,0
QES,input_model_10,0,0,0,2.8121730664164954,2.602477486904252,0,0,0,0.0,0.0,2.602477486904252,True,,0
QES,input_model_11,1,1,0,2.8994578031460296,1.0855535114076704,1,1,0,80.0,80.0,2.267380529621711,True,,0
QES,input_model_12,0,0,0,2.7739661137694434,2.449385592995201,0,0,0,0.0,0.0,2.449385592995201,True,,0
QES,input_model_13,0,0,0,2.907107875146316,2.561594823846781,0,0,0,0.0,0.0,2.561594823846781,True,,0
QES,input_model_14,0,0,0,2.8335928646058064,2.5575257228848365,0,0,0,0.0,0.0,2.5575257228848365,True,,0
QES,input_model_15,0,0,0,2.825457374979596,2.5584675045999967,0,0,0,0.0,0.0,2.5584675045999967,True,,0
QES,input_model_16,0,0,0,2.8796999289067053,2.3247832935049106,0,0,0,0.0,0.0,2.3247832935049106,True,,0
QES,input_model_17,0,0,0,2.80677541114572,2.6488126229091398,0,0,0,0.0,0.0,2.6488126229091398,True,,0
QES,input_model_18,1,1,0,2.800113874740349,2.1210250047989296,1,1,0,10.0,10.0,2.380071613530183,True,,0
QES,input_model_19,0,0,0,3.0418553402731283,2.683267922548652,0,0,0,0.0,0.0,2.683267922548652,True,,0
T0K,input_model_0,0,0,0,2.732606151142056,2.732606151142056,0,0,0,0.0,0.0,2.732606151142056,True,,0
T0K,input_model_1,0,0,0,2.694086838823945,2.694086838823945,0,0,0,0.0,0.0,2.694086838823945,True,,0
T0K,input_model_2,0,0,0,2.712232755848718,2.712232755848718,0,0,0,0.0,0.0,2.712232755848718,True,,0
T0K,input_model_3,0,0,0,2.7228320301439917,2.7228320301439917,0,0,0,0.0,0.0,2.7228320301439917,True,,0
T0K,input_model_4,0,0,0,2.6955602272767125,2.6955602272767125,0,0,0,0.0,0.0,2.6955602272767125,True,,0
T0K,input_model_5,0,0,0,2.6725547397503706,2.6725547397503706,0,0,0,0.0,0.0,2.6725547397503706,True,,0
T0K,input_model_6,0,0,0,2.661188435250672,2.661188435250672,0,0,0,0.0,0.0,2.661188435250672,True,,0
T0K,input_model_7,0,0,0,2.603900768460978,2.603900768460978,0,0,0,0.0,0.0,2.603900768460978,True,,0
T0K,input_model_8,0,0,0,2.6742469696538445,2.6742469696538445,0,0,0,0.0,0.0,2.6742469696538445,True,,0
T0K,input_model_9,0,0,0,2.684344048830283,2.4008858891336122,0,0,0,0.0,0.0,2.4008858891336122,True,,0
T0K,input_model_10,0,0,0,2.711781610287049,2.711781610287049,0,0,0,0.0,0.0,2.711781610287049,True,,0
T0K,input_model_11,0,0,0,2.628521055886974,2.628521055886974,0,0,0,0.0,0.0,2.628521055886974,True,,0
T0K,input_model_12,0,0,0,2.6350251664690036,2.6350251664690036,0,0,0,0.0,0.0,2.6350251664690036,True,,0
T0K,input_model_13,0,0,0,2.801591870814285,2.801591870814285,0,0,0,0.0,0.0,2.801591870814285,True,,0
T0K,input_model_14,0,0,0,2.76357776974124,2.76357776974124,0,0,0,0.0,0.0,2.76357776974124,True,,0
T0K,input_model_15,0,0,0,2.6786558229336728,2.6786558229336728,0,0,0,0.0,0.0,2.6786558229336728,True,,0
T0K,input_model_16,0,0,0,2.682733571598051,2.682733571598051,0,0,0,0.0,0.0,2.682733571598051,True,,0
T0K,input_model_17,0,0,0,2.6954714046413586,2.6954714046413586,0,0,0,0.0,0.0,2.6954714046413586,True,,0
T0K,input_model_18,0,0,0,2.65551120720119,2.65551120720119,0,0,0,0.0,0.0,2.65551120720119,True,,0
T0K,input_model_19,0,0,0,2.6370982353235073,2.6370982353235073,0,0,0,0.0,0.0,2.6370982353235073,True,,0
TCI,input_model_0,0,0,0,3.843507276907597,3.2379565124731755,0,0,0,0.0,0.0,3.2379565124731755,True,,0
TCI,input_model_1,0,0,0,3.820468083165369,3.2332062976452858,0,0,0,0.0,0.0,3.2332062976452858,True,,0
TCI,input_model_2,0,0,0,3.7804576696117587,3.158370913605213,0,0,0,0.0,0.0,3.158370913605213,True,,0
TCI,input_model_3,0,0,0,3.805755206878113,2.8656389606695183,0,0,0,0.0,0.0,2.8656389606695183,True,,0
TCI,input_model_4,0,0,0,3.8184380185167197,3.278391176394551,0,0,0,0.0,0.0,3.278391176394551,True,,0
TCI,input_model_5,0,0,0,3.8335872185338724,3.233689483771092,0,0,0,0.0,0.0,3.233689483771092,True,,0
TCI,input_model_6,0,0,0,3.8242908993285085,2.316450867177525,0,0,0,0.0,0.0,2.316450867177525,True,,0
TCI,input_model_7,0,0,0,3.879801562438201,3.0584658162247806,0,0,0,0.0,0.0,3.0584658162247806,True,,0
TCI,input_model_8,0,0,0,3.819814453531634,3.207966278556735,0,0,0,0.0,0.0,3.207966278556735,True,,0
TCI,input_model_9,0,0,0,3.897966733142953,3.2843349770352925,0,0,0,0.0,0.0,3.2843349770352925,True,,0
TCI,input_model_10,0,0,0,3.8389747869149096,2.986537976267466,0,0,0,0.0,0.0,2.986537976267466,True,,0
TCI,input_model_11,0,0,0,3.8125422743639343,3.30045956906379,0,0,0,0.0,0.0,3.30045956906379,True,,0
TCI,input_model_12,0,0,0,3.8066033605362453,2.665848750016007,0,0,0,0.0,0.0,2.665848750016007,True,,0
TCI,input_model_13,0,0,0,3.770024410842214,3.3027468701546847,0,0,0,0.0,0.0,3.3027468701546847,True,,0
TCI,input_model_14,0,0,0,3.821757430904728,2.9237836206540537,0,0,0,0.0,0.0,2.9237836206540537,True,,0
TCI,input_model_15,0,0,0,3.7800280365725447,3.133651203113337,0,0,0,0.0,0.0,3.133651203113337,True,,0
TCI,input_model_16,0,0,0,3.755972887619202,3.2478257692812766,0,0,0,0.0,0.0,3.2478257692812766,True,,0
TCI,input_model_17,0,0,0,3.7894047594659797,2.433391658015339,0,0,0,0.0,0.0,2.433391658015339,True,,0
TCI,input_model_18,0,0,0,3.7152285905546365,3.0949108350223526,0,0,0,0.0,0.0,3.0949108350223526,True,,0
TCI,input_model_19,0,0,0,3.8082691439549294,3.203595184551681,0,0,0,0.0,0.0,3.203595184551681,True,,0
X6V,input_model_0,4,3,0,2.445296458080711,0.15480137207677125,3,3,0,100.0,200.0,1.918737666913869,False,7.548774069169134,0
X6V,input_model_1,3,3,0,2.5407273026854456,0.49092781931262097,3,3,0,80.0,170.0,2.2059709754661925,True,6.099941876341426,0
X6V,input_model_2,4,3,0,2.4939029257996292,0.43081517256205976,3,3,0,100.0,190.0,2.0506347544312202,False,7.260169425885288,0
X6V,input_model_3,4,3,0,2.4255326233757017,0.4939581323820122,3,3,0,100.0,190.0,2.1904221418822933,False,7.476851431918554,0
X6V,input_model_4,4,3,0,2.411423988467221,0.7012461456496547,3,3,0,90.0,180.0,2.199439010414842,False,7.625762205221432,0
X6V,input_model_5,4,3,0,2.519902237128249,0.5922941810165733,3,3,0,100.0,170.0,2.034133205996867,False,7.471367507544671,0
X6V,input_model_6,4,3,0,2.497053789672115,0.5445771525923883,3,3,0,100.0,180.0,1.9063915749714235,False,7.490151083416624,0
X6V,input_model_7,4,3,0,2.462230702820925,0.3802243762676868,3,3,0,80.0,170.0,2.096254331257053,False,6.0655527515294345,0
X6V,input_model_8,4,3,0,2.4722841159643076,0.4638909786938439,3,3,0,80.0,170.0,2.1791531666925072,False,6.029582215374722,0
X6V,input_model_9,4,3,0,2.459256364532922,0.4374262672525766,3,3,0,90.0,190.0,1.9152630347161888,False,7.389101897986837,0
X6V,input_model_10,3,2,0,2.5062295976475153,0.4293452626908367,2,2,0,90.0,160.0,2.04507575053168,False,12.205889285680206,0
X6V,input_model_11,4,3,0,2.427259477136378,0.6475345497588717,3,3,0,90.0,180.0,1.9395958605617543,False,7.757885101402062,0
X6V,input_model_12,4,3,0,2.517807180566438,0.40883642891235195,3,3,0,90.0,180.0,2.0550718733377376,False,7.525793226982095,0
X6V,input_model_13,4,3,0,2.4719398554313905,0.4375255192712187,3,3,0,80.0,170.0,2.089661958189007,False,5.973026204708994,0
X6V,input_model_14,2,2,0,2.595491680587897,0.5639972283486578,2,2,0,60.0,80.0,2.2431279502004555,True,11.572581737932511,0
X6V,input_model_15,4,3,0,2.460990419155444,0.6756379803492295,3,3,0,120.0,230.0,2.081271978319704,False,7.571843648921606,0
X6V,input_model_16,4,3,0,2.6312755489191275,0.6014998263505608,3,3,0,90.0,190.0,2.1130638258896064,False,5.694143889145217,0
X6V,input_model_17,4,3,0,2.500870993828995,0.36657575530620035,3,3,0,100.0,180.0,2.0782282504053087,False,7.445263811919602,0
X6V,input_model_18,4,3,0,2.470206997227792,0.26037110316222434,3,3,0,100.0,160.0,1.9141676787615325,False,7.435439304882221,0
X6V,input_model_19,4,3,0,2.6003236610613576,0.6276744385305854,3,3,0,90.0,170.0,1.956507169003811,False,5.873847524565748,0
X7P,input_model_0,1,1,0,2.592363427244452,0.6895056907434424,0,0,1,0.0,0.0,0.6895056907434424,False,,0
X7P,input_model_1,1,1,0,2.531381091111127,0.4055065001122538,0,0,1,0.0,0.0,0.4055065001122538,False,,0
X7P,input_model_2,1,1,0,2.548227164663564,0.6688455368211458,0,0,1,0.0,0.0,0.6688455368211458,False,,0
X7P,input_model_3,1,1,0,2.6196467842820272,0.8009511504108676,0,0,1,0.0,0.0,0.8009511504108676,False,,0
X7P,input_model_4,1,1,0,2.5741573403343456,0.8011996732107085,0,0,1,0.0,0.0,0.8011996732107085,False,,0
X7P,input_model_5,1,1,0,2.544641696756437,0.5631761635750921,0,0,1,0.0,0.0,0.5631761635750921,False,,0
X7P,input_model_6,1,1,0,2.5540652242248556,0.8022505071722973,0,0,1,0.0,0.0,0.8022505071722973,False,,0
X7P,input_model_7,1,1,0,2.6293731117472054,0.7786436888867867,0,0,1,0.0,0.0,0.7786436888867867,False,,0
X7P,input_model_8,1,1,0,2.531369722145657,0.7533160367135966,0,0,1,0.0,0.0,0.7533160367135966,False,,0
X7P,input_model_9,1,1,0,2.53728711910585,0.5858777455468728,0,0,1,0.0,0.0,0.5858777455468728,False,,0
X7P,input_model_10,1,1,0,2.624561685256531,0.7675812946678358,0,0,1,0.0,0.0,0.7675812946678358,False,,0
X7P,input_model_11,1,1,0,2.5850307992308066,0.6137482197902099,0,0,1,0.0,0.0,0.6137482197902099,False,,0
X7P,input_model_12,1,1,0,2.625448824889662,0.5805851462320435,0,0,1,0.0,0.0,0.5805851462320435,False,,0
X7P,input_model_13,1,1,0,2.539925544977068,0.6845624438279236,0,0,1,0.0,0.0,0.6845624438279236,False,,0
X7P,input_model_14,1,1,0,2.589938863735108,0.606206226617787,0,0,1,0.0,0.0,0.606206226617787,False,,0
X7P,input_model_15,1,1,0,2.5770634093605085,0.7211606799688267,0,0,1,0.0,0.0,0.7211606799688267,False,,0
X7P,input_model_16,1,1,0,2.5916513351029393,0.7889546867111881,0,0,1,0.0,0.0,0.7889546867111881,False,,0
X7P,input_model_17,1,1,0,2.567198552727853,0.5597441630499778,0,0,1,0.0,0.0,0.5597441630499778,False,,0
X7P,input_model_18,1,1,0,2.628857776292849,0.7204319460994973,0,0,1,0.0,0.0,0.7204319460994973,False,,0
X7P,input_model_19,1,1,0,2.5624194849847695,0.6151371757149685,0,0,1,0.0,0.0,0.6151371757149685,False,,0
Y83,input_model_0,0,0,0,2.822715121303789,2.373601454838096,0,0,0,0.0,0.0,2.373601454838096,True,,0
Y83,input_model_1,0,0,0,2.7249620430370634,2.419915379313594,0,0,0,0.0,0.0,2.419915379313594,True,,0
Y83,input_model_2,0,0,0,2.757704411264811,2.3731337401111476,0,0,0,0.0,0.0,2.3731337401111476,True,,0
Y83,input_model_3,0,0,0,2.7931663226604395,2.4432514115339665,0,0,0,0.0,0.0,2.4432514115339665,True,,0
Y83,input_model_4,0,0,0,2.8347439361438265,2.375663377622688,0,0,0,0.0,0.0,2.375663377622688,True,,0
Y83,input_model_5,0,0,0,2.765774261875743,2.4158914420930553,0,0,0,0.0,0.0,2.4158914420930553,True,,0
Y83,input_model_6,0,0,0,2.8187120032286064,2.395031366267076,0,0,0,0.0,0.0,2.395031366267076,True,,0
Y83,input_model_7,0,0,0,2.7626463836622275,2.440773276489825,0,0,0,0.0,0.0,2.440773276489825,True,,0
Y83,input_model_8,0,0,0,2.813483469476125,2.334262460317316,0,0,0,0.0,0.0,2.334262460317316,True,,0
Y83,input_model_9,0,0,0,2.8354518812145906,2.397964531384794,0,0,0,0.0,0.0,2.397964531384794,True,,0
Y83,input_model_10,0,0,0,2.8643346396970903,2.4502632754584797,0,0,0,0.0,0.0,2.4502632754584797,True,,0
Y83,input_model_11,0,0,0,2.7214261018309966,2.444636181364953,0,0,0,0.0,0.0,2.444636181364953,True,,0
Y83,input_model_12,1,1,0,2.8149339024764033,0.7013716732635429,1,1,0,80.0,80.0,2.282245777454735,True,,0
Y83,input_model_13,0,0,0,2.8067304338627634,2.3808804074544594,0,0,0,0.0,0.0,2.3808804074544594,True,,0
Y83,input_model_14,0,0,0,2.7934564879959396,2.4088855934177738,0,0,0,0.0,0.0,2.4088855934177738,True,,0
Y83,input_model_15,0,0,0,2.7791036773215803,2.2394521861518433,0,0,0,0.0,0.0,2.2394521861518433,True,,0
Y83,input_model_16,0,0,0,2.820681483965965,2.409203853427109,0,0,0,0.0,0.0,2.409203853427109,True,,0
Y83,input_model_17,0,0,0,2.774447639943757,2.3532646707071105,0,0,0,0.0,0.0,2.3532646707071105,True,,0
Y83,input_model_18,1,1,0,2.751700559853797,2.1004736935947323,1,1,0,10.0,10.0,2.253697377494359,True,,0
Y83,input_model_19,1,1,0,2.9726748108391736,2.0637495295204533,1,1,0,10.0,10.0,2.2908069768988284,True,,0
