ligand,n_poses,margin_12,zmargin_12,xeng_sd,sel,oracle,rand,n_unique_xeng,stake_2,downside_2,randk_2,stake_3,downside_3,randk_3,stake_5,downside_5,randk_5
08J,20,0.06501050466343572,0.29739130963343374,0.21860257027539926,0.4806094182825484,0.4972299168975069,0.28234072022160667,20,0.0,0.3227146814404432,0.31925207756232676,0.0,0.3344875346260387,0.2615420129270544,0.0,0.3344875346260387,0.23227146814404426
08Y,20,0.016104977438224033,0.4330676667730438,0.03718813172599216,0.7016832917705736,0.7524937655860349,0.7038185785536161,20,0.006857855361595888,0.0,0.7051122194513716,0.05081047381546122,0.0,0.7209060681629259,0.05081047381546122,0.004987531172069848,0.7128428927680798
1RD,20,0.0418930963447357,0.17742970677541087,0.23611094842062527,0.2446351931330472,0.4012875536480687,0.28258226037195994,20,0.0,0.024678111587982915,0.23229613733905574,0.0,0.024678111587982915,0.2327134000953743,0.007510729613733891,0.024678111587982915,0.24012875536480682
2QH,20,0.008296177107853797,0.06544821568668235,0.12675940850045106,0.8324372759856631,0.8982974910394265,0.7913530465949821,20,0.0,0.0044802867383513245,0.8301971326164874,0.0,0.04749103942652333,0.8151135005973714,0.0,0.19265232974910396,0.7803763440860214
5AW,20,0.014020656513463292,0.13613881132774297,0.102987945735105,0.1893442622950819,0.2163934426229508,0.1884016393442622,20,0.0,0.008196721311475391,0.18524590163934418,0.0024590163934427034,0.008196721311475391,0.187431693989071,0.0024590163934427034,0.008196721311475391,0.1873770491803278
6AW,20,0.0864474990799482,0.7621114048295617,0.11343157776162828,0.7698529411764705,0.8025735294117647,0.7594485294117647,20,0.0,0.006249999999999978,0.7667279411764705,0.0003676470588235281,0.006249999999999978,0.7678921568627449,0.009558823529411842,0.01580882352941171,0.7674264705882352
7AW,20,0.01883317197414547,0.13738153495225403,0.13708663235340035,0.6080476900149031,0.7503725782414308,0.6540238450074516,20,0.06780923994038746,0.0,0.6419523099850968,0.06780923994038746,0.0,0.6372329855936413,0.06780923994038746,0.0,0.6403129657228017
80K,20,0.06284540836914831,0.304700729643493,0.2062528975322078,0.6238049713193117,0.888623326959847,0.5433795411089867,20,0.0,0.10946462715105165,0.5690726577437859,0.0,0.10946462715105165,0.5530592734225622,0.05736137667304009,0.10946462715105165,0.5718929254302104
8AW,20,0.021326637579364927,0.1373578662605682,0.15526331443521585,0.7096774193548387,0.7881720430107526,0.7019623655913978,20,0.04516129032258065,0.0,0.7322580645161291,0.04516129032258065,0.0,0.7261648745519714,0.04516129032258065,0.0,0.726989247311828
A1A06,20,0.03507050273376011,0.19009069713400908,0.18449352473591227,0.8534313725490197,0.8794117647058823,0.8256372549019609,20,0.0009803921568627416,0.0,0.853921568627451,0.0009803921568627416,0.010294117647058898,0.850326797385621,0.01862745098039209,0.010294117647058898,0.8560784313725491
A1A07,20,0.03167026469018541,0.15742540217693543,0.2011763301998123,0.6750503018108651,0.7791750503018109,0.6973340040241449,20,0.009054325955734521,0.0,0.6795774647887324,0.0407444668008049,0.0,0.6916498993963782,0.0407444668008049,0.0,0.7006036217303823
A1A08,20,0.0027379547134729343,0.018470516495117776,0.14823379271481904,0.8797979797979799,0.9126262626262628,0.8295202020202022,20,0.022727272727272707,0.0,0.8911616161616163,0.022727272727272707,0.0,0.88989898989899,0.03282828282828287,0.0,0.897777777777778
A1A4K,20,0.01538477257227533,0.0985101003197605,0.15617457014394331,0.4087209302325581,0.552906976744186,0.4385465116279069,20,0.0,0.007558139534883823,0.4049418604651162,0.01511627906976748,0.007558139534883823,0.4112403100775193,0.01511627906976748,0.007558139534883823,0.4115116279069767
A1A4S,20,0.04352082906741295,0.19235196604349233,0.22625622166800488,0.7903726708074534,0.7903726708074534,0.6319875776397516,20,0.0,0.33074534161490693,0.625,0.0,0.33074534161490693,0.6675293305728088,0.0,0.33074534161490693,0.6938923395445136
A1A4T,20,0.028193631390560414,0.475767513158364,0.05925926132156039,0.4846153846153845,0.5317307692307693,0.5039423076923076,20,0.04038461538461541,0.0,0.5048076923076922,0.04038461538461541,0.0,0.509775641025641,0.04711538461538484,0.0,0.51
A1A4U,20,0.006478665137547912,0.022811843628898286,0.28400445150082787,0.8647798742138366,0.8936058700209644,0.7515199161425576,20,0.0,0.048218029350104885,0.8406708595387842,0.028825995807127747,0.048218029350104885,0.8583158630328441,0.028825995807127747,0.048218029350104885,0.8581761006289309
A1A4V,20,0.01726788553795955,0.10942674746588657,0.15780315085525826,0.5275186567164178,0.7448694029850746,0.5420942164179104,20,0.0,0.00046641791044765846,0.527285447761194,0.012126865671641895,0.00046641791044765846,0.5314054726368159,0.012126865671641895,0.006996268656716431,0.5292910447761194
A1APA,20,0.03630860641489786,0.4285122446243771,0.08473178274456325,0.6266393442622951,0.7385245901639345,0.6731762295081967,20,0.029508196721311553,0.0,0.6413934426229508,0.029508196721311553,0.0016393442622950616,0.6359289617486339,0.0889344262295082,0.0016393442622950616,0.6499180327868852
A1ASO,20,0.10411524255593319,0.7081171784969282,0.1470310927591553,0.6206730769230769,0.8379807692307693,0.6089182692307691,20,0.09855769230769229,0.0,0.6699519230769231,0.09855769230769229,0.039423076923076894,0.6403846153846154,0.2153846153846154,0.06634615384615383,0.6623076923076924
A1ASP,20,0.1937602323294445,1.1212689915470584,0.17280441516723474,0.8152709359605911,0.8152709359605911,0.6294642857142857,20,0.0,0.08928571428571419,0.770628078817734,0.0,0.1354679802955665,0.7403530377668308,0.0,0.1951970443349753,0.6948275862068964
A1ASQ,20,0.011321265512029832,0.07712302983125233,0.14679487484868173,0.5973804100227791,0.7443052391799544,0.6623291571753985,20,0.07744874715261951,0.0,0.6361047835990888,0.07801822323462415,0.0,0.6492027334851936,0.12357630979498857,0.0,0.6738041002277905
A1ASR,20,0.12508873083371974,0.7978520998248417,0.15678185325473404,0.7430379746835444,0.8069620253164558,0.6812974683544303,20,0.0,0.05253164556962031,0.7167721518987342,0.02025316455696191,0.05253164556962031,0.7322784810126582,0.0639240506329114,0.05253164556962031,0.7434177215189873
A1ASS,20,0.016722475797916525,0.2889968527665504,0.05786386819729425,0.5879746835443038,0.7063291139240506,0.6612974683544304,20,0.018354430379746822,0.0,0.5971518987341773,0.06645569620253167,0.0,0.6162447257383966,0.06645569620253167,0.0,0.6111392405063292
A1AST,20,0.004506105566912444,0.060371656193056664,0.07463942272020509,0.5912073490813649,0.6325459317585301,0.5554133858267718,20,0.0,0.04002624671916011,0.5711942257217848,0.0,0.04002624671916011,0.5752405949256343,0.0,0.06233595800524938,0.5667979002624672
A1ASU,20,0.0198255946041751,0.08460094938714699,0.23434246007630627,0.7302631578947368,0.7302631578947368,0.6356085526315789,20,0.0,0.07510964912280704,0.6927083333333333,0.0,0.07510964912280704,0.6955409356725145,0.0,0.07510964912280704,0.687938596491228
A1ASV,20,0.014746102033494468,0.034983570107603744,0.42151507087864015,0.6310198300283286,0.7365439093484418,0.5997875354107649,20,0.0,0.014872521246458992,0.6235835694050991,0.055240793201133176,0.014872521246458992,0.6444759206798866,0.09773371104815864,0.014872521246458992,0.6740793201133145
A1BNX,20,0.014581010096445746,0.23080155434391245,0.06317552816268687,0.2914823008849557,0.3191371681415929,0.2906526548672566,20,0.01382743362831862,0.0,0.298396017699115,0.01382743362831862,0.0,0.3001474926253687,0.017146017699115113,0.0,0.3017699115044247
A1CIW,20,0.08836008153261421,0.8364542374493827,0.10563648024792419,0.3289473684210526,0.4542606516290727,0.3784147869674185,20,0.0,0.004385964912280715,0.32675438596491224,0.0,0.014411027568922319,0.32268170426065157,0.041353383458646586,0.014411027568922319,0.3363408521303258
CFF,20,0.08105490462434412,0.45280656023686394,0.1790055881300486,0.4720930232558139,0.9081395348837208,0.4812790697674417,20,0.0,0.009302325581395321,0.46744186046511627,0.0,0.0174418604651162,0.4631782945736434,0.0011627906976743874,0.0174418604651162,0.4637209302325581
CL6,20,0.0036093140191649775,0.0328407091778906,0.1099036564531585,0.459280303030303,0.8181818181818182,0.4912405303030303,20,0.0,0.01988636363636359,0.4493371212121212,0.0,0.01988636363636359,0.45075757575757575,0.0,0.01988636363636359,0.4520833333333333
D0R,20,0.1275980819381699,0.9341817324740528,0.13658807221614558,0.6679515418502203,0.6679515418502203,0.3254955947136564,20,0.0,0.47962555066079304,0.4281387665198238,0.0,0.47962555066079304,0.394273127753304,0.0,0.47962555066079304,0.3658590308370044
D7J,20,0.010180652969974169,0.17505926384551806,0.05815546544830748,0.8802395209580838,0.8802395209580838,0.7037175648702594,20,0.0,0.09830339321357284,0.8310878243512974,0.0,0.10528942115768458,0.8123752495009979,0.0,0.24451097804391209,0.7696606786427145
D7M,20,0.019458349070971437,0.07901767699155071,0.2462531146423363,0.7764270613107822,0.8509513742071881,0.6881871035940803,20,0.0,0.08192389006342493,0.7354651162790697,0.0,0.08192389006342493,0.735200845665962,0.0,0.16913319238900626,0.7
D7Y,20,0.029518500279461124,0.21986185339241426,0.1342593079426828,0.7290286975717439,0.8548565121412803,0.7748344370860927,20,0.0,0.04856512141280356,0.7047461368653422,0.04249448123620314,0.04856512141280356,0.7270051508462104,0.09492273730684331,0.04856512141280356,0.7625827814569537
D81,20,0.16350329246887818,1.1230291238069847,0.1455913199424555,0.6666666666666666,0.7020725388601037,0.5256476683937823,20,0.0,0.1442141623488773,0.594559585492228,0.0,0.1442141623488773,0.598733448474381,0.0,0.1442141623488773,0.5913644214162349
DEJ,20,0.002566641847135065,0.012917808120336294,0.19869019753393322,0.7679533213644525,0.7679533213644525,0.5856149012567323,20,0.0,0.2405745062836625,0.6476660682226212,0.0,0.3357271095152604,0.5758527827648114,0.0,0.3357271095152604,0.6268402154398564
DEV,20,0.01893264104531578,0.22521558757204568,0.08406452346136696,0.6388349514563106,0.7699029126213592,0.6469417475728155,20,0.0,0.005825242718446533,0.6359223300970873,0.0033980582524272274,0.005825242718446533,0.6380258899676375,0.0033980582524272274,0.01650485436893201,0.6332038834951457
DJ1,20,0.014869333520231454,0.08732765877630941,0.17027060760118837,0.4081059390048154,0.5272873194221509,0.4836677367576243,20,0.1123595505617978,0.0,0.4642857142857143,0.1123595505617978,0.028491171749598698,0.4360620652755484,0.1123595505617978,0.028491171749598698,0.46227929373996784
ERY,20,0.12325242889199184,1.2670020381687823,0.09727879291349087,0.6721052631578948,0.6721052631578948,0.6105,20,0.0,0.02947368421052643,0.6573684210526316,0.0,0.0552631578947369,0.643859649122807,0.0,0.07842105263157895,0.6295789473684211
FZV,20,0.012907210697742921,0.07930961889601577,0.16274458101564945,0.6486895161290323,0.7258064516129032,0.6618951612903227,20,0.02570564516129037,0.0,0.6615423387096775,0.02570564516129037,0.0,0.659106182795699,0.035282258064516125,0.0,0.6642137096774194
G0D,20,0.002224609570474989,0.016235447920815452,0.13702175519425117,0.5830058939096268,0.8334970530451866,0.5863457760314341,20,0.02111984282907664,0.0,0.5935658153241651,0.02111984282907664,0.014734774066797685,0.5851342501637197,0.02111984282907664,0.014734774066797685,0.5809430255402751
G0J,20,0.019394208429474258,0.1678190000438569,0.1155662256622068,0.4839331619537275,0.4839331619537275,0.45571979434447296,20,0.0,0.014781491002570701,0.4765424164524421,0.0,0.016066838046272514,0.47365038560411304,0.0,0.0263496143958869,0.4673521850899743
G0M,20,0.05444501835009796,0.4225857637980294,0.12883779581396265,0.7775537634408602,0.7862903225806451,0.7523521505376344,20,0.0,0.016801075268817245,0.7691532258064516,0.008736559139784883,0.016801075268817245,0.7748655913978495,0.008736559139784883,0.016801075268817245,0.7711021505376344
G0V,20,0.03864442714547334,0.2678476544832405,0.14427763879444894,0.5279187817258884,0.5374365482233503,0.5001269035532995,20,0.006345177664974555,0.0,0.5310913705583756,0.006345177664974555,0.016497461928933976,0.5245346869712352,0.006345177664974555,0.016497461928933976,0.5225888324873097
G1J,20,0.007680895480654537,0.06490144792444323,0.11834705890685918,0.872737556561086,0.872737556561086,0.8182692307692309,20,0.0,0.02488687782805421,0.8602941176470589,0.0,0.04807692307692313,0.8484162895927602,0.0,0.04807692307692313,0.8435520361990949
J9K,20,0.007845051223867583,0.07846177888766935,0.0999856405894013,0.2617713004484305,0.3385650224215246,0.27990470852017935,20,0.00952914798206278,0.0,0.2665358744394619,0.00952914798206278,0.0,0.26756352765321373,0.022982062780268986,0.0,0.2719730941704036
KLN,20,0.0349265176603617,0.25689869082593325,0.1359544400482245,0.4213675213675213,0.4615384615384615,0.3801495726495726,20,0.0,0.029487179487179438,0.4066239316239316,0.0,0.03803418803418801,0.39886039886039887,0.0,0.047863247863247804,0.391965811965812
MF8,20,0.15579684495956103,0.45393290023949956,0.3432155829140409,0.5833333333333333,0.8352713178294573,0.6489341085271318,20,0.09689922480620161,0.0,0.6317829457364341,0.09689922480620161,0.0,0.627906976744186,0.25193798449612403,0.0,0.6934108527131784
MWS,20,0.057879101813205436,0.1912434632082257,0.30264617070956684,0.7357904085257548,0.8143872113676731,0.667828596802842,20,0.0,0.000888099467140302,0.7353463587921847,0.03197158081705154,0.000888099467140302,0.7461515689757253,0.07859680284191828,0.000888099467140302,0.7633214920071049
MWV,20,0.005182936224577217,0.09124051220355776,0.05680520746106813,0.4076747720364742,0.5683890577507599,0.397701367781155,20,0.0,0.007218844984802464,0.4040653495440729,0.007218844984802408,0.007218844984802464,0.4076747720364741,0.007218844984802408,0.013677811550152075,0.4051671732522796
MWY,20,0.009618068483414843,0.09306598657463179,0.10334676327426981,0.352112676056338,0.4007042253521127,0.3720070422535211,20,0.0,0.016901408450704203,0.3436619718309859,0.009859154929577396,0.016901408450704203,0.34976525821596244,0.009859154929577396,0.016901408450704203,0.35197183098591545
MYT,20,0.020374151019577735,0.12299699323489224,0.16564755351920196,0.9594972067039106,0.9594972067039106,0.7404329608938547,20,0.0,0.17597765363128492,0.8715083798882681,0.0,0.17597765363128492,0.8440409683426443,0.0,0.19413407821229056,0.8215083798882681
NH0,20,0.009419269432336175,0.05775736734797998,0.1630834275320481,0.7294372294372294,0.7754329004329004,0.7216450216450216,20,0.007575757575757569,0.0,0.7332251082251082,0.007575757575757569,0.0016233766233766378,0.7314213564213564,0.024350649350649345,0.0016233766233766378,0.7398268398268397
NI6,20,0.017881355430773405,0.12719089213737048,0.14058676002886225,0.7365350089766607,0.7998204667863555,0.7476885098743269,20,0.0,0.050269299820466795,0.7114003590664273,0.03411131059245953,0.050269299820466795,0.7311490125673249,0.03411131059245953,0.050269299820466795,0.7408438061041294
NJ0,20,0.04763387897099203,0.3723490506480105,0.12792802583514937,0.2449567723342939,0.321685878962536,0.2686239193083573,20,0.027377521613832917,0.0,0.25864553314121036,0.030979827089337192,0.0,0.26440922190201727,0.030979827089337192,0.0,0.26534582132564843
NJO,20,0.001899667999101351,0.06363787830792142,0.029851215182088917,0.682962962962963,0.7381481481481481,0.6979074074074074,20,0.014074074074074017,0.0,0.69,0.014074074074074017,0.008148148148148238,0.6849382716049383,0.014074074074074017,0.010740740740740828,0.6837037037037036
NXR,20,0.04521020502772244,0.7689128970800713,0.0587975636764673,0.9149214659685864,0.9201570680628272,0.831391797556719,20,0.0,0.13699825479930183,0.8464223385689355,0.0,0.13699825479930183,0.8285340314136126,0.0,0.13699825479930183,0.8303664921465967
NYF,20,0.05089204681257253,0.5507902751510881,0.0923982305217939,0.8253228120516498,0.8461262553802009,0.7810616929698709,20,0.020803443328551108,0.0,0.8357245337159254,0.020803443328551108,0.01757532281205154,0.8263988522238163,0.020803443328551108,0.021162123385939702,0.819583931133429
PG0,20,0.014498985417111143,0.003118718305737291,4.649020525655799,0.4823529411764706,0.6735294117647058,0.4125,20,0.029411764705882304,0.0,0.4970588235294118,0.029411764705882304,0.044117647058823595,0.4774509803921569,0.058823529411764774,0.044117647058823595,0.4970588235294118
PG4,20,0.009695131063655715,0.0013017523634556904,7.447753763180106,0.5836956521739131,0.8184782608695652,0.5007065217391304,20,0.0,0.017391304347826098,0.575,0.0,0.10326086956521746,0.5434782608695652,0.0,0.10326086956521746,0.542391304347826
PK9,20,0.055094109783825895,0.15734616482468147,0.3501458700643448,0.3966836734693877,0.5095663265306123,0.2971938775510204,20,0.0,0.23341836734693872,0.2799744897959183,0.0,0.23341836734693872,0.2425595238095238,0.010204081632653073,0.23341836734693872,0.2628826530612245
PKT,20,0.029401898978553387,0.4753450419723948,0.0618538038317456,0.3699095022624434,0.4983031674208145,0.3070418552036199,20,0.0,0.12669683257918551,0.30656108597285064,0.0,0.12669683257918551,0.3239064856711915,0.0,0.1447963800904978,0.2860859728506787
QDJ,20,0.05822759000094435,0.2154266123680462,0.27028967944529186,0.6410934744268078,0.6410934744268078,0.5422619047619046,20,0.0,0.031305114638447984,0.6254409171075838,0.0,0.06746031746031744,0.6081716637272193,0.0,0.06746031746031744,0.6044091710758378
QDP,20,0.0027302096279289145,0.048762633370691436,0.05598979052615922,0.7288557213930348,0.7466832504145937,0.7146144278606966,20,0.0,0.033996683250414494,0.7118573797678276,0.0,0.033996683250414494,0.7171088999447209,0.0,0.033996683250414494,0.7183250414593699
QDV,20,0.1077281460471573,0.5873102179228662,0.18342630991192063,0.5410014513788098,0.752177068214804,0.4839259796806966,20,0.0,0.18577648766328014,0.44811320754716977,0.21117561683599417,0.18577648766328014,0.5494678277697145,0.21117561683599417,0.18577648766328014,0.5807692307692307
QDY,20,0.0008082677663232563,0.005050080123503969,0.16005048366686989,0.3675314465408805,0.6525157232704403,0.39235455974842764,20,0.022798742138364803,0.0,0.37893081761006286,0.022798742138364803,0.0,0.3812893081761006,0.029481132075471705,0.0,0.38270440251572324
QE4,20,0.015136372512085994,0.10441131771082769,0.1449686953861355,0.7642045454545454,0.8060064935064934,0.7093141233766234,20,0.0,0.01014610389610382,0.7591314935064934,0.0,0.021509740259740173,0.7536525974025974,0.037337662337662336,0.021509740259740173,0.7641233766233766
QEA,20,0.021195797674514072,0.10082936409391365,0.21021453288916966,0.5276360544217688,0.5888605442176871,0.4610331632653062,20,0.00042517006802722523,0.0,0.5278486394557824,0.00042517006802722523,0.12159863945578236,0.48724489795918374,0.061224489795918324,0.12159863945578236,0.523639455782313
QEP,20,0.0008307271240167724,0.0036498176666834243,0.22760784233138173,0.5989096573208723,0.6098130841121495,0.5354166666666667,20,0.0,0.003894080996884819,0.5969626168224299,0.001168224299065379,0.003894080996884819,0.5980010384215991,0.001168224299065379,0.015186915887850483,0.5935358255451713
QES,20,0.01482331568355999,0.08771835224529155,0.16898762122330746,0.6487538940809968,0.7270249221183801,0.6315809968847351,20,0.0,0.026479750778816147,0.6355140186915887,0.0,0.026479750778816147,0.6382398753894081,0.007788161993769527,0.026479750778816147,0.6420560747663552
RIT,20,0.0008261790840167205,0.009777949256433589,0.08449410631509671,0.714549938347719,0.719790382244143,0.6900739827373612,20,0.005240443896424085,0.0,0.7171701602959311,0.005240443896424085,0.009556103575832475,0.7131113851212495,0.005240443896424085,0.01356350184956856,0.710110974106042
T0K,20,0.028067810781185143,0.6655639983154755,0.042171467886219824,0.2308868501529052,0.2568807339449541,0.23490061162079506,20,0.001146788990825598,0.0,0.231460244648318,0.009174311926605505,0.0,0.2343272171253822,0.009174311926605505,0.005351681957186605,0.2314220183486238
TCI,20,0.07592559445988933,0.5495084653729045,0.1381700178328738,0.3003597122302158,0.4256594724220623,0.36450839328537166,20,0.09652278177458029,0.0,0.34862110311750594,0.09652278177458029,0.0,0.3437250199840127,0.09652278177458029,0.0,0.3468824940047961
X5Y,20,0.01720956213909508,0.13355569204941756,0.12885682276070487,0.7528735632183907,0.8113026819923371,0.7414511494252873,20,0.022509578544061437,0.0,0.7641283524904214,0.022509578544061437,0.007183908045977017,0.7579821200510856,0.05842911877394641,0.007183908045977017,0.7693486590038314
X6J,20,0.01144725014703718,0.03935780296477914,0.29085084239283365,0.5811403508771931,0.7451754385964913,0.6710087719298244,20,0.12456140350877187,0.0,0.643421052631579,0.14473684210526305,0.0,0.670906432748538,0.14473684210526305,0.0,0.6815789473684211
X6S,20,0.03921497838666166,0.1461275056366822,0.26836137533314314,0.7978560490045941,0.8311638591117918,0.7100114854517611,20,0.0,0.01914241960183749,0.7882848392036753,0.015696784073506942,0.01914241960183749,0.7967075038284839,0.015696784073506942,0.02488514548238885,0.7949464012251148
X6V,20,0.23688823860063124,1.679451432850035,0.14105096102638173,0.4409660107334526,0.492397137745975,0.41346153846153844,20,0.0,0.04338103756708411,0.41927549194991054,0.0,0.052325581395348875,0.40906380441264156,0.0,0.052325581395348875,0.4067978533094812
X71,20,0.00894557973806509,0.06768130015468073,0.13217210245105537,0.7942238267148014,0.8014440433212996,0.5879061371841156,20,0.0,0.05956678700361007,0.7644404332129964,0.0072202166064981865,0.05956678700361007,0.7767749699157641,0.0072202166064981865,0.3731949458483754,0.7054151624548736
X74,20,0.0003944958543744548,0.0014261868241295028,0.2766088198965391,0.7523474178403755,0.7844287949921752,0.6699921752738653,20,0.032081377151799706,0.0,0.7683881064162754,0.032081377151799706,0.031298904538341055,0.7526082420448618,0.032081377151799706,0.04460093896713602,0.7430359937402191
X7D,20,0.003352573267881853,0.011455480644907172,0.29266107392642016,0.7747781065088757,0.801405325443787,0.7009245562130177,20,0.0,0.009985207100591698,0.7697855029585798,0.0,0.009985207100591698,0.7691074950690334,0.0,0.021819526627218977,0.7665680473372781
X7J,20,0.02766299373225567,0.207276433428416,0.1334594255347858,0.729381443298969,0.7407216494845361,0.7144845360824742,20,0.0,0.010824742268041199,0.7239690721649484,0.011340206185567081,0.010824742268041199,0.7295532646048111,0.011340206185567081,0.010824742268041199,0.7294845360824743
X7M,20,0.01583995010712369,0.117434413989823,0.13488337505985595,0.8175837320574162,0.8415071770334928,0.8160885167464114,20,0.0,0.020933014354066914,0.8071172248803827,0.013157894736842257,0.020933014354066914,0.8149920255183414,0.013157894736842257,0.020933014354066914,0.8157894736842106
X7P,20,0.00696970886506465,0.050985254298254935,0.13670048254134531,0.5349872773536896,0.5349872773536896,0.5050890585241731,20,0.0,0.024173027989821905,0.5229007633587786,0.0,0.024173027989821905,0.5216284987277353,0.0,0.024173027989821905,0.5180661577608141
Y83,20,0.03807921766882738,0.34444718283123416,0.11055168852254696,0.6326955074875207,0.6326955074875207,0.5856905158069883,20,0.0,0.02079866888519133,0.622296173044925,0.0,0.028286189683860208,0.6163338879645035,0.0,0.044509151414309445,0.6105657237936771
YNV,20,0.16205722252980936,1.0307826411579077,0.15721764808511504,0.6093429158110882,0.6093429158110882,0.28937371663244355,20,0.0,0.27669404517453794,0.4709958932238193,0.0,0.35164271047227924,0.39989733059548255,0.0,0.35164271047227924,0.3605749486652977
Z8Z,20,0.07855595817644512,1.0936391210859757,0.07182987208654315,0.7093750000000001,0.8010416666666667,0.6749479166666666,20,0.009374999999999911,0.0,0.7140625,0.009374999999999911,0.017708333333333437,0.7065972222222223,0.009374999999999911,0.046527777777777946,0.6906944444444445
Z9Z,20,0.000994143314243856,0.014213711574744959,0.06994255575090311,0.7055412371134021,0.7864046391752577,0.7009503865979382,20,0.007087628865979356,0.0,0.7090850515463918,0.018685567010309212,0.0,0.7141323024054983,0.018685567010309212,0.016430412371134073,0.7077319587628866
