ligand,pdb,arm,sample,rep,lddt_pli,bisy_rmsd,xeng,fe_donor_dist,s_fe_donor_angle,is_coordinated,frac_proximal,renumber_offset,renumber_identity,mapped,md5,n_ref_poses
MWS,6OOB,op_boltz2_ss,r0s0,0,0.5648312611012434,3.8201847305280245,1.0987868934179528,4.6261366946838045,149.96319740697476,False,0.0,0,1.0,True,71959d47ddb605c269c3aea49a234e97,7
MWS,6OOB,op_boltz2_ss,r10s0,10,0.7584369449378331,1.7296895915160617,0.9846930938890676,3.3204069187525795,156.72254316655133,False,0.0,0,1.0,True,7370b4ae0a25f8d74b8bb90afb692c34,7
MWS,6OOB,op_boltz2_ss,r11s0,11,0.7584369449378331,1.7296895915160617,0.9846930938890676,3.3204069187525795,156.72254316655133,False,0.0,0,1.0,True,7370b4ae0a25f8d74b8bb90afb692c34,7
MWS,6OOB,op_boltz2_ss,r12s0,12,0.644316163410302,2.4988543113828006,1.4481597803190458,3.4058493815933786,163.4675769960969,False,0.0,0,1.0,True,7d43d7eaa5e2e25403534304f7a2381b,7
MWS,6OOB,op_boltz2_ss,r13s0,13,0.644316163410302,2.4988543113828006,1.4481597803190458,3.4058493815933786,163.4675769960969,False,0.0,0,1.0,True,7d43d7eaa5e2e25403534304f7a2381b,7
MWS,6OOB,op_boltz2_ss,r14s0,14,0.6896092362344582,2.283841102110912,1.4245788218567104,3.6373702889037847,157.45898973011413,False,0.0,0,1.0,True,01ba66e18fe2511078bc070b0141edc8,7
MWS,6OOB,op_boltz2_ss,r15s0,15,0.6438721136767317,2.401077750851141,1.3874904368566388,3.2638110910559757,170.1365821938189,False,0.0,0,1.0,True,075d2ad38345d9af22f002c819400149,7
MWS,6OOB,op_boltz2_ss,r16s0,16,0.6438721136767317,2.401077750851141,1.3874904368566388,3.2638110910559757,170.1365821938189,False,0.0,0,1.0,True,075d2ad38345d9af22f002c819400149,7
MWS,6OOB,op_boltz2_ss,r17s0,17,0.6438721136767317,2.401077750851141,1.3874904368566388,3.2638110910559757,170.1365821938189,False,0.0,0,1.0,True,075d2ad38345d9af22f002c819400149,7
MWS,6OOB,op_boltz2_ss,r18s0,18,0.6438721136767317,2.401077750851141,1.3874904368566388,3.2638110910559757,170.1365821938189,False,0.0,0,1.0,True,075d2ad38345d9af22f002c819400149,7
MWS,6OOB,op_boltz2_ss,r19s0,19,0.6438721136767317,2.401077750851141,1.3874904368566388,3.2638110910559757,170.1365821938189,False,0.0,0,1.0,True,075d2ad38345d9af22f002c819400149,7
MWS,6OOB,op_boltz2_ss,r1s0,1,0.4382770870337478,4.320363208516352,1.534114499741678,5.296807828541639,152.56199348465378,False,0.0,0,1.0,True,db09442fd0efde1e1f184b6a9c80f39a,7
MWS,6OOB,op_boltz2_ss,r20s0,20,0.6438721136767317,2.401077750851141,1.3874904368566388,3.2638110910559757,170.1365821938189,False,0.0,0,1.0,True,075d2ad38345d9af22f002c819400149,7
MWS,6OOB,op_boltz2_ss,r21s0,21,0.6438721136767317,2.401077750851141,1.3874904368566388,3.2638110910559757,170.1365821938189,False,0.0,0,1.0,True,075d2ad38345d9af22f002c819400149,7
MWS,6OOB,op_boltz2_ss,r22s0,22,0.6438721136767317,2.401077750851141,1.3874904368566388,3.2638110910559757,170.1365821938189,False,0.0,0,1.0,True,075d2ad38345d9af22f002c819400149,7
MWS,6OOB,op_boltz2_ss,r23s0,23,0.6438721136767317,2.401077750851141,1.3874904368566388,3.2638110910559757,170.1365821938189,False,0.0,0,1.0,True,075d2ad38345d9af22f002c819400149,7
MWS,6OOB,op_boltz2_ss,r24s0,24,0.6438721136767317,2.401077750851141,1.3874904368566388,3.2638110910559757,170.1365821938189,False,0.0,0,1.0,True,075d2ad38345d9af22f002c819400149,7
MWS,6OOB,op_boltz2_ss,r25s0,25,0.6438721136767317,2.401077750851141,1.3874904368566388,3.2638110910559757,170.1365821938189,False,0.0,0,1.0,True,075d2ad38345d9af22f002c819400149,7
MWS,6OOB,op_boltz2_ss,r26s0,26,0.6438721136767317,2.401077750851141,1.3874904368566388,3.2638110910559757,170.1365821938189,False,0.0,0,1.0,True,075d2ad38345d9af22f002c819400149,7
MWS,6OOB,op_boltz2_ss,r27s0,27,0.6438721136767317,2.401077750851141,1.3874904368566388,3.2638110910559757,170.1365821938189,False,0.0,0,1.0,True,075d2ad38345d9af22f002c819400149,7
MWS,6OOB,op_boltz2_ss,r28s0,28,0.6438721136767317,2.401077750851141,1.3874904368566388,3.2638110910559757,170.1365821938189,False,0.0,0,1.0,True,075d2ad38345d9af22f002c819400149,7
MWS,6OOB,op_boltz2_ss,r29s0,29,0.6438721136767317,2.401077750851141,1.3874904368566388,3.2638110910559757,170.1365821938189,False,0.0,0,1.0,True,075d2ad38345d9af22f002c819400149,7
MWS,6OOB,op_boltz2_ss,r2s0,2,0.5648312611012434,3.8201847305280245,1.0987868934179528,4.6261366946838045,149.96319740697476,False,0.0,0,1.0,True,71959d47ddb605c269c3aea49a234e97,7
MWS,6OOB,op_boltz2_ss,r3s0,3,0.5648312611012434,3.8201847305280245,1.0987868934179528,4.6261366946838045,149.96319740697476,False,0.0,0,1.0,True,71959d47ddb605c269c3aea49a234e97,7
MWS,6OOB,op_boltz2_ss,r4s0,4,0.5648312611012434,3.8201847305280245,1.0987868934179528,4.6261366946838045,149.96319740697476,False,0.0,0,1.0,True,71959d47ddb605c269c3aea49a234e97,7
MWS,6OOB,op_boltz2_ss,r5s0,5,0.5648312611012434,3.8201847305280245,1.0987868934179528,4.6261366946838045,149.96319740697476,False,0.0,0,1.0,True,71959d47ddb605c269c3aea49a234e97,7
MWS,6OOB,op_boltz2_ss,r6s0,6,0.633214920071048,2.424520270902897,1.49857405953518,3.3685431644406756,165.04652835352408,False,0.0,0,1.0,True,2312a9cc5ab4a26b1e09600c0bf81ef0,7
MWS,6OOB,op_boltz2_ss,r7s0,7,0.633214920071048,2.424520270902897,1.49857405953518,3.3685431644406756,165.04652835352408,False,0.0,0,1.0,True,2312a9cc5ab4a26b1e09600c0bf81ef0,7
MWS,6OOB,op_boltz2_ss,r8s0,8,0.49511545293072823,4.110403126832757,1.450735629581617,4.655643024577809,150.87591411922088,False,0.0,0,1.0,True,f1a0e9225384300c76c9664e25121d06,7
MWS,6OOB,op_boltz2_ss,r9s0,9,0.49511545293072823,4.110403126832757,1.450735629581617,4.655643024577809,150.87591411922088,False,0.0,0,1.0,True,f1a0e9225384300c76c9664e25121d06,7
CFF,8SO1,op_boltz2_ss,r0s0,0,0.4337209302325581,3.6923272162724086,0.6747612134901889,4.4508811815751725,174.19731959762248,False,0.0,0,1.0,True,c979eb643ecc783a77677d042db98dbd,6
CFF,8SO1,op_boltz2_ss,r10s0,10,0.4232558139534884,3.7307088451113706,0.904649166590043,4.112999118040266,159.62872251370183,False,0.0,0,1.0,True,08956b6b0eb44ddb6a0fbeadd1a254aa,6
CFF,8SO1,op_boltz2_ss,r11s0,11,0.4232558139534884,3.7307088451113706,0.904649166590043,4.112999118040266,159.62872251370183,False,0.0,0,1.0,True,08956b6b0eb44ddb6a0fbeadd1a254aa,6
CFF,8SO1,op_boltz2_ss,r12s0,12,0.3930232558139535,3.794006156399039,1.2057103705348553,5.287884716491084,163.86918405262935,False,0.0,0,1.0,True,441adeb17f6c98e404368c5e5328b000,6
CFF,8SO1,op_boltz2_ss,r13s0,13,0.4488372093023256,3.716273359584294,0.548101446681125,4.078774948939939,175.2056047366829,False,0.0,0,1.0,True,13545feb4f5c3748c068b2ff30316407,6
CFF,8SO1,op_boltz2_ss,r14s0,14,0.35813953488372097,3.8333755859103262,0.9644733737615102,3.94737502360746,157.40926108726953,False,0.0,0,1.0,True,b79421616e2e552e4565fcece8e43271,6
CFF,8SO1,op_boltz2_ss,r15s0,15,0.5430232558139535,3.2551204744495985,2.058334209092574,4.712407037534003,161.75490517455526,False,0.0,0,1.0,True,763a073874119ab4a1a1bbddbafa87a4,6
CFF,8SO1,op_boltz2_ss,r16s0,16,0.5430232558139535,3.2551204744495985,2.058334209092574,4.712407037534003,161.75490517455526,False,0.0,0,1.0,True,763a073874119ab4a1a1bbddbafa87a4,6
CFF,8SO1,op_boltz2_ss,r17s0,17,0.5430232558139535,3.2551204744495985,2.058334209092574,4.712407037534003,161.75490517455526,False,0.0,0,1.0,True,763a073874119ab4a1a1bbddbafa87a4,6
CFF,8SO1,op_boltz2_ss,r18s0,18,0.5430232558139535,3.2551204744495985,2.058334209092574,4.712407037534003,161.75490517455526,False,0.0,0,1.0,True,763a073874119ab4a1a1bbddbafa87a4,6
CFF,8SO1,op_boltz2_ss,r19s0,19,0.5430232558139535,3.2551204744495985,2.058334209092574,4.712407037534003,161.75490517455526,False,0.0,0,1.0,True,763a073874119ab4a1a1bbddbafa87a4,6
CFF,8SO1,op_boltz2_ss,r1s0,1,0.7488372093023257,1.7238784286889424,1.4172509119246393,3.128001225463315,170.5330707245626,False,0.0,0,1.0,True,2027682f457f2aee98f3f08c864fc018,6
CFF,8SO1,op_boltz2_ss,r20s0,20,0.5430232558139535,3.2551204744495985,2.058334209092574,4.712407037534003,161.75490517455526,False,0.0,0,1.0,True,763a073874119ab4a1a1bbddbafa87a4,6
CFF,8SO1,op_boltz2_ss,r21s0,21,0.5430232558139535,3.2551204744495985,2.058334209092574,4.712407037534003,161.75490517455526,False,0.0,0,1.0,True,763a073874119ab4a1a1bbddbafa87a4,6
CFF,8SO1,op_boltz2_ss,r22s0,22,0.5430232558139535,3.2551204744495985,2.058334209092574,4.712407037534003,161.75490517455526,False,0.0,0,1.0,True,763a073874119ab4a1a1bbddbafa87a4,6
CFF,8SO1,op_boltz2_ss,r23s0,23,0.5430232558139535,3.2551204744495985,2.058334209092574,4.712407037534003,161.75490517455526,False,0.0,0,1.0,True,763a073874119ab4a1a1bbddbafa87a4,6
CFF,8SO1,op_boltz2_ss,r24s0,24,0.5430232558139535,3.2551204744495985,2.058334209092574,4.712407037534003,161.75490517455526,False,0.0,0,1.0,True,763a073874119ab4a1a1bbddbafa87a4,6
CFF,8SO1,op_boltz2_ss,r25s0,25,0.5430232558139535,3.2551204744495985,2.058334209092574,4.712407037534003,161.75490517455526,False,0.0,0,1.0,True,763a073874119ab4a1a1bbddbafa87a4,6
CFF,8SO1,op_boltz2_ss,r26s0,26,0.5430232558139535,3.2551204744495985,2.058334209092574,4.712407037534003,161.75490517455526,False,0.0,0,1.0,True,763a073874119ab4a1a1bbddbafa87a4,6
CFF,8SO1,op_boltz2_ss,r27s0,27,0.5430232558139535,3.2551204744495985,2.058334209092574,4.712407037534003,161.75490517455526,False,0.0,0,1.0,True,763a073874119ab4a1a1bbddbafa87a4,6
CFF,8SO1,op_boltz2_ss,r28s0,28,0.5430232558139535,3.2551204744495985,2.058334209092574,4.712407037534003,161.75490517455526,False,0.0,0,1.0,True,763a073874119ab4a1a1bbddbafa87a4,6
CFF,8SO1,op_boltz2_ss,r29s0,29,0.5430232558139535,3.2551204744495985,2.058334209092574,4.712407037534003,161.75490517455526,False,0.0,0,1.0,True,763a073874119ab4a1a1bbddbafa87a4,6
CFF,8SO1,op_boltz2_ss,r2s0,2,0.3930232558139535,4.315504072361366,1.857020988430654,3.722586693443149,170.19844003198097,False,0.0,0,1.0,True,5b9b29367beefcc513573670b2c8b2b1,6
CFF,8SO1,op_boltz2_ss,r3s0,3,0.3930232558139535,4.315504072361366,1.857020988430654,3.722586693443149,170.19844003198097,False,0.0,0,1.0,True,5b9b29367beefcc513573670b2c8b2b1,6
CFF,8SO1,op_boltz2_ss,r4s0,4,0.3930232558139535,4.315504072361366,1.857020988430654,3.722586693443149,170.19844003198097,False,0.0,0,1.0,True,5b9b29367beefcc513573670b2c8b2b1,6
CFF,8SO1,op_boltz2_ss,r5s0,5,0.486046511627907,3.634827634581369,0.8677724600298361,3.7241840600861824,163.39185785489894,False,0.0,0,1.0,True,3d11c62fae6917c857ad8b771248c4c9,6
CFF,8SO1,op_boltz2_ss,r6s0,6,0.46744186046511627,3.7439850551343974,2.2583859774519577,4.699651867755738,159.27269211101063,False,0.0,0,1.0,True,aec6adea2221a49e31e24bdbf6d19a7f,6
CFF,8SO1,op_boltz2_ss,r7s0,7,0.46744186046511627,3.7439850551343974,2.2583859774519577,4.699651867755738,159.27269211101063,False,0.0,0,1.0,True,aec6adea2221a49e31e24bdbf6d19a7f,6
CFF,8SO1,op_boltz2_ss,r8s0,8,0.3988372093023256,3.803468302598206,0.7084844719681055,4.501731968353958,177.17070568454085,False,0.0,0,1.0,True,da825a9e981ab1930b8a8ae55814e798,6
CFF,8SO1,op_boltz2_ss,r9s0,9,0.3988372093023256,3.803468302598206,0.7084844719681055,4.501731968353958,177.17070568454085,False,0.0,0,1.0,True,da825a9e981ab1930b8a8ae55814e798,6
MF8,5G5J,op_boltz2_ss,r0s0,0,0.5465116279069767,3.415778256107239,1.9046736516385303,4.695519294625462,145.0837171856324,False,0.0,0,1.0,True,5d2d30b584e739746bf2220ac9e6df0d,7
MF8,5G5J,op_boltz2_ss,r10s0,10,0.687984496124031,2.056096789943449,1.617449941626434,3.7910110532152235,155.93497615223052,False,0.0,0,1.0,True,d90a7e260ff2afea0ebc1b51e7c5df77,7
MF8,5G5J,op_boltz2_ss,r11s0,11,0.687984496124031,2.056096789943449,1.617449941626434,3.7910110532152235,155.93497615223052,False,0.0,0,1.0,True,d90a7e260ff2afea0ebc1b51e7c5df77,7
MF8,5G5J,op_boltz2_ss,r12s0,12,0.6182170542635659,2.308749981478077,1.478722486237195,4.097057155276211,163.19740256353234,False,0.0,0,1.0,True,cf15f8c6e83c24dc8123f09fc29b6dea,7
MF8,5G5J,op_boltz2_ss,r13s0,13,0.7112403100775193,1.8180342638046052,1.5762281834385818,4.633957919629828,142.71735320682458,False,0.0,0,1.0,True,ab327ee1730b2caf967a92f66fc4614b,7
MF8,5G5J,op_boltz2_ss,r14s0,14,0.5794573643410852,2.423001564568704,1.6918566779168505,3.166885296438758,161.639929264958,False,0.0,0,1.0,True,9a72e731b526b893f2b7366d92b2eec0,7
MF8,5G5J,op_boltz2_ss,r15s0,15,0.6085271317829457,2.683579929194466,1.751419359141887,3.931765294635477,145.7372774135072,False,0.0,0,1.0,True,b0257630e32ce52af40500719cc6dbf4,7
MF8,5G5J,op_boltz2_ss,r16s0,16,0.6085271317829457,2.683579929194466,1.751419359141887,3.931765294635477,145.7372774135072,False,0.0,0,1.0,True,b0257630e32ce52af40500719cc6dbf4,7
MF8,5G5J,op_boltz2_ss,r17s0,17,0.6085271317829457,2.683579929194466,1.751419359141887,3.931765294635477,145.7372774135072,False,0.0,0,1.0,True,b0257630e32ce52af40500719cc6dbf4,7
MF8,5G5J,op_boltz2_ss,r18s0,18,0.6085271317829457,2.683579929194466,1.751419359141887,3.931765294635477,145.7372774135072,False,0.0,0,1.0,True,b0257630e32ce52af40500719cc6dbf4,7
MF8,5G5J,op_boltz2_ss,r19s0,19,0.6085271317829457,2.683579929194466,1.751419359141887,3.931765294635477,145.7372774135072,False,0.0,0,1.0,True,b0257630e32ce52af40500719cc6dbf4,7
MF8,5G5J,op_boltz2_ss,r1s0,1,0.5562015503875969,2.6901743361437154,1.7987886610023966,3.123478993750398,164.646868254297,False,0.0,0,1.0,True,7f9e8c377caee5aa6751bee9e8d19f5d,7
MF8,5G5J,op_boltz2_ss,r20s0,20,0.6085271317829457,2.683579929194466,1.751419359141887,3.931765294635477,145.7372774135072,False,0.0,0,1.0,True,b0257630e32ce52af40500719cc6dbf4,7
MF8,5G5J,op_boltz2_ss,r21s0,21,0.6085271317829457,2.683579929194466,1.751419359141887,3.931765294635477,145.7372774135072,False,0.0,0,1.0,True,b0257630e32ce52af40500719cc6dbf4,7
MF8,5G5J,op_boltz2_ss,r22s0,22,0.6085271317829457,2.683579929194466,1.751419359141887,3.931765294635477,145.7372774135072,False,0.0,0,1.0,True,b0257630e32ce52af40500719cc6dbf4,7
MF8,5G5J,op_boltz2_ss,r23s0,23,0.6085271317829457,2.683579929194466,1.751419359141887,3.931765294635477,145.7372774135072,False,0.0,0,1.0,True,b0257630e32ce52af40500719cc6dbf4,7
MF8,5G5J,op_boltz2_ss,r24s0,24,0.6085271317829457,2.683579929194466,1.751419359141887,3.931765294635477,145.7372774135072,False,0.0,0,1.0,True,b0257630e32ce52af40500719cc6dbf4,7
MF8,5G5J,op_boltz2_ss,r25s0,25,0.6085271317829457,2.683579929194466,1.751419359141887,3.931765294635477,145.7372774135072,False,0.0,0,1.0,True,b0257630e32ce52af40500719cc6dbf4,7
MF8,5G5J,op_boltz2_ss,r26s0,26,0.6085271317829457,2.683579929194466,1.751419359141887,3.931765294635477,145.7372774135072,False,0.0,0,1.0,True,b0257630e32ce52af40500719cc6dbf4,7
MF8,5G5J,op_boltz2_ss,r27s0,27,0.6085271317829457,2.683579929194466,1.751419359141887,3.931765294635477,145.7372774135072,False,0.0,0,1.0,True,b0257630e32ce52af40500719cc6dbf4,7
MF8,5G5J,op_boltz2_ss,r28s0,28,0.6085271317829457,2.683579929194466,1.751419359141887,3.931765294635477,145.7372774135072,False,0.0,0,1.0,True,b0257630e32ce52af40500719cc6dbf4,7
MF8,5G5J,op_boltz2_ss,r29s0,29,0.6085271317829457,2.683579929194466,1.751419359141887,3.931765294635477,145.7372774135072,False,0.0,0,1.0,True,b0257630e32ce52af40500719cc6dbf4,7
MF8,5G5J,op_boltz2_ss,r2s0,2,0.4903100775193798,3.5399554695249686,1.4759402451413108,2.9302760512279384,168.01518676914915,False,0.0,0,1.0,True,80d73bb36d549f9e0816b7aee6d87034,7
MF8,5G5J,op_boltz2_ss,r3s0,3,0.4903100775193798,3.5399554695249686,1.4759402451413108,2.9302760512279384,168.01518676914915,False,0.0,0,1.0,True,80d73bb36d549f9e0816b7aee6d87034,7
MF8,5G5J,op_boltz2_ss,r4s0,4,0.4903100775193798,3.5399554695249686,1.4759402451413108,2.9302760512279384,168.01518676914915,False,0.0,0,1.0,True,80d73bb36d549f9e0816b7aee6d87034,7
MF8,5G5J,op_boltz2_ss,r5s0,5,0.3992248062015504,3.913881837661108,1.6608686325846291,2.9764782923784274,171.37757519315633,False,0.0,0,1.0,True,01f42f1f4d39b58fb0868d4f73145e3a,7
MF8,5G5J,op_boltz2_ss,r6s0,6,0.6124031007751938,2.526473468467787,1.6597042910654307,2.9256028576688258,161.19171581076253,False,0.0,0,1.0,True,9c099e47d556ab49187a0aa4045f2f45,7
MF8,5G5J,op_boltz2_ss,r7s0,7,0.6124031007751938,2.526473468467787,1.6597042910654307,2.9256028576688258,161.19171581076253,False,0.0,0,1.0,True,9c099e47d556ab49187a0aa4045f2f45,7
MF8,5G5J,op_boltz2_ss,r8s0,8,0.562015503875969,2.4696285123595088,1.8511806769458132,4.336725314254985,139.79014572524224,False,0.0,0,1.0,True,9fa2265fae7b920ae16576a56d2278ef,7
MF8,5G5J,op_boltz2_ss,r9s0,9,0.562015503875969,2.4696285123595088,1.8511806769458132,4.336725314254985,139.79014572524224,False,0.0,0,1.0,True,9fa2265fae7b920ae16576a56d2278ef,7
PG0,9BV6,op_boltz2_ss,r0s0,0,0.5205882352941177,3.0529695272810597,3.0670848011090297,3.7059079179736782,151.65956901252216,False,0.0,0,1.0,True,8457c022956533d1d84b41a7324d76b3,11
PG0,9BV6,op_boltz2_ss,r10s0,10,0.4852941176470588,3.2609755127844573,3.1234164390108403,4.1457402908527685,146.7366328841636,False,0.0,0,1.0,True,ec87f71c6901a3b49aa4ba0ae9ec4f83,11
PG0,9BV6,op_boltz2_ss,r11s0,11,0.4852941176470588,3.2609755127844573,3.1234164390108403,4.1457402908527685,146.7366328841636,False,0.0,0,1.0,True,ec87f71c6901a3b49aa4ba0ae9ec4f83,11
PG0,9BV6,op_boltz2_ss,r12s0,12,0.25588235294117645,5.536385883802507,2.9735569323524587,4.600135436017075,145.328085874307,False,0.0,0,1.0,True,2c6d22fee6be168db196494ef2a5869d,11
PG0,9BV6,op_boltz2_ss,r13s0,13,0.5,3.329806183838078,3.088372871502263,4.40480045274471,144.320063389865,False,0.0,0,1.0,True,8911011483189aa071e1e381ba0b291e,11
PG0,9BV6,op_boltz2_ss,r14s0,14,0.5,3.329806183838078,3.088372871502263,4.40480045274471,144.320063389865,False,0.0,0,1.0,True,8911011483189aa071e1e381ba0b291e,11
PG0,9BV6,op_boltz2_ss,r15s0,15,0.2264705882352941,5.673490334762787,2.964600268195815,3.068111753847959,157.05781770935732,False,0.0,0,1.0,True,24b7a9504d00119ab88a21aa704c396c,11
PG0,9BV6,op_boltz2_ss,r16s0,16,0.2264705882352941,5.673490334762787,2.964600268195815,3.068111753847959,157.05781770935732,False,0.0,0,1.0,True,24b7a9504d00119ab88a21aa704c396c,11
PG0,9BV6,op_boltz2_ss,r17s0,17,0.2264705882352941,5.673490334762787,2.964600268195815,3.068111753847959,157.05781770935732,False,0.0,0,1.0,True,24b7a9504d00119ab88a21aa704c396c,11
PG0,9BV6,op_boltz2_ss,r18s0,18,0.2264705882352941,5.673490334762787,2.964600268195815,3.068111753847959,157.05781770935732,False,0.0,0,1.0,True,24b7a9504d00119ab88a21aa704c396c,11
PG0,9BV6,op_boltz2_ss,r19s0,19,0.2264705882352941,5.673490334762787,2.964600268195815,3.068111753847959,157.05781770935732,False,0.0,0,1.0,True,24b7a9504d00119ab88a21aa704c396c,11
PG0,9BV6,op_boltz2_ss,r1s0,1,0.21176470588235294,5.665505365986055,3.042154582602488,4.484041057862873,167.07373288533898,False,0.0,0,1.0,True,1d7271cd865a1b01d46cf6baf170dd65,11
PG0,9BV6,op_boltz2_ss,r20s0,20,0.2264705882352941,5.673490334762787,2.964600268195815,3.068111753847959,157.05781770935732,False,0.0,0,1.0,True,24b7a9504d00119ab88a21aa704c396c,11
PG0,9BV6,op_boltz2_ss,r21s0,21,0.2264705882352941,5.673490334762787,2.964600268195815,3.068111753847959,157.05781770935732,False,0.0,0,1.0,True,24b7a9504d00119ab88a21aa704c396c,11
PG0,9BV6,op_boltz2_ss,r22s0,22,0.2264705882352941,5.673490334762787,2.964600268195815,3.068111753847959,157.05781770935732,False,0.0,0,1.0,True,24b7a9504d00119ab88a21aa704c396c,11
PG0,9BV6,op_boltz2_ss,r23s0,23,0.2264705882352941,5.673490334762787,2.964600268195815,3.068111753847959,157.05781770935732,False,0.0,0,1.0,True,24b7a9504d00119ab88a21aa704c396c,11
PG0,9BV6,op_boltz2_ss,r24s0,24,0.2264705882352941,5.673490334762787,2.964600268195815,3.068111753847959,157.05781770935732,False,0.0,0,1.0,True,24b7a9504d00119ab88a21aa704c396c,11
PG0,9BV6,op_boltz2_ss,r25s0,25,0.2264705882352941,5.673490334762787,2.964600268195815,3.068111753847959,157.05781770935732,False,0.0,0,1.0,True,24b7a9504d00119ab88a21aa704c396c,11
PG0,9BV6,op_boltz2_ss,r26s0,26,0.2264705882352941,5.673490334762787,2.964600268195815,3.068111753847959,157.05781770935732,False,0.0,0,1.0,True,24b7a9504d00119ab88a21aa704c396c,11
PG0,9BV6,op_boltz2_ss,r27s0,27,0.2264705882352941,5.673490334762787,2.964600268195815,3.068111753847959,157.05781770935732,False,0.0,0,1.0,True,24b7a9504d00119ab88a21aa704c396c,11
PG0,9BV6,op_boltz2_ss,r28s0,28,0.2264705882352941,5.673490334762787,2.964600268195815,3.068111753847959,157.05781770935732,False,0.0,0,1.0,True,24b7a9504d00119ab88a21aa704c396c,11
PG0,9BV6,op_boltz2_ss,r29s0,29,0.2264705882352941,5.673490334762787,2.964600268195815,3.068111753847959,157.05781770935732,False,0.0,0,1.0,True,24b7a9504d00119ab88a21aa704c396c,11
PG0,9BV6,op_boltz2_ss,r2s0,2,0.5411764705882353,3.0060052872934375,3.024030654495762,3.746206875734441,158.8338403142714,False,0.0,0,1.0,True,9caf5c870f814fae482011c8790ad426,11
PG0,9BV6,op_boltz2_ss,r3s0,3,0.5411764705882353,3.0060052872934375,3.024030654495762,3.746206875734441,158.8338403142714,False,0.0,0,1.0,True,9caf5c870f814fae482011c8790ad426,11
PG0,9BV6,op_boltz2_ss,r4s0,4,0.5411764705882353,3.0060052872934375,3.024030654495762,3.746206875734441,158.8338403142714,False,0.0,0,1.0,True,9caf5c870f814fae482011c8790ad426,11
PG0,9BV6,op_boltz2_ss,r5s0,5,0.2,5.662977474750907,3.089445353648388,4.581609069682833,166.26878001263384,False,0.0,0,1.0,True,7912d540f14a5a883b70589aaa187510,11
PG0,9BV6,op_boltz2_ss,r6s0,6,0.19705882352941176,5.804785679481933,3.166226692523615,4.3191776496689736,169.23642404561573,False,0.0,0,1.0,True,ef1ca415d4f137a058d106d706c34c9d,11
PG0,9BV6,op_boltz2_ss,r7s0,7,0.19705882352941176,5.804785679481933,3.166226692523615,4.3191776496689736,169.23642404561573,False,0.0,0,1.0,True,ef1ca415d4f137a058d106d706c34c9d,11
PG0,9BV6,op_boltz2_ss,r8s0,8,0.4647058823529412,3.456628972955497,3.1027558528795596,4.312066380310025,146.92891422723963,False,0.0,0,1.0,True,573dd5558efc53e8fa78fc02f704efb8,11
PG0,9BV6,op_boltz2_ss,r9s0,9,0.4647058823529412,3.456628972955497,3.1027558528795596,4.312066380310025,146.92891422723963,False,0.0,0,1.0,True,573dd5558efc53e8fa78fc02f704efb8,11
PG4,9YK4,op_boltz2_ss,r0s0,0,0.4967391304347827,4.281255053112972,3.5041691775097896,4.074882068808863,156.3604178850335,False,0.0,0,0.9979,True,951bc202ad434d98e6a5f2ee45182370,7
PG4,9YK4,op_boltz2_ss,r10s0,10,0.5239130434782608,3.7823775573867966,3.3820370894333966,4.235105635494822,157.31347343360517,False,0.0,0,0.9979,True,e1150f81c2a47209d340b5cd7c349856,7
PG4,9YK4,op_boltz2_ss,r11s0,11,0.5239130434782608,3.7823775573867966,3.3820370894333966,4.235105635494822,157.31347343360517,False,0.0,0,0.9979,True,e1150f81c2a47209d340b5cd7c349856,7
PG4,9YK4,op_boltz2_ss,r12s0,12,0.4739130434782609,3.911079444035945,3.385145503733032,4.598707684056468,161.69067901780036,False,0.0,0,0.9979,True,61d258d2ac6720a8b72b57da9da22171,7
PG4,9YK4,op_boltz2_ss,r13s0,13,0.0,23.037059194574233,22.079905855218307,25.100658696667704,135.9346714475532,False,0.0,0,0.9979,True,03946a75635bfcaab33b97f4d370ad5e,7
PG4,9YK4,op_boltz2_ss,r14s0,14,0.0,26.09829142749742,24.077464404052826,21.74385894927807,63.54626854281108,False,1.0,0,0.9979,True,70fecde540ae79227b0874f529dbfcc3,7
PG4,9YK4,op_boltz2_ss,r15s0,15,0.0,22.51369189967731,21.8270360946675,24.694150687255885,175.71974523483448,False,0.0,0,0.9979,True,abf1a9f2870c215a3887a7da3abb1f7e,7
PG4,9YK4,op_boltz2_ss,r16s0,16,0.0,22.51369189967731,21.8270360946675,24.694150687255885,175.71974523483448,False,0.0,0,0.9979,True,abf1a9f2870c215a3887a7da3abb1f7e,7
PG4,9YK4,op_boltz2_ss,r17s0,17,0.0,22.51369189967731,21.8270360946675,24.694150687255885,175.71974523483448,False,0.0,0,0.9979,True,abf1a9f2870c215a3887a7da3abb1f7e,7
PG4,9YK4,op_boltz2_ss,r18s0,18,0.0,22.51369189967731,21.8270360946675,24.694150687255885,175.71974523483448,False,0.0,0,0.9979,True,abf1a9f2870c215a3887a7da3abb1f7e,7
PG4,9YK4,op_boltz2_ss,r19s0,19,0.0,22.51369189967731,21.8270360946675,24.694150687255885,175.71974523483448,False,0.0,0,0.9979,True,abf1a9f2870c215a3887a7da3abb1f7e,7
PG4,9YK4,op_boltz2_ss,r1s0,1,0.0,26.76448399767681,24.505823516690135,21.859529305190904,63.61006502874282,False,1.0,0,0.9979,True,8e334a1ba7627c281ec8ac5915524ae3,7
PG4,9YK4,op_boltz2_ss,r20s0,20,0.0,22.51369189967731,21.8270360946675,24.694150687255885,175.71974523483448,False,0.0,0,0.9979,True,abf1a9f2870c215a3887a7da3abb1f7e,7
PG4,9YK4,op_boltz2_ss,r21s0,21,0.0,22.51369189967731,21.8270360946675,24.694150687255885,175.71974523483448,False,0.0,0,0.9979,True,abf1a9f2870c215a3887a7da3abb1f7e,7
PG4,9YK4,op_boltz2_ss,r22s0,22,0.0,22.51369189967731,21.8270360946675,24.694150687255885,175.71974523483448,False,0.0,0,0.9979,True,abf1a9f2870c215a3887a7da3abb1f7e,7
PG4,9YK4,op_boltz2_ss,r23s0,23,0.0,22.51369189967731,21.8270360946675,24.694150687255885,175.71974523483448,False,0.0,0,0.9979,True,abf1a9f2870c215a3887a7da3abb1f7e,7
PG4,9YK4,op_boltz2_ss,r24s0,24,0.0,22.51369189967731,21.8270360946675,24.694150687255885,175.71974523483448,False,0.0,0,0.9979,True,abf1a9f2870c215a3887a7da3abb1f7e,7
PG4,9YK4,op_boltz2_ss,r25s0,25,0.0,22.51369189967731,21.8270360946675,24.694150687255885,175.71974523483448,False,0.0,0,0.9979,True,abf1a9f2870c215a3887a7da3abb1f7e,7
PG4,9YK4,op_boltz2_ss,r26s0,26,0.0,22.51369189967731,21.8270360946675,24.694150687255885,175.71974523483448,False,0.0,0,0.9979,True,abf1a9f2870c215a3887a7da3abb1f7e,7
PG4,9YK4,op_boltz2_ss,r27s0,27,0.0,22.51369189967731,21.8270360946675,24.694150687255885,175.71974523483448,False,0.0,0,0.9979,True,abf1a9f2870c215a3887a7da3abb1f7e,7
PG4,9YK4,op_boltz2_ss,r28s0,28,0.0,22.51369189967731,21.8270360946675,24.694150687255885,175.71974523483448,False,0.0,0,0.9979,True,abf1a9f2870c215a3887a7da3abb1f7e,7
PG4,9YK4,op_boltz2_ss,r29s0,29,0.0,22.51369189967731,21.8270360946675,24.694150687255885,175.71974523483448,False,0.0,0,0.9979,True,abf1a9f2870c215a3887a7da3abb1f7e,7
PG4,9YK4,op_boltz2_ss,r2s0,2,0.0,23.363548370362267,22.40746499987706,25.131986511768226,177.62869664600683,False,0.0,0,0.9979,True,75fb5f00279d539016ce31bdddaa00b3,7
PG4,9YK4,op_boltz2_ss,r3s0,3,0.0,23.363548370362267,22.40746499987706,25.131986511768226,177.62869664600683,False,0.0,0,0.9979,True,75fb5f00279d539016ce31bdddaa00b3,7
PG4,9YK4,op_boltz2_ss,r4s0,4,0.0,23.363548370362267,22.40746499987706,25.131986511768226,177.62869664600683,False,0.0,0,0.9979,True,75fb5f00279d539016ce31bdddaa00b3,7
PG4,9YK4,op_boltz2_ss,r5s0,5,0.375,4.9140287683331545,3.5548558331995936,4.388454190315766,165.53644084904158,False,0.0,0,0.9979,True,db790bc03eeb100837062994ade53f9f,7
PG4,9YK4,op_boltz2_ss,r6s0,6,0.4434782608695652,4.289510750871988,3.4351720482437975,3.936020808392659,158.0813462166234,False,0.0,0,0.9979,True,1116be0e2891100ae2c1d0b3f2651203,7
PG4,9YK4,op_boltz2_ss,r7s0,7,0.4434782608695652,4.289510750871988,3.4351720482437975,3.936020808392659,158.0813462166234,False,0.0,0,0.9979,True,1116be0e2891100ae2c1d0b3f2651203,7
PG4,9YK4,op_boltz2_ss,r8s0,8,0.4739130434782609,4.302283990014756,3.5390774201244106,4.171041135364167,170.9651381456835,False,0.0,0,0.9979,True,57155498fda5e3c74bab779a7655eae5,7
PG4,9YK4,op_boltz2_ss,r9s0,9,0.4739130434782609,4.302283990014756,3.5390774201244106,4.171041135364167,170.9651381456835,False,0.0,0,0.9979,True,57155498fda5e3c74bab779a7655eae5,7
ERY,2J0D,op_boltz2_ss,r0s0,0,0.30105263157894735,5.60414053708658,1.3313769537295197,4.695184804520478,135.56833120665638,False,0.0,0,1.0,True,574ba9256e0759eaf8c792b63ae66e71,6
ERY,2J0D,op_boltz2_ss,r10s0,10,0.30000000000000004,5.5364240684700325,1.3616939416988159,4.7146805955546975,137.58576192964597,False,0.0,0,1.0,True,95142cbbbe66e99c784c9f5320bfe7f0,6
ERY,2J0D,op_boltz2_ss,r11s0,11,0.30000000000000004,5.5364240684700325,1.3616939416988159,4.7146805955546975,137.58576192964597,False,0.0,0,1.0,True,95142cbbbe66e99c784c9f5320bfe7f0,6
ERY,2J0D,op_boltz2_ss,r12s0,12,0.14157894736842105,7.437442577011855,1.8231675884498346,5.606612789456751,179.8369268423974,False,0.0,0,1.0,True,020b134994a5fcb57507c350a515811b,6
ERY,2J0D,op_boltz2_ss,r13s0,13,0.27263157894736845,6.008806836788539,1.317577259556044,5.089433241413037,133.29876758822093,False,0.0,0,1.0,True,35247af85e81cfeb7a125d11ceea976e,6
ERY,2J0D,op_boltz2_ss,r14s0,14,0.2857894736842105,5.6406928723719805,1.311450459809491,5.324569750073709,131.5832286136671,False,0.0,0,1.0,True,d394019c56c36f94197a78ced1c53081,6
ERY,2J0D,op_boltz2_ss,r15s0,15,0.2768421052631579,5.620957950016732,1.329003431658335,4.70022940118884,134.35165306214552,False,0.0,0,1.0,True,e304610c82b5d8649d9cb8191e689ef1,6
ERY,2J0D,op_boltz2_ss,r16s0,16,0.2768421052631579,5.620957950016732,1.329003431658335,4.70022940118884,134.35165306214552,False,0.0,0,1.0,True,e304610c82b5d8649d9cb8191e689ef1,6
ERY,2J0D,op_boltz2_ss,r17s0,17,0.2768421052631579,5.620957950016732,1.329003431658335,4.70022940118884,134.35165306214552,False,0.0,0,1.0,True,e304610c82b5d8649d9cb8191e689ef1,6
ERY,2J0D,op_boltz2_ss,r18s0,18,0.2768421052631579,5.620957950016732,1.329003431658335,4.70022940118884,134.35165306214552,False,0.0,0,1.0,True,e304610c82b5d8649d9cb8191e689ef1,6
ERY,2J0D,op_boltz2_ss,r19s0,19,0.2768421052631579,5.620957950016732,1.329003431658335,4.70022940118884,134.35165306214552,False,0.0,0,1.0,True,e304610c82b5d8649d9cb8191e689ef1,6
ERY,2J0D,op_boltz2_ss,r1s0,1,0.30105263157894735,5.60414053708658,1.3313769537295197,4.695184804520478,135.56833120665638,False,0.0,0,1.0,True,574ba9256e0759eaf8c792b63ae66e71,6
ERY,2J0D,op_boltz2_ss,r20s0,20,0.2768421052631579,5.620957950016732,1.329003431658335,4.70022940118884,134.35165306214552,False,0.0,0,1.0,True,e304610c82b5d8649d9cb8191e689ef1,6
ERY,2J0D,op_boltz2_ss,r21s0,21,0.2768421052631579,5.620957950016732,1.329003431658335,4.70022940118884,134.35165306214552,False,0.0,0,1.0,True,e304610c82b5d8649d9cb8191e689ef1,6
ERY,2J0D,op_boltz2_ss,r22s0,22,0.2768421052631579,5.620957950016732,1.329003431658335,4.70022940118884,134.35165306214552,False,0.0,0,1.0,True,e304610c82b5d8649d9cb8191e689ef1,6
ERY,2J0D,op_boltz2_ss,r23s0,23,0.2768421052631579,5.620957950016732,1.329003431658335,4.70022940118884,134.35165306214552,False,0.0,0,1.0,True,e304610c82b5d8649d9cb8191e689ef1,6
ERY,2J0D,op_boltz2_ss,r24s0,24,0.2768421052631579,5.620957950016732,1.329003431658335,4.70022940118884,134.35165306214552,False,0.0,0,1.0,True,e304610c82b5d8649d9cb8191e689ef1,6
ERY,2J0D,op_boltz2_ss,r25s0,25,0.2768421052631579,5.620957950016732,1.329003431658335,4.70022940118884,134.35165306214552,False,0.0,0,1.0,True,e304610c82b5d8649d9cb8191e689ef1,6
ERY,2J0D,op_boltz2_ss,r26s0,26,0.2768421052631579,5.620957950016732,1.329003431658335,4.70022940118884,134.35165306214552,False,0.0,0,1.0,True,e304610c82b5d8649d9cb8191e689ef1,6
ERY,2J0D,op_boltz2_ss,r27s0,27,0.2768421052631579,5.620957950016732,1.329003431658335,4.70022940118884,134.35165306214552,False,0.0,0,1.0,True,e304610c82b5d8649d9cb8191e689ef1,6
ERY,2J0D,op_boltz2_ss,r28s0,28,0.2768421052631579,5.620957950016732,1.329003431658335,4.70022940118884,134.35165306214552,False,0.0,0,1.0,True,e304610c82b5d8649d9cb8191e689ef1,6
ERY,2J0D,op_boltz2_ss,r29s0,29,0.2768421052631579,5.620957950016732,1.329003431658335,4.70022940118884,134.35165306214552,False,0.0,0,1.0,True,e304610c82b5d8649d9cb8191e689ef1,6
ERY,2J0D,op_boltz2_ss,r2s0,2,0.0,27.965451398968224,21.8872183048167,25.151120996047073,104.81321490086356,False,0.11764705882352941,0,1.0,True,26914c888e8d496d7c620527fd45b9e3,6
ERY,2J0D,op_boltz2_ss,r3s0,3,0.0,27.965451398968224,21.8872183048167,25.151120996047073,104.81321490086356,False,0.11764705882352941,0,1.0,True,26914c888e8d496d7c620527fd45b9e3,6
ERY,2J0D,op_boltz2_ss,r4s0,4,0.0,27.965451398968224,21.8872183048167,25.151120996047073,104.81321490086356,False,0.11764705882352941,0,1.0,True,26914c888e8d496d7c620527fd45b9e3,6
ERY,2J0D,op_boltz2_ss,r5s0,5,0.27842105263157896,5.809936958070092,1.3408567809124519,5.088713590230836,133.19024544627248,False,0.0,0,1.0,True,a9c2f443d3b1000801fc58b3189bdbb1,6
ERY,2J0D,op_boltz2_ss,r6s0,6,0.6205263157894737,4.163414266854632,0.9122517398995199,3.6714542743850154,177.13814323304481,False,0.0,0,1.0,True,9254085ab5de3462360077a8db3465c3,6
ERY,2J0D,op_boltz2_ss,r7s0,7,0.6205263157894737,4.163414266854632,0.9122517398995199,3.6714542743850154,177.13814323304481,False,0.0,0,1.0,True,9254085ab5de3462360077a8db3465c3,6
ERY,2J0D,op_boltz2_ss,r8s0,8,0.2863157894736842,5.658424515250188,1.3973758651516643,4.868710057314976,143.81483510311799,False,0.0,0,1.0,True,51c21bf5de299b3ffb742a35c10f6f49,6
ERY,2J0D,op_boltz2_ss,r9s0,9,0.2863157894736842,5.658424515250188,1.3973758651516643,4.868710057314976,143.81483510311799,False,0.0,0,1.0,True,51c21bf5de299b3ffb742a35c10f6f49,6
08Y,3UA1,op_boltz2_ss,r0s0,0,0.7138403990024937,2.5339818473387377,1.1567068426679057,4.686934295368349,154.26006567589698,False,0.0,0,1.0,True,aba13d52cb3627bc2aa51dd818c05106,8
08Y,3UA1,op_boltz2_ss,r10s0,10,0.6384039900249376,3.499564112658477,1.0815712724564168,4.375213916655961,176.83453504692076,False,0.0,0,1.0,True,93354032fde9f608cf0c753e6f452489,8
08Y,3UA1,op_boltz2_ss,r11s0,11,0.6384039900249376,3.499564112658477,1.0815712724564168,4.375213916655961,176.83453504692076,False,0.0,0,1.0,True,93354032fde9f608cf0c753e6f452489,8
08Y,3UA1,op_boltz2_ss,r12s0,12,0.6324812967581047,2.636315223381441,1.3509435165710275,4.7760084390000825,157.93574796953598,False,0.0,0,1.0,True,eda41c1cebe94b99844c12e60d116222,8
08Y,3UA1,op_boltz2_ss,r13s0,13,0.6200124688279302,2.6410795828807014,1.3586836957637418,4.623335092116945,159.52675078720526,False,0.0,0,1.0,True,03897ab9dc2ee05a2f2cebc63245ad08,8
08Y,3UA1,op_boltz2_ss,r14s0,14,0.6109725685785536,2.5897603096852237,1.4129919920596863,4.70929016551327,156.0811534394452,False,0.0,0,1.0,True,42401292cf394f783ad8c7877be97fa0,8
08Y,3UA1,op_boltz2_ss,r15s0,15,0.6870324189526185,2.643032927419192,1.1968726778494119,4.569319955638914,158.2893448508497,False,0.0,0,1.0,True,f9335594263da8a7d74decedcdf16435,8
08Y,3UA1,op_boltz2_ss,r16s0,16,0.6870324189526185,2.643032927419192,1.1968726778494119,4.569319955638914,158.2893448508497,False,0.0,0,1.0,True,f9335594263da8a7d74decedcdf16435,8
08Y,3UA1,op_boltz2_ss,r17s0,17,0.6870324189526185,2.643032927419192,1.1968726778494119,4.569319955638914,158.2893448508497,False,0.0,0,1.0,True,f9335594263da8a7d74decedcdf16435,8
08Y,3UA1,op_boltz2_ss,r18s0,18,0.6870324189526185,2.643032927419192,1.1968726778494119,4.569319955638914,158.2893448508497,False,0.0,0,1.0,True,f9335594263da8a7d74decedcdf16435,8
08Y,3UA1,op_boltz2_ss,r19s0,19,0.6870324189526185,2.643032927419192,1.1968726778494119,4.569319955638914,158.2893448508497,False,0.0,0,1.0,True,f9335594263da8a7d74decedcdf16435,8
08Y,3UA1,op_boltz2_ss,r1s0,1,0.5720074812967582,2.8099559950686133,1.4225483958598466,5.184285405010029,155.07748161199203,False,0.0,0,1.0,True,30d64b077c949efa6f183b992a558b41,8
08Y,3UA1,op_boltz2_ss,r20s0,20,0.6870324189526185,2.643032927419192,1.1968726778494119,4.569319955638914,158.2893448508497,False,0.0,0,1.0,True,f9335594263da8a7d74decedcdf16435,8
08Y,3UA1,op_boltz2_ss,r21s0,21,0.6870324189526185,2.643032927419192,1.1968726778494119,4.569319955638914,158.2893448508497,False,0.0,0,1.0,True,f9335594263da8a7d74decedcdf16435,8
08Y,3UA1,op_boltz2_ss,r22s0,22,0.6870324189526185,2.643032927419192,1.1968726778494119,4.569319955638914,158.2893448508497,False,0.0,0,1.0,True,f9335594263da8a7d74decedcdf16435,8
08Y,3UA1,op_boltz2_ss,r23s0,23,0.6870324189526185,2.643032927419192,1.1968726778494119,4.569319955638914,158.2893448508497,False,0.0,0,1.0,True,f9335594263da8a7d74decedcdf16435,8
08Y,3UA1,op_boltz2_ss,r24s0,24,0.6870324189526185,2.643032927419192,1.1968726778494119,4.569319955638914,158.2893448508497,False,0.0,0,1.0,True,f9335594263da8a7d74decedcdf16435,8
08Y,3UA1,op_boltz2_ss,r25s0,25,0.6870324189526185,2.643032927419192,1.1968726778494119,4.569319955638914,158.2893448508497,False,0.0,0,1.0,True,f9335594263da8a7d74decedcdf16435,8
08Y,3UA1,op_boltz2_ss,r26s0,26,0.6870324189526185,2.643032927419192,1.1968726778494119,4.569319955638914,158.2893448508497,False,0.0,0,1.0,True,f9335594263da8a7d74decedcdf16435,8
08Y,3UA1,op_boltz2_ss,r27s0,27,0.6870324189526185,2.643032927419192,1.1968726778494119,4.569319955638914,158.2893448508497,False,0.0,0,1.0,True,f9335594263da8a7d74decedcdf16435,8
08Y,3UA1,op_boltz2_ss,r28s0,28,0.6870324189526185,2.643032927419192,1.1968726778494119,4.569319955638914,158.2893448508497,False,0.0,0,1.0,True,f9335594263da8a7d74decedcdf16435,8
08Y,3UA1,op_boltz2_ss,r29s0,29,0.6870324189526185,2.643032927419192,1.1968726778494119,4.569319955638914,158.2893448508497,False,0.0,0,1.0,True,f9335594263da8a7d74decedcdf16435,8
08Y,3UA1,op_boltz2_ss,r2s0,2,0.7540523690773068,1.7607081879123934,1.3360547099365125,4.540955867865267,163.4329654640903,False,0.0,0,1.0,True,d58e3060488ec5052cfd592774c08436,8
08Y,3UA1,op_boltz2_ss,r3s0,3,0.7540523690773068,1.7607081879123934,1.3360547099365125,4.540955867865267,163.4329654640903,False,0.0,0,1.0,True,d58e3060488ec5052cfd592774c08436,8
08Y,3UA1,op_boltz2_ss,r4s0,4,0.7540523690773068,1.7607081879123934,1.3360547099365125,4.540955867865267,163.4329654640903,False,0.0,0,1.0,True,d58e3060488ec5052cfd592774c08436,8
08Y,3UA1,op_boltz2_ss,r5s0,5,0.5670199501246883,3.4600187558694664,1.4128060241720997,5.6923787072980305,152.4563706623684,False,0.0,0,1.0,True,cd51e00074a6936a5ffcfbb7945da6c5,8
08Y,3UA1,op_boltz2_ss,r6s0,6,0.6555486284289276,3.536219780276448,1.0382039398096872,5.030914528005818,175.63489551030665,False,0.0,0,1.0,True,04e53e939860f24a01e07813bc6a45e7,8
08Y,3UA1,op_boltz2_ss,r7s0,7,0.6555486284289276,3.536219780276448,1.0382039398096872,5.030914528005818,175.63489551030665,False,0.0,0,1.0,True,04e53e939860f24a01e07813bc6a45e7,8
08Y,3UA1,op_boltz2_ss,r8s0,8,0.6309226932668329,2.707529308962598,1.3671150544832429,4.632808148682611,158.49647954823146,False,0.0,0,1.0,True,d7a852ff18b5c5f6c7e89e69306c0230,8
08Y,3UA1,op_boltz2_ss,r9s0,9,0.5910224438902743,3.5853388688285945,1.1104090320178095,4.263257842143728,173.3933120253651,False,0.0,0,1.0,True,f4d13a63e4acb349514bad830998ffde,8
D0R,3TJS,op_boltz2_ss,r0s0,0,0.2461453744493392,6.200802815903316,1.572395052209644,6.718850520892691,155.27419587168782,False,0.0,0,1.0,True,596982870bb7d5f62f47a0f6bdb91b26,6
D0R,3TJS,op_boltz2_ss,r10s0,10,0.26156387665198233,7.082169646881802,1.8160093636849488,4.462332072874004,153.14098506752552,False,0.0,0,1.0,True,6f3f7051a67da83b9f814a8dbf1aa7b8,6
D0R,3TJS,op_boltz2_ss,r11s0,11,0.26156387665198233,7.082169646881802,1.8160093636849488,4.462332072874004,153.14098506752552,False,0.0,0,1.0,True,6f3f7051a67da83b9f814a8dbf1aa7b8,6
D0R,3TJS,op_boltz2_ss,r12s0,12,0.5743392070484581,3.063234728160799,1.4986403982233334,2.1372458391350304,170.01885229835977,True,0.0,0,1.0,True,d9a7d1e7d7ce877275ab590ba370cf18,6
D0R,3TJS,op_boltz2_ss,r13s0,13,0.5407488986784141,3.721604267668075,1.5671999280029763,2.1668608829825695,163.71933728740646,True,0.0,0,1.0,True,f3f01e05c4f30e0e14447fec157fdbd4,6
D0R,3TJS,op_boltz2_ss,r14s0,14,0.20925110132158592,6.368609636457307,1.6684268686974242,8.071327367236444,152.26338231576443,False,0.0,0,1.0,True,f8b290730d5ac4d9c37e505e8e5b1677,6
D0R,3TJS,op_boltz2_ss,r15s0,15,0.22522026431718062,6.401903491520665,1.722975261933782,8.267378582918528,148.92526059849507,False,0.0,0,1.0,True,efaa8d2458bcfa244c0fa5d32b4adc6b,6
D0R,3TJS,op_boltz2_ss,r16s0,16,0.22522026431718062,6.401903491520665,1.722975261933782,8.267378582918528,148.92526059849507,False,0.0,0,1.0,True,efaa8d2458bcfa244c0fa5d32b4adc6b,6
D0R,3TJS,op_boltz2_ss,r17s0,17,0.22522026431718062,6.401903491520665,1.722975261933782,8.267378582918528,148.92526059849507,False,0.0,0,1.0,True,efaa8d2458bcfa244c0fa5d32b4adc6b,6
D0R,3TJS,op_boltz2_ss,r18s0,18,0.22522026431718062,6.401903491520665,1.722975261933782,8.267378582918528,148.92526059849507,False,0.0,0,1.0,True,efaa8d2458bcfa244c0fa5d32b4adc6b,6
D0R,3TJS,op_boltz2_ss,r19s0,19,0.22522026431718062,6.401903491520665,1.722975261933782,8.267378582918528,148.92526059849507,False,0.0,0,1.0,True,efaa8d2458bcfa244c0fa5d32b4adc6b,6
D0R,3TJS,op_boltz2_ss,r1s0,1,0.2461453744493392,6.200802815903316,1.572395052209644,6.718850520892691,155.27419587168782,False,0.0,0,1.0,True,596982870bb7d5f62f47a0f6bdb91b26,6
D0R,3TJS,op_boltz2_ss,r20s0,20,0.22522026431718062,6.401903491520665,1.722975261933782,8.267378582918528,148.92526059849507,False,0.0,0,1.0,True,efaa8d2458bcfa244c0fa5d32b4adc6b,6
D0R,3TJS,op_boltz2_ss,r21s0,21,0.22522026431718062,6.401903491520665,1.722975261933782,8.267378582918528,148.92526059849507,False,0.0,0,1.0,True,efaa8d2458bcfa244c0fa5d32b4adc6b,6
D0R,3TJS,op_boltz2_ss,r22s0,22,0.22522026431718062,6.401903491520665,1.722975261933782,8.267378582918528,148.92526059849507,False,0.0,0,1.0,True,efaa8d2458bcfa244c0fa5d32b4adc6b,6
D0R,3TJS,op_boltz2_ss,r23s0,23,0.22522026431718062,6.401903491520665,1.722975261933782,8.267378582918528,148.92526059849507,False,0.0,0,1.0,True,efaa8d2458bcfa244c0fa5d32b4adc6b,6
D0R,3TJS,op_boltz2_ss,r24s0,24,0.22522026431718062,6.401903491520665,1.722975261933782,8.267378582918528,148.92526059849507,False,0.0,0,1.0,True,efaa8d2458bcfa244c0fa5d32b4adc6b,6
D0R,3TJS,op_boltz2_ss,r25s0,25,0.22522026431718062,6.401903491520665,1.722975261933782,8.267378582918528,148.92526059849507,False,0.0,0,1.0,True,efaa8d2458bcfa244c0fa5d32b4adc6b,6
D0R,3TJS,op_boltz2_ss,r26s0,26,0.22522026431718062,6.401903491520665,1.722975261933782,8.267378582918528,148.92526059849507,False,0.0,0,1.0,True,efaa8d2458bcfa244c0fa5d32b4adc6b,6
D0R,3TJS,op_boltz2_ss,r27s0,27,0.22522026431718062,6.401903491520665,1.722975261933782,8.267378582918528,148.92526059849507,False,0.0,0,1.0,True,efaa8d2458bcfa244c0fa5d32b4adc6b,6
D0R,3TJS,op_boltz2_ss,r28s0,28,0.22522026431718062,6.401903491520665,1.722975261933782,8.267378582918528,148.92526059849507,False,0.0,0,1.0,True,efaa8d2458bcfa244c0fa5d32b4adc6b,6
D0R,3TJS,op_boltz2_ss,r29s0,29,0.22522026431718062,6.401903491520665,1.722975261933782,8.267378582918528,148.92526059849507,False,0.0,0,1.0,True,efaa8d2458bcfa244c0fa5d32b4adc6b,6
D0R,3TJS,op_boltz2_ss,r2s0,2,0.6497797356828194,2.7748953233785025,1.666471353853966,2.1775533362009756,166.7482223485001,True,0.0,0,1.0,True,350812ef263dd03ba72d2b4feb287063,6
D0R,3TJS,op_boltz2_ss,r3s0,3,0.6497797356828194,2.7748953233785025,1.666471353853966,2.1775533362009756,166.7482223485001,True,0.0,0,1.0,True,350812ef263dd03ba72d2b4feb287063,6
D0R,3TJS,op_boltz2_ss,r4s0,4,0.6497797356828194,2.7748953233785025,1.666471353853966,2.1775533362009756,166.7482223485001,True,0.0,0,1.0,True,350812ef263dd03ba72d2b4feb287063,6
D0R,3TJS,op_boltz2_ss,r5s0,5,0.3116740088105727,5.521862413472699,1.5746571290203886,7.312191756081073,168.3776938411526,False,0.0,0,1.0,True,63b62e8b40a22ceed7665b8b08df9220,6
D0R,3TJS,op_boltz2_ss,r6s0,6,0.29790748898678415,5.000895603042699,1.7200148559685948,2.1758694556889204,159.28519364838004,True,0.0,0,1.0,True,d34ddd8c22cb4da48fdb97af8a6b7c0a,6
D0R,3TJS,op_boltz2_ss,r7s0,7,0.6233480176211454,3.043639846787443,1.4056825772776989,2.512992338328949,158.1855366282437,True,0.0,0,1.0,True,01534e325e1e861e09f0f34dc8029198,6
D0R,3TJS,op_boltz2_ss,r8s0,8,0.5991189427312775,3.3693776062290484,1.5282157175351705,2.0684204948220755,162.16214855401972,True,0.0,0,1.0,True,e531a60a325d23c2e43fec47b35bfae1,6
D0R,3TJS,op_boltz2_ss,r9s0,9,0.25165198237885467,6.4201673106394805,1.6672074533989791,8.100361807487365,140.09883779090796,False,0.0,0,1.0,True,7e8ff36ca8304f39e6861bfea936327b,6
08J,5TE8,op_boltz2_ss,r0s0,0,0.20429362880886426,4.491572118249024,1.7019589404097664,2.5636924130051173,173.3334613773663,False,0.0,0,1.0,True,e62e90fbe4341dfadf424a73c97bf735,8
08J,5TE8,op_boltz2_ss,r10s0,10,0.27354570637119113,4.138253623912951,2.0774383464903323,3.6549154700211606,153.41750541556308,False,0.0,0,1.0,True,ae5757d04d8f853cfe1f8a7a47e2f987,8
08J,5TE8,op_boltz2_ss,r11s0,11,0.27354570637119113,4.138253623912951,2.0774383464903323,3.6549154700211606,153.41750541556308,False,0.0,0,1.0,True,ae5757d04d8f853cfe1f8a7a47e2f987,8
08J,5TE8,op_boltz2_ss,r12s0,12,0.2299168975069252,4.130832364456729,1.7496114380695331,2.607622855936034,170.60190286309563,False,0.0,0,1.0,True,45ff64608fdfdf1445d6e7000de98645,8
08J,5TE8,op_boltz2_ss,r13s0,13,0.2299168975069252,4.130832364456729,1.7496114380695331,2.607622855936034,170.60190286309563,False,0.0,0,1.0,True,45ff64608fdfdf1445d6e7000de98645,8
08J,5TE8,op_boltz2_ss,r14s0,14,0.47645429362880887,1.789585321381266,1.8170642472643412,5.352026088258539,145.47177127508758,False,0.0,0,1.0,True,a6cfcd1eb1a496de6c94c9f05631da3c,8
08J,5TE8,op_boltz2_ss,r15s0,15,0.47645429362880887,1.789585321381266,1.8170642472643412,5.352026088258539,145.47177127508758,False,0.0,0,1.0,True,a6cfcd1eb1a496de6c94c9f05631da3c,8
08J,5TE8,op_boltz2_ss,r16s0,16,0.47645429362880887,1.789585321381266,1.8170642472643412,5.352026088258539,145.47177127508758,False,0.0,0,1.0,True,a6cfcd1eb1a496de6c94c9f05631da3c,8
08J,5TE8,op_boltz2_ss,r17s0,17,0.47645429362880887,1.789585321381266,1.8170642472643412,5.352026088258539,145.47177127508758,False,0.0,0,1.0,True,a6cfcd1eb1a496de6c94c9f05631da3c,8
08J,5TE8,op_boltz2_ss,r18s0,18,0.47645429362880887,1.789585321381266,1.8170642472643412,5.352026088258539,145.47177127508758,False,0.0,0,1.0,True,a6cfcd1eb1a496de6c94c9f05631da3c,8
08J,5TE8,op_boltz2_ss,r19s0,19,0.47645429362880887,1.789585321381266,1.8170642472643412,5.352026088258539,145.47177127508758,False,0.0,0,1.0,True,a6cfcd1eb1a496de6c94c9f05631da3c,8
08J,5TE8,op_boltz2_ss,r1s0,1,0.23614958448753465,4.054475941806839,1.694347782294666,2.927655937725606,161.59207588919594,False,0.0,0,1.0,True,323f831f81e5eba7b14aada63653a08e,8
08J,5TE8,op_boltz2_ss,r20s0,20,0.47645429362880887,1.789585321381266,1.8170642472643412,5.352026088258539,145.47177127508758,False,0.0,0,1.0,True,a6cfcd1eb1a496de6c94c9f05631da3c,8
08J,5TE8,op_boltz2_ss,r21s0,21,0.47645429362880887,1.789585321381266,1.8170642472643412,5.352026088258539,145.47177127508758,False,0.0,0,1.0,True,a6cfcd1eb1a496de6c94c9f05631da3c,8
08J,5TE8,op_boltz2_ss,r22s0,22,0.47645429362880887,1.789585321381266,1.8170642472643412,5.352026088258539,145.47177127508758,False,0.0,0,1.0,True,a6cfcd1eb1a496de6c94c9f05631da3c,8
08J,5TE8,op_boltz2_ss,r23s0,23,0.47645429362880887,1.789585321381266,1.8170642472643412,5.352026088258539,145.47177127508758,False,0.0,0,1.0,True,a6cfcd1eb1a496de6c94c9f05631da3c,8
08J,5TE8,op_boltz2_ss,r24s0,24,0.47645429362880887,1.789585321381266,1.8170642472643412,5.352026088258539,145.47177127508758,False,0.0,0,1.0,True,a6cfcd1eb1a496de6c94c9f05631da3c,8
08J,5TE8,op_boltz2_ss,r25s0,25,0.47645429362880887,1.789585321381266,1.8170642472643412,5.352026088258539,145.47177127508758,False,0.0,0,1.0,True,a6cfcd1eb1a496de6c94c9f05631da3c,8
08J,5TE8,op_boltz2_ss,r26s0,26,0.47645429362880887,1.789585321381266,1.8170642472643412,5.352026088258539,145.47177127508758,False,0.0,0,1.0,True,a6cfcd1eb1a496de6c94c9f05631da3c,8
08J,5TE8,op_boltz2_ss,r27s0,27,0.47645429362880887,1.789585321381266,1.8170642472643412,5.352026088258539,145.47177127508758,False,0.0,0,1.0,True,a6cfcd1eb1a496de6c94c9f05631da3c,8
08J,5TE8,op_boltz2_ss,r28s0,28,0.47645429362880887,1.789585321381266,1.8170642472643412,5.352026088258539,145.47177127508758,False,0.0,0,1.0,True,a6cfcd1eb1a496de6c94c9f05631da3c,8
08J,5TE8,op_boltz2_ss,r29s0,29,0.47645429362880887,1.789585321381266,1.8170642472643412,5.352026088258539,145.47177127508758,False,0.0,0,1.0,True,a6cfcd1eb1a496de6c94c9f05631da3c,8
08J,5TE8,op_boltz2_ss,r2s0,2,0.21537396121883656,4.340818596772786,1.7332125559972995,4.05703420648631,141.88188318113203,False,0.0,0,1.0,True,f74942e4be0b3758c65025a9f97fd11a,8
08J,5TE8,op_boltz2_ss,r3s0,3,0.21537396121883656,4.340818596772786,1.7332125559972995,4.05703420648631,141.88188318113203,False,0.0,0,1.0,True,f74942e4be0b3758c65025a9f97fd11a,8
08J,5TE8,op_boltz2_ss,r4s0,4,0.21537396121883656,4.340818596772786,1.7332125559972995,4.05703420648631,141.88188318113203,False,0.0,0,1.0,True,f74942e4be0b3758c65025a9f97fd11a,8
08J,5TE8,op_boltz2_ss,r5s0,5,0.2257617728531856,4.185091280313768,1.7312183782204666,3.886649432634747,146.77122818393434,False,0.0,0,1.0,True,83914b4edb74333b4ca92ad816683370,8
08J,5TE8,op_boltz2_ss,r6s0,6,0.48545706371191133,1.6243129554668418,1.8197948815162692,5.426680854997832,145.14984740183436,False,0.0,0,1.0,True,f720f822d9d7f01996a55e2e268caf6c,8
08J,5TE8,op_boltz2_ss,r7s0,7,0.20221606648199447,4.758102228568345,1.6436726878722896,2.7090676758250245,170.40561697884772,False,0.0,0,1.0,True,5fe30bf4873aaf0731aba5d2a7c10ccf,8
08J,5TE8,op_boltz2_ss,r8s0,8,0.20221606648199447,4.758102228568345,1.6436726878722896,2.7090676758250245,170.40561697884772,False,0.0,0,1.0,True,5fe30bf4873aaf0731aba5d2a7c10ccf,8
08J,5TE8,op_boltz2_ss,r9s0,9,0.24722991689750692,4.191391957660027,1.9484292141551416,3.327197219913481,163.60504802383227,False,0.0,0,1.0,True,d9a54261f1873dbbee09d15013a80c6f,8
TCI,9PLJ,op_boltz2_ss,r0s0,0,0.39388489208633093,5.095781089979243,1.5218194848085955,5.795510589309625,140.71444900868173,False,0.0,0,1.0,True,4093cbd0d5e83c0dc673d42b9bfc7d08,6
TCI,9PLJ,op_boltz2_ss,r10s0,10,0.39868105515587526,5.2366274008838705,1.4262246446566131,5.8753812612119045,142.25389562800171,False,0.0,0,1.0,True,5b79fb9eeaf33e5d8fa779aa32d3f49f,6
TCI,9PLJ,op_boltz2_ss,r11s0,11,0.39868105515587526,5.2366274008838705,1.4262246446566131,5.8753812612119045,142.25389562800171,False,0.0,0,1.0,True,5b79fb9eeaf33e5d8fa779aa32d3f49f,6
TCI,9PLJ,op_boltz2_ss,r12s0,12,0.3723021582733813,5.5321990168217745,1.3820693424998372,5.964679551132651,142.80775298372146,False,0.0,0,1.0,True,ff36b2ecacfba0400e46d8c6cccd9314,6
TCI,9PLJ,op_boltz2_ss,r13s0,13,0.3669064748201439,5.33914443801022,1.4420139677646648,5.946366874462086,142.81578390384698,False,0.0,0,1.0,True,b0af1b91bf74c448031ff0f13e64b7ea,6
TCI,9PLJ,op_boltz2_ss,r14s0,14,0.3776978417266187,5.501765593294816,1.3301765462331596,5.96286304146758,143.13836418820762,False,0.0,0,1.0,True,d4333d7f6d346e520449ca16d0a3cd15,6
TCI,9PLJ,op_boltz2_ss,r15s0,15,0.3495203836930456,5.853416933119851,1.2594999593602239,5.809172585816331,142.1110338890295,False,0.0,0,1.0,True,6b07505447ca61a9a63a858249ac8f12,6
TCI,9PLJ,op_boltz2_ss,r16s0,16,0.3495203836930456,5.853416933119851,1.2594999593602239,5.809172585816331,142.1110338890295,False,0.0,0,1.0,True,6b07505447ca61a9a63a858249ac8f12,6
TCI,9PLJ,op_boltz2_ss,r17s0,17,0.3495203836930456,5.853416933119851,1.2594999593602239,5.809172585816331,142.1110338890295,False,0.0,0,1.0,True,6b07505447ca61a9a63a858249ac8f12,6
TCI,9PLJ,op_boltz2_ss,r18s0,18,0.3495203836930456,5.853416933119851,1.2594999593602239,5.809172585816331,142.1110338890295,False,0.0,0,1.0,True,6b07505447ca61a9a63a858249ac8f12,6
TCI,9PLJ,op_boltz2_ss,r19s0,19,0.3495203836930456,5.853416933119851,1.2594999593602239,5.809172585816331,142.1110338890295,False,0.0,0,1.0,True,6b07505447ca61a9a63a858249ac8f12,6
TCI,9PLJ,op_boltz2_ss,r1s0,1,0.37889688249400477,5.587622417142187,1.382270171840503,5.498582191747251,143.29969414900137,False,0.0,0,1.0,True,a149da8921a66bebe4dc4afdcb8d9844,6
TCI,9PLJ,op_boltz2_ss,r20s0,20,0.3495203836930456,5.853416933119851,1.2594999593602239,5.809172585816331,142.1110338890295,False,0.0,0,1.0,True,6b07505447ca61a9a63a858249ac8f12,6
TCI,9PLJ,op_boltz2_ss,r21s0,21,0.3495203836930456,5.853416933119851,1.2594999593602239,5.809172585816331,142.1110338890295,False,0.0,0,1.0,True,6b07505447ca61a9a63a858249ac8f12,6
TCI,9PLJ,op_boltz2_ss,r22s0,22,0.3495203836930456,5.853416933119851,1.2594999593602239,5.809172585816331,142.1110338890295,False,0.0,0,1.0,True,6b07505447ca61a9a63a858249ac8f12,6
TCI,9PLJ,op_boltz2_ss,r23s0,23,0.3495203836930456,5.853416933119851,1.2594999593602239,5.809172585816331,142.1110338890295,False,0.0,0,1.0,True,6b07505447ca61a9a63a858249ac8f12,6
TCI,9PLJ,op_boltz2_ss,r24s0,24,0.3495203836930456,5.853416933119851,1.2594999593602239,5.809172585816331,142.1110338890295,False,0.0,0,1.0,True,6b07505447ca61a9a63a858249ac8f12,6
TCI,9PLJ,op_boltz2_ss,r25s0,25,0.3495203836930456,5.853416933119851,1.2594999593602239,5.809172585816331,142.1110338890295,False,0.0,0,1.0,True,6b07505447ca61a9a63a858249ac8f12,6
TCI,9PLJ,op_boltz2_ss,r26s0,26,0.3495203836930456,5.853416933119851,1.2594999593602239,5.809172585816331,142.1110338890295,False,0.0,0,1.0,True,6b07505447ca61a9a63a858249ac8f12,6
TCI,9PLJ,op_boltz2_ss,r27s0,27,0.3495203836930456,5.853416933119851,1.2594999593602239,5.809172585816331,142.1110338890295,False,0.0,0,1.0,True,6b07505447ca61a9a63a858249ac8f12,6
TCI,9PLJ,op_boltz2_ss,r28s0,28,0.3495203836930456,5.853416933119851,1.2594999593602239,5.809172585816331,142.1110338890295,False,0.0,0,1.0,True,6b07505447ca61a9a63a858249ac8f12,6
TCI,9PLJ,op_boltz2_ss,r29s0,29,0.3495203836930456,5.853416933119851,1.2594999593602239,5.809172585816331,142.1110338890295,False,0.0,0,1.0,True,6b07505447ca61a9a63a858249ac8f12,6
TCI,9PLJ,op_boltz2_ss,r2s0,2,0.37889688249400477,5.587622417142187,1.382270171840503,5.498582191747251,143.29969414900137,False,0.0,0,1.0,True,a149da8921a66bebe4dc4afdcb8d9844,6
TCI,9PLJ,op_boltz2_ss,r3s0,3,0.39388489208633093,5.095781089979243,1.5218194848085955,5.795510589309625,140.71444900868173,False,0.0,0,1.0,True,4093cbd0d5e83c0dc673d42b9bfc7d08,6
TCI,9PLJ,op_boltz2_ss,r4s0,4,0.39388489208633093,5.095781089979243,1.5218194848085955,5.795510589309625,140.71444900868173,False,0.0,0,1.0,True,4093cbd0d5e83c0dc673d42b9bfc7d08,6
TCI,9PLJ,op_boltz2_ss,r5s0,5,0.35071942446043164,5.127441487938632,1.5266606549465493,6.007056518112677,142.22287643898696,False,0.0,0,1.0,True,bbd9a955c998936b4e8ef25826585209,6
TCI,9PLJ,op_boltz2_ss,r6s0,6,0.3489208633093525,5.704745612827179,1.3768999666607566,5.864095331404496,144.6564372456355,False,0.0,0,1.0,True,572ddede16a4a09adfa5ed49f5dd98b9,6
TCI,9PLJ,op_boltz2_ss,r7s0,7,0.35731414868105515,5.272331478093106,1.4766588908285432,5.688223339927855,142.43885316533562,False,0.0,0,1.0,True,9f32358540b3d8afbdb4036d14960c2a,6
TCI,9PLJ,op_boltz2_ss,r8s0,8,0.35731414868105515,5.272331478093106,1.4766588908285432,5.688223339927855,142.43885316533562,False,0.0,0,1.0,True,9f32358540b3d8afbdb4036d14960c2a,6
TCI,9PLJ,op_boltz2_ss,r9s0,9,0.37110311750599523,4.965801883341025,1.5526660730870088,5.488708482575842,140.83997035855262,False,0.0,0,1.0,True,052559a6d345c0da4531344588a5c7e1,6
MWY,6OOA,op_boltz2_ss,r0s0,0,0.39577464788732397,6.404733272556984,1.625515822294913,4.881852109609631,139.63613651770174,False,0.0,0,1.0,True,71112eea02233305b4d469c6a0622cba,7
MWY,6OOA,op_boltz2_ss,r10s0,10,0.26267605633802815,6.420457541756655,1.9616797958461107,2.3319857374563853,159.9840456048324,True,0.0,0,1.0,True,56d362dbe407daa39f0bf0c29b6b2355,7
MWY,6OOA,op_boltz2_ss,r11s0,11,0.26267605633802815,6.420457541756655,1.9616797958461107,2.3319857374563853,159.9840456048324,True,0.0,0,1.0,True,56d362dbe407daa39f0bf0c29b6b2355,7
MWY,6OOA,op_boltz2_ss,r12s0,12,0.3809859154929578,6.497222950819105,1.5854221277799414,5.271427236043385,132.37236108238423,False,0.0,0,1.0,True,8fe65bf5d3a379f43d9d4fd0a02d93da,7
MWY,6OOA,op_boltz2_ss,r13s0,13,0.3809859154929578,6.497222950819105,1.5854221277799414,5.271427236043385,132.37236108238423,False,0.0,0,1.0,True,8fe65bf5d3a379f43d9d4fd0a02d93da,7
MWY,6OOA,op_boltz2_ss,r14s0,14,0.2894366197183098,6.05997493036976,1.8043922096210387,2.6319661412335837,163.66361390089395,False,0.0,0,1.0,True,9df7bf1f96efad1cbbb4981fff27d66a,7
MWY,6OOA,op_boltz2_ss,r15s0,15,0.3640845070422535,6.357543637617941,1.5760611229456127,4.800185331890843,136.17879573699165,False,0.0,0,1.0,True,a033c3df911f6772645a80576d1dec9a,7
MWY,6OOA,op_boltz2_ss,r16s0,16,0.3640845070422535,6.357543637617941,1.5760611229456127,4.800185331890843,136.17879573699165,False,0.0,0,1.0,True,a033c3df911f6772645a80576d1dec9a,7
MWY,6OOA,op_boltz2_ss,r17s0,17,0.3640845070422535,6.357543637617941,1.5760611229456127,4.800185331890843,136.17879573699165,False,0.0,0,1.0,True,a033c3df911f6772645a80576d1dec9a,7
MWY,6OOA,op_boltz2_ss,r18s0,18,0.3640845070422535,6.357543637617941,1.5760611229456127,4.800185331890843,136.17879573699165,False,0.0,0,1.0,True,a033c3df911f6772645a80576d1dec9a,7
MWY,6OOA,op_boltz2_ss,r19s0,19,0.3640845070422535,6.357543637617941,1.5760611229456127,4.800185331890843,136.17879573699165,False,0.0,0,1.0,True,a033c3df911f6772645a80576d1dec9a,7
MWY,6OOA,op_boltz2_ss,r1s0,1,0.41056338028169015,5.885029787491558,1.7236210679530959,4.9471343932118925,137.68915279811216,False,0.0,0,1.0,True,10a0505a321d2693e3a38139c5897e85,7
MWY,6OOA,op_boltz2_ss,r20s0,20,0.3640845070422535,6.357543637617941,1.5760611229456127,4.800185331890843,136.17879573699165,False,0.0,0,1.0,True,a033c3df911f6772645a80576d1dec9a,7
MWY,6OOA,op_boltz2_ss,r21s0,21,0.3640845070422535,6.357543637617941,1.5760611229456127,4.800185331890843,136.17879573699165,False,0.0,0,1.0,True,a033c3df911f6772645a80576d1dec9a,7
MWY,6OOA,op_boltz2_ss,r22s0,22,0.3640845070422535,6.357543637617941,1.5760611229456127,4.800185331890843,136.17879573699165,False,0.0,0,1.0,True,a033c3df911f6772645a80576d1dec9a,7
MWY,6OOA,op_boltz2_ss,r23s0,23,0.3640845070422535,6.357543637617941,1.5760611229456127,4.800185331890843,136.17879573699165,False,0.0,0,1.0,True,a033c3df911f6772645a80576d1dec9a,7
MWY,6OOA,op_boltz2_ss,r24s0,24,0.3640845070422535,6.357543637617941,1.5760611229456127,4.800185331890843,136.17879573699165,False,0.0,0,1.0,True,a033c3df911f6772645a80576d1dec9a,7
MWY,6OOA,op_boltz2_ss,r25s0,25,0.3640845070422535,6.357543637617941,1.5760611229456127,4.800185331890843,136.17879573699165,False,0.0,0,1.0,True,a033c3df911f6772645a80576d1dec9a,7
MWY,6OOA,op_boltz2_ss,r26s0,26,0.3640845070422535,6.357543637617941,1.5760611229456127,4.800185331890843,136.17879573699165,False,0.0,0,1.0,True,a033c3df911f6772645a80576d1dec9a,7
MWY,6OOA,op_boltz2_ss,r27s0,27,0.3640845070422535,6.357543637617941,1.5760611229456127,4.800185331890843,136.17879573699165,False,0.0,0,1.0,True,a033c3df911f6772645a80576d1dec9a,7
MWY,6OOA,op_boltz2_ss,r28s0,28,0.3640845070422535,6.357543637617941,1.5760611229456127,4.800185331890843,136.17879573699165,False,0.0,0,1.0,True,a033c3df911f6772645a80576d1dec9a,7
MWY,6OOA,op_boltz2_ss,r29s0,29,0.3640845070422535,6.357543637617941,1.5760611229456127,4.800185331890843,136.17879573699165,False,0.0,0,1.0,True,a033c3df911f6772645a80576d1dec9a,7
MWY,6OOA,op_boltz2_ss,r2s0,2,0.3492957746478873,6.492676544009878,1.6404685350473929,4.484795067480788,137.98379914727047,False,0.0,0,1.0,True,38b3f0e051a446596605651498599dbf,7
MWY,6OOA,op_boltz2_ss,r3s0,3,0.39577464788732397,6.404733272556984,1.625515822294913,4.881852109609631,139.63613651770174,False,0.0,0,1.0,True,71112eea02233305b4d469c6a0622cba,7
MWY,6OOA,op_boltz2_ss,r4s0,4,0.39577464788732397,6.404733272556984,1.625515822294913,4.881852109609631,139.63613651770174,False,0.0,0,1.0,True,71112eea02233305b4d469c6a0622cba,7
MWY,6OOA,op_boltz2_ss,r5s0,5,0.3873239436619718,6.291882103320074,1.6725104688385064,4.7886458580584135,137.53079842736827,False,0.0,0,1.0,True,a3d3a5d3753aeaa0178d5dfe49cf7358,7
MWY,6OOA,op_boltz2_ss,r6s0,6,0.37112676056338023,6.520545580084964,1.595635212495239,4.607013225995775,138.25357427137345,False,0.0,0,1.0,True,46c842bacd1aad3d8922213dc8ca6a7b,7
MWY,6OOA,op_boltz2_ss,r7s0,7,0.3866197183098592,6.132901388432743,1.6316162261308016,5.022086397932636,134.9146439695491,False,0.0,0,1.0,True,243123b699368b5d45f652850222769a,7
MWY,6OOA,op_boltz2_ss,r8s0,8,0.3866197183098592,6.132901388432743,1.6316162261308016,5.022086397932636,134.9146439695491,False,0.0,0,1.0,True,243123b699368b5d45f652850222769a,7
MWY,6OOA,op_boltz2_ss,r9s0,9,0.27746478873239433,6.285229977227174,1.963520170563303,2.1760677680164284,155.39572961870397,True,0.0,0,1.0,True,9c7c830f6555aea1834a0f0547b63d80,7
A1CIW,9PLK,op_boltz2_ss,r0s0,0,0.5601503759398496,3.1974434073282123,2.1506552495797178,3.5027458225512165,158.42060111313242,False,0.0,0,1.0,True,bb6fb1988f2c4828675144bc2ce2db1a,7
A1CIW,9PLK,op_boltz2_ss,r10s0,10,0.4078947368421052,5.960601230753234,1.683617238046941,5.7123956887281535,133.77421374642103,False,0.0,0,1.0,True,01bfdc9c7711cdd521fb2f1a09bd81b5,7
A1CIW,9PLK,op_boltz2_ss,r11s0,11,0.17982456140350878,6.489756238918062,1.42963205094522,3.9077363080049294,160.8192798235213,False,0.0,0,1.0,True,89805af00a511aa5f5c3c117262ca7f2,7
A1CIW,9PLK,op_boltz2_ss,r12s0,12,0.39348370927318294,5.682206756078418,1.6308122745210638,5.316871715717806,129.9961782175283,False,0.0,0,1.0,True,6b49597373a6bf27054a37ba11ab225e,7
A1CIW,9PLK,op_boltz2_ss,r13s0,13,0.39473684210526316,5.848780621098316,1.6692162414772032,6.276784658358131,133.9039382301615,False,0.0,0,1.0,True,dd7cef31acc2b53f89d9454ef5ed3d87,7
A1CIW,9PLK,op_boltz2_ss,r14s0,14,0.39974937343358397,5.52447760240171,1.6376653534180237,4.732607993242204,140.31606982844897,False,0.0,0,1.0,True,23acfe6e095270812176ca12793edb9c,7
A1CIW,9PLK,op_boltz2_ss,r15s0,15,0.3558897243107769,5.885035397013631,1.6110235460336522,5.589705355893099,132.7918312442686,False,0.0,0,1.0,True,fabae9dca02c255a856bd8fe0fef79eb,7
A1CIW,9PLK,op_boltz2_ss,r16s0,16,0.3558897243107769,5.885035397013631,1.6110235460336522,5.589705355893099,132.7918312442686,False,0.0,0,1.0,True,fabae9dca02c255a856bd8fe0fef79eb,7
A1CIW,9PLK,op_boltz2_ss,r17s0,17,0.3558897243107769,5.885035397013631,1.6110235460336522,5.589705355893099,132.7918312442686,False,0.0,0,1.0,True,fabae9dca02c255a856bd8fe0fef79eb,7
A1CIW,9PLK,op_boltz2_ss,r18s0,18,0.3558897243107769,5.885035397013631,1.6110235460336522,5.589705355893099,132.7918312442686,False,0.0,0,1.0,True,fabae9dca02c255a856bd8fe0fef79eb,7
A1CIW,9PLK,op_boltz2_ss,r19s0,19,0.3558897243107769,5.885035397013631,1.6110235460336522,5.589705355893099,132.7918312442686,False,0.0,0,1.0,True,fabae9dca02c255a856bd8fe0fef79eb,7
A1CIW,9PLK,op_boltz2_ss,r1s0,1,0.2324561403508772,5.653636838796871,2.1204495675236776,5.055960824155979,165.77033464084698,False,0.0,0,1.0,True,ca1df5ab835884c2636968547444ecab,7
A1CIW,9PLK,op_boltz2_ss,r20s0,20,0.3558897243107769,5.885035397013631,1.6110235460336522,5.589705355893099,132.7918312442686,False,0.0,0,1.0,True,fabae9dca02c255a856bd8fe0fef79eb,7
A1CIW,9PLK,op_boltz2_ss,r21s0,21,0.3558897243107769,5.885035397013631,1.6110235460336522,5.589705355893099,132.7918312442686,False,0.0,0,1.0,True,fabae9dca02c255a856bd8fe0fef79eb,7
A1CIW,9PLK,op_boltz2_ss,r22s0,22,0.3558897243107769,5.885035397013631,1.6110235460336522,5.589705355893099,132.7918312442686,False,0.0,0,1.0,True,fabae9dca02c255a856bd8fe0fef79eb,7
A1CIW,9PLK,op_boltz2_ss,r23s0,23,0.3558897243107769,5.885035397013631,1.6110235460336522,5.589705355893099,132.7918312442686,False,0.0,0,1.0,True,fabae9dca02c255a856bd8fe0fef79eb,7
A1CIW,9PLK,op_boltz2_ss,r24s0,24,0.3558897243107769,5.885035397013631,1.6110235460336522,5.589705355893099,132.7918312442686,False,0.0,0,1.0,True,fabae9dca02c255a856bd8fe0fef79eb,7
A1CIW,9PLK,op_boltz2_ss,r25s0,25,0.3558897243107769,5.885035397013631,1.6110235460336522,5.589705355893099,132.7918312442686,False,0.0,0,1.0,True,fabae9dca02c255a856bd8fe0fef79eb,7
A1CIW,9PLK,op_boltz2_ss,r26s0,26,0.3558897243107769,5.885035397013631,1.6110235460336522,5.589705355893099,132.7918312442686,False,0.0,0,1.0,True,fabae9dca02c255a856bd8fe0fef79eb,7
A1CIW,9PLK,op_boltz2_ss,r27s0,27,0.3558897243107769,5.885035397013631,1.6110235460336522,5.589705355893099,132.7918312442686,False,0.0,0,1.0,True,fabae9dca02c255a856bd8fe0fef79eb,7
A1CIW,9PLK,op_boltz2_ss,r28s0,28,0.3558897243107769,5.885035397013631,1.6110235460336522,5.589705355893099,132.7918312442686,False,0.0,0,1.0,True,fabae9dca02c255a856bd8fe0fef79eb,7
A1CIW,9PLK,op_boltz2_ss,r29s0,29,0.3558897243107769,5.885035397013631,1.6110235460336522,5.589705355893099,132.7918312442686,False,0.0,0,1.0,True,fabae9dca02c255a856bd8fe0fef79eb,7
A1CIW,9PLK,op_boltz2_ss,r2s0,2,0.2324561403508772,5.653636838796871,2.1204495675236776,5.055960824155979,165.77033464084698,False,0.0,0,1.0,True,ca1df5ab835884c2636968547444ecab,7
A1CIW,9PLK,op_boltz2_ss,r3s0,3,0.5601503759398496,3.1974434073282123,2.1506552495797178,3.5027458225512165,158.42060111313242,False,0.0,0,1.0,True,bb6fb1988f2c4828675144bc2ce2db1a,7
A1CIW,9PLK,op_boltz2_ss,r4s0,4,0.5601503759398496,3.1974434073282123,2.1506552495797178,3.5027458225512165,158.42060111313242,False,0.0,0,1.0,True,bb6fb1988f2c4828675144bc2ce2db1a,7
A1CIW,9PLK,op_boltz2_ss,r5s0,5,0.43546365914786966,5.818188438954835,1.6304175930822977,5.673156344064562,134.0157776478324,False,0.0,0,1.0,True,c318b50cd1910de732b1c5543598a1bc,7
A1CIW,9PLK,op_boltz2_ss,r6s0,6,0.3991228070175439,5.3063244955279645,1.8053855807575476,5.166506538164836,140.74836723325575,False,0.0,0,1.0,True,28cbd0aece4f1c30973c7a49c0ff1699,7
A1CIW,9PLK,op_boltz2_ss,r7s0,7,0.40789473684210525,5.63889888822302,1.6396298721253721,4.930623952655485,139.38380645254134,False,0.0,0,1.0,True,2437025e26f8808348d40f41adf4edf4,7
A1CIW,9PLK,op_boltz2_ss,r8s0,8,0.40789473684210525,5.63889888822302,1.6396298721253721,4.930623952655485,139.38380645254134,False,0.0,0,1.0,True,2437025e26f8808348d40f41adf4edf4,7
A1CIW,9PLK,op_boltz2_ss,r9s0,9,0.38345864661654133,6.066813613448803,1.7083415345727124,5.864564577613584,131.25954925489617,False,0.0,0,1.0,True,fb9e309e5ce46400458ba54cbc4c6363,7
YNV,7LXL,op_boltz2_ss,r0s0,0,0.2720739219712526,6.056851012187961,1.7152724419190533,5.931343022975488,144.0570959174694,False,0.0,0,1.0,True,302a2852414214e9c32bcb7eba2450e5,7
YNV,7LXL,op_boltz2_ss,r10s0,10,0.7315195071868583,2.2586032706599544,1.348561551411673,5.568172676947079,162.21995325880914,False,0.0,0,1.0,True,4661d67d4e4b4100b84600327f61a37e,7
YNV,7LXL,op_boltz2_ss,r11s0,11,0.2715605749486653,6.581862408930981,1.8494844828175765,5.320367803733122,140.25389110960134,False,0.0,0,1.0,True,56e3f43680c4014ee5ac78d9284c58c1,7
YNV,7LXL,op_boltz2_ss,r12s0,12,0.26386036960985626,6.46275466411412,1.9152691006125389,5.31467154741476,141.2852979600013,False,0.0,0,1.0,True,8679198f8966750754775ee2be78aae5,7
YNV,7LXL,op_boltz2_ss,r13s0,13,0.26386036960985626,6.46275466411412,1.9152691006125389,5.31467154741476,141.2852979600013,False,0.0,0,1.0,True,8679198f8966750754775ee2be78aae5,7
YNV,7LXL,op_boltz2_ss,r14s0,14,0.17248459958932238,6.8968620568655234,1.9407561885104205,5.122716644789169,132.24624488580176,False,0.0,0,1.0,True,d570f14514d1b70e73c905ee1bd6cc19,7
YNV,7LXL,op_boltz2_ss,r15s0,15,0.22535934291581108,7.005968743485772,1.8639090992747582,5.365546325175098,134.0249887236404,False,0.0,0,1.0,True,d6b3f0b57c75502d642e0bf77ef6ed2d,7
YNV,7LXL,op_boltz2_ss,r16s0,16,0.22535934291581108,7.005968743485772,1.8639090992747582,5.365546325175098,134.0249887236404,False,0.0,0,1.0,True,d6b3f0b57c75502d642e0bf77ef6ed2d,7
YNV,7LXL,op_boltz2_ss,r17s0,17,0.22535934291581108,7.005968743485772,1.8639090992747582,5.365546325175098,134.0249887236404,False,0.0,0,1.0,True,d6b3f0b57c75502d642e0bf77ef6ed2d,7
YNV,7LXL,op_boltz2_ss,r18s0,18,0.22535934291581108,7.005968743485772,1.8639090992747582,5.365546325175098,134.0249887236404,False,0.0,0,1.0,True,d6b3f0b57c75502d642e0bf77ef6ed2d,7
YNV,7LXL,op_boltz2_ss,r19s0,19,0.22535934291581108,7.005968743485772,1.8639090992747582,5.365546325175098,134.0249887236404,False,0.0,0,1.0,True,d6b3f0b57c75502d642e0bf77ef6ed2d,7
YNV,7LXL,op_boltz2_ss,r1s0,1,0.2551334702258727,6.624669122732796,1.877459111055263,5.444795595116496,136.22357170729686,False,0.0,0,1.0,True,70a540e2b641eac8e0a023c34969a2a2,7
YNV,7LXL,op_boltz2_ss,r20s0,20,0.22535934291581108,7.005968743485772,1.8639090992747582,5.365546325175098,134.0249887236404,False,0.0,0,1.0,True,d6b3f0b57c75502d642e0bf77ef6ed2d,7
YNV,7LXL,op_boltz2_ss,r21s0,21,0.22535934291581108,7.005968743485772,1.8639090992747582,5.365546325175098,134.0249887236404,False,0.0,0,1.0,True,d6b3f0b57c75502d642e0bf77ef6ed2d,7
YNV,7LXL,op_boltz2_ss,r22s0,22,0.22535934291581108,7.005968743485772,1.8639090992747582,5.365546325175098,134.0249887236404,False,0.0,0,1.0,True,d6b3f0b57c75502d642e0bf77ef6ed2d,7
YNV,7LXL,op_boltz2_ss,r23s0,23,0.22535934291581108,7.005968743485772,1.8639090992747582,5.365546325175098,134.0249887236404,False,0.0,0,1.0,True,d6b3f0b57c75502d642e0bf77ef6ed2d,7
YNV,7LXL,op_boltz2_ss,r24s0,24,0.22535934291581108,7.005968743485772,1.8639090992747582,5.365546325175098,134.0249887236404,False,0.0,0,1.0,True,d6b3f0b57c75502d642e0bf77ef6ed2d,7
YNV,7LXL,op_boltz2_ss,r25s0,25,0.22535934291581108,7.005968743485772,1.8639090992747582,5.365546325175098,134.0249887236404,False,0.0,0,1.0,True,d6b3f0b57c75502d642e0bf77ef6ed2d,7
YNV,7LXL,op_boltz2_ss,r26s0,26,0.22535934291581108,7.005968743485772,1.8639090992747582,5.365546325175098,134.0249887236404,False,0.0,0,1.0,True,d6b3f0b57c75502d642e0bf77ef6ed2d,7
YNV,7LXL,op_boltz2_ss,r27s0,27,0.22535934291581108,7.005968743485772,1.8639090992747582,5.365546325175098,134.0249887236404,False,0.0,0,1.0,True,d6b3f0b57c75502d642e0bf77ef6ed2d,7
YNV,7LXL,op_boltz2_ss,r28s0,28,0.22535934291581108,7.005968743485772,1.8639090992747582,5.365546325175098,134.0249887236404,False,0.0,0,1.0,True,d6b3f0b57c75502d642e0bf77ef6ed2d,7
YNV,7LXL,op_boltz2_ss,r29s0,29,0.22535934291581108,7.005968743485772,1.8639090992747582,5.365546325175098,134.0249887236404,False,0.0,0,1.0,True,d6b3f0b57c75502d642e0bf77ef6ed2d,7
YNV,7LXL,op_boltz2_ss,r2s0,2,0.25,7.662380141199648,2.0534655555157424,3.9946018501723044,147.21240380583478,False,0.0,0,1.0,True,a4502d755d6195b4e66a84a2dc91a0b6,7
YNV,7LXL,op_boltz2_ss,r3s0,3,0.25,7.662380141199648,2.0534655555157424,3.9946018501723044,147.21240380583478,False,0.0,0,1.0,True,a4502d755d6195b4e66a84a2dc91a0b6,7
YNV,7LXL,op_boltz2_ss,r4s0,4,0.25,7.662380141199648,2.0534655555157424,3.9946018501723044,147.21240380583478,False,0.0,0,1.0,True,a4502d755d6195b4e66a84a2dc91a0b6,7
YNV,7LXL,op_boltz2_ss,r5s0,5,0.22022587268993843,6.961370960145732,2.0132637655047225,6.33615006840905,126.26376218520133,False,0.0,0,1.0,True,719d2efca7f3f258e86bc377aed13865,7
YNV,7LXL,op_boltz2_ss,r6s0,6,0.27156057494866526,6.431255209140273,1.7875438092364153,5.218785171330585,138.6944322512325,False,0.0,0,1.0,True,a59371dad3bfa2575e42d2449789ee84,7
YNV,7LXL,op_boltz2_ss,r7s0,7,0.22279260780287474,7.046316447189689,1.8115065573985867,6.026178739143074,135.4042470332809,False,0.0,0,1.0,True,3bf3d4c557364afe70a26984db610746,7
YNV,7LXL,op_boltz2_ss,r8s0,8,0.22279260780287474,7.046316447189689,1.8115065573985867,6.026178739143074,135.4042470332809,False,0.0,0,1.0,True,3bf3d4c557364afe70a26984db610746,7
YNV,7LXL,op_boltz2_ss,r9s0,9,0.7315195071868583,2.2586032706599544,1.348561551411673,5.568172676947079,162.21995325880914,False,0.0,0,1.0,True,4661d67d4e4b4100b84600327f61a37e,7
MWV,6OO9,op_boltz2_ss,r0s0,0,0.3905775075987842,4.9140666354084095,1.0648998211489358,8.294360964565021,148.00459292756614,False,0.0,0,1.0,True,986190c4f6b0f8c0b4716fa7c0a7acd8,7
MWV,6OO9,op_boltz2_ss,r10s0,10,0.34080547112462006,5.070461628973726,1.2064079453112766,8.189523636195208,149.346411882468,False,0.0,0,1.0,True,6ce3ba47d2f07abe582ff987f0b15e2d,7
MWV,6OO9,op_boltz2_ss,r11s0,11,0.39209726443769,4.8059138831254,1.319788664729481,7.409568937914,152.82106141102332,False,0.0,0,1.0,True,b567518250790c5b5e53347947a0d84e,7
MWV,6OO9,op_boltz2_ss,r12s0,12,0.38563829787234044,4.97719285630386,1.080790534848671,8.599997486354283,146.95357431572057,False,0.0,0,1.0,True,3bc390cbd9ffb0049e65da5885b14d41,7
MWV,6OO9,op_boltz2_ss,r13s0,13,0.4969604863221885,4.427548925906555,1.230611560032987,3.185282267021245,152.74435242300365,False,0.0,0,1.0,True,1961ef9be4332a1e35aa930e03f98727,7
MWV,6OO9,op_boltz2_ss,r14s0,14,0.3708206686930091,4.998110665372522,1.0480809001810467,8.453207989177836,151.90625988254519,False,0.0,0,1.0,True,867504c740d8c7567ed7e501c72f25ad,7
MWV,6OO9,op_boltz2_ss,r15s0,15,0.39171732522796354,4.934758404036295,1.0769095824255857,8.351276215788818,150.24275948500986,False,0.0,0,1.0,True,4f30486cf706795955adc23aaa664870,7
MWV,6OO9,op_boltz2_ss,r16s0,16,0.39171732522796354,4.934758404036295,1.0769095824255857,8.351276215788818,150.24275948500986,False,0.0,0,1.0,True,4f30486cf706795955adc23aaa664870,7
MWV,6OO9,op_boltz2_ss,r17s0,17,0.39171732522796354,4.934758404036295,1.0769095824255857,8.351276215788818,150.24275948500986,False,0.0,0,1.0,True,4f30486cf706795955adc23aaa664870,7
MWV,6OO9,op_boltz2_ss,r18s0,18,0.39171732522796354,4.934758404036295,1.0769095824255857,8.351276215788818,150.24275948500986,False,0.0,0,1.0,True,4f30486cf706795955adc23aaa664870,7
MWV,6OO9,op_boltz2_ss,r19s0,19,0.39171732522796354,4.934758404036295,1.0769095824255857,8.351276215788818,150.24275948500986,False,0.0,0,1.0,True,4f30486cf706795955adc23aaa664870,7
MWV,6OO9,op_boltz2_ss,r1s0,1,0.3780395136778115,5.0016460794461075,1.1230809807954523,8.841225413600764,152.83153123344923,False,0.0,0,1.0,True,751d9334f8f5771db7f26c478a3d7be3,7
MWV,6OO9,op_boltz2_ss,r20s0,20,0.39171732522796354,4.934758404036295,1.0769095824255857,8.351276215788818,150.24275948500986,False,0.0,0,1.0,True,4f30486cf706795955adc23aaa664870,7
MWV,6OO9,op_boltz2_ss,r21s0,21,0.39171732522796354,4.934758404036295,1.0769095824255857,8.351276215788818,150.24275948500986,False,0.0,0,1.0,True,4f30486cf706795955adc23aaa664870,7
MWV,6OO9,op_boltz2_ss,r22s0,22,0.39171732522796354,4.934758404036295,1.0769095824255857,8.351276215788818,150.24275948500986,False,0.0,0,1.0,True,4f30486cf706795955adc23aaa664870,7
MWV,6OO9,op_boltz2_ss,r23s0,23,0.39171732522796354,4.934758404036295,1.0769095824255857,8.351276215788818,150.24275948500986,False,0.0,0,1.0,True,4f30486cf706795955adc23aaa664870,7
MWV,6OO9,op_boltz2_ss,r24s0,24,0.39171732522796354,4.934758404036295,1.0769095824255857,8.351276215788818,150.24275948500986,False,0.0,0,1.0,True,4f30486cf706795955adc23aaa664870,7
MWV,6OO9,op_boltz2_ss,r25s0,25,0.39171732522796354,4.934758404036295,1.0769095824255857,8.351276215788818,150.24275948500986,False,0.0,0,1.0,True,4f30486cf706795955adc23aaa664870,7
MWV,6OO9,op_boltz2_ss,r26s0,26,0.39171732522796354,4.934758404036295,1.0769095824255857,8.351276215788818,150.24275948500986,False,0.0,0,1.0,True,4f30486cf706795955adc23aaa664870,7
MWV,6OO9,op_boltz2_ss,r27s0,27,0.39171732522796354,4.934758404036295,1.0769095824255857,8.351276215788818,150.24275948500986,False,0.0,0,1.0,True,4f30486cf706795955adc23aaa664870,7
MWV,6OO9,op_boltz2_ss,r28s0,28,0.39171732522796354,4.934758404036295,1.0769095824255857,8.351276215788818,150.24275948500986,False,0.0,0,1.0,True,4f30486cf706795955adc23aaa664870,7
MWV,6OO9,op_boltz2_ss,r29s0,29,0.39171732522796354,4.934758404036295,1.0769095824255857,8.351276215788818,150.24275948500986,False,0.0,0,1.0,True,4f30486cf706795955adc23aaa664870,7
MWV,6OO9,op_boltz2_ss,r2s0,2,0.3780395136778115,5.0016460794461075,1.1230809807954523,8.841225413600764,152.83153123344923,False,0.0,0,1.0,True,751d9334f8f5771db7f26c478a3d7be3,7
MWV,6OO9,op_boltz2_ss,r3s0,3,0.3905775075987842,4.9140666354084095,1.0648998211489358,8.294360964565021,148.00459292756614,False,0.0,0,1.0,True,986190c4f6b0f8c0b4716fa7c0a7acd8,7
MWV,6OO9,op_boltz2_ss,r4s0,4,0.3905775075987842,4.9140666354084095,1.0648998211489358,8.294360964565021,148.00459292756614,False,0.0,0,1.0,True,986190c4f6b0f8c0b4716fa7c0a7acd8,7
MWV,6OO9,op_boltz2_ss,r5s0,5,0.35904255319148937,5.267241303578931,1.3986864362420488,7.484622455207744,158.15855780777238,False,0.0,0,1.0,True,5777686122bb5c2a63cf20f09cb3e5be,7
MWV,6OO9,op_boltz2_ss,r6s0,6,0.36816109422492405,5.09758524111371,1.1853471476294488,8.700223850131675,149.75512551409452,False,0.0,0,1.0,True,4fd82a744a8cdbc08bc55ec710fdee80,7
MWV,6OO9,op_boltz2_ss,r7s0,7,0.3951367781155015,4.77932421513125,1.1411412298188854,8.118648485142092,149.50416728953198,False,0.0,0,1.0,True,bbfecd96e351406d927842e30dd80052,7
MWV,6OO9,op_boltz2_ss,r8s0,8,0.3951367781155015,4.77932421513125,1.1411412298188854,8.118648485142092,149.50416728953198,False,0.0,0,1.0,True,bbfecd96e351406d927842e30dd80052,7
MWV,6OO9,op_boltz2_ss,r9s0,9,0.34080547112462006,5.070461628973726,1.2064079453112766,8.189523636195208,149.346411882468,False,0.0,0,1.0,True,6ce3ba47d2f07abe582ff987f0b15e2d,7
