pair,pose,ligand,pdb,target_key,uniprot,coordinated,n_heavy,lddt_pli,bisy_rmsd
1EA1_TPF,1EA1_TPF__r0s0.cif,TPF,1EA1,455_d4843705,P9WPP9,True,22,0.711764705882353,0.5719501112050913
1EA1_TPF,1EA1_TPF__r0s1.cif,TPF,1EA1,455_d4843705,P9WPP9,True,22,0.38235294117647056,4.8496181659996465
1EA1_TPF,1EA1_TPF__r0s2.cif,TPF,1EA1,455_d4843705,P9WPP9,True,22,0.12411764705882353,10.213773736062144
1EGY_9AP,1EGY_9AP__r0s0.cif,9AP,1EGY,403_e7509160,Q00441,True,15,0.29646017699115046,0.5452142071135819
1EGY_9AP,1EGY_9AP__r0s1.cif,9AP,1EGY,403_e7509160,Q00441,True,15,0.168141592920354,7.41930939730284
1EGY_9AP,1EGY_9AP__r0s2.cif,9AP,1EGY,403_e7509160,Q00441,True,15,0.21902654867256638,7.493306532535416
1EUP_ASD,1EUP_ASD__r0s0.cif,ASD,1EUP,403_e7509160,Q00441,False,21,0.11299435028248588,5.636547456592768
1EUP_ASD,1EUP_ASD__r0s1.cif,ASD,1EUP,403_e7509160,Q00441,False,21,0.056497175141242945,9.58455898345467
1EUP_ASD,1EUP_ASD__r0s2.cif,ASD,1EUP,403_e7509160,Q00441,False,21,0.08192090395480225,9.233505255569076
1IZO_PAM,1IZO_PAM__r0s0.cif,PAM,1IZO,417_0e6cd8b9,O31440,False,18,0.7049180327868853,2.3607111943065946
1IZO_PAM,1IZO_PAM__r0s1.cif,PAM,1IZO,417_0e6cd8b9,O31440,False,18,0.10187353629976581,14.05891504739545
1IZO_PAM,1IZO_PAM__r0s2.cif,PAM,1IZO,417_0e6cd8b9,O31440,False,18,0.12412177985948478,11.190940325183284
1JIN_KTN,1JIN_KTN__r0s0.cif,KTN,1JIN,403_e7509160,Q00441,True,36,0.35397727272727275,1.152416348321957
1JIN_KTN,1JIN_KTN__r0s1.cif,KTN,1JIN,403_e7509160,Q00441,True,36,0.05568181818181818,16.116018098558605
1JIN_KTN,1JIN_KTN__r0s2.cif,KTN,1JIN,403_e7509160,Q00441,True,36,0.06079545454545454,11.973809218473852
1OXA_DEB,1OXA_DEB__r0s0.cif,DEB,1OXA,403_e7509160,Q00441,False,27,0.30372807017543857,0.6211637999711165
1OXA_DEB,1OXA_DEB__r0s1.cif,DEB,1OXA,403_e7509160,Q00441,False,27,0.10526315789473684,7.593469764702955
1OXA_DEB,1OXA_DEB__r0s2.cif,DEB,1OXA,403_e7509160,Q00441,False,27,0.29605263157894735,8.069672371728279
4BJK_18I,4BJK_18I__r0s0.cif,18I,4BJK,469_ec879091,Q385E8,True,21,0.0017006802721088435,16.333650820048145
4BJK_18I,4BJK_18I__r0s1.cif,18I,4BJK,469_ec879091,Q385E8,True,21,0.0,14.622150089835232
4BJK_18I,4BJK_18I__r0s2.cif,18I,4BJK,469_ec879091,Q385E8,True,21,0.0017006802721088435,8.685968771782614
4EGN_TWO,4EGN_TWO__r0s0.cif,TWO,4EGN,410_bc4a20dd,Q2IU02,False,13,0.396505376344086,0.5835287115929868
4EGN_TWO,4EGN_TWO__r0s1.cif,TWO,4EGN,410_bc4a20dd,Q2IU02,False,13,0.15725806451612903,5.238715388516484
4EGN_TWO,4EGN_TWO__r0s2.cif,TWO,4EGN,410_bc4a20dd,Q2IU02,False,13,0.0,17.405399871378687
4EGO_1F1,4EGO_1F1__r0s0.cif,1F1,4EGO,410_bc4a20dd,Q2IU02,False,12,0.0,33.26671553609045
4EGO_1F1,4EGO_1F1__r0s1.cif,1F1,4EGO,410_bc4a20dd,Q2IU02,False,12,0.0,29.992132392322716
4EGO_1F1,4EGO_1F1__r0s2.cif,1F1,4EGO,410_bc4a20dd,Q2IU02,False,12,0.0,22.455229509605715
4EGP_FIV,4EGP_FIV__r0s0.cif,FIV,4EGP,410_bc4a20dd,Q2IU02,False,13,0.32981220657276994,2.3495876611971145
4EGP_FIV,4EGP_FIV__r0s1.cif,FIV,4EGP,410_bc4a20dd,Q2IU02,False,13,0.0,11.177767082124724
4EGP_FIV,4EGP_FIV__r0s2.cif,FIV,4EGP,410_bc4a20dd,Q2IU02,False,13,0.0,19.04523537477423
4TT5_36Y,4TT5_36Y__r0s0.cif,36Y,4TT5,368_3c6d23e6,Q55080,True,12,0.8500000000000001,0.266348168957213
4TT5_36Y,4TT5_36Y__r0s1.cif,36Y,4TT5,368_3c6d23e6,Q55080,True,12,0.17391304347826086,8.666959923265642
4TT5_36Y,4TT5_36Y__r0s2.cif,36Y,4TT5,368_3c6d23e6,Q55080,True,12,0.383695652173913,4.794895523574171
4TUV_CPZ,4TUV_CPZ__r0s0.cif,CPZ,4TUV,368_3c6d23e6,Q55080,True,12,0.6706008583690987,1.1263989728783186
4TUV_CPZ,4TUV_CPZ__r0s1.cif,CPZ,4TUV,368_3c6d23e6,Q55080,True,12,0.2575107296137339,6.889248534856656
4TUV_CPZ,4TUV_CPZ__r0s2.cif,CPZ,4TUV,368_3c6d23e6,Q55080,True,12,0.28326180257510725,5.983566617429139
4WPD_3SQ,4WPD_3SQ__r0s0.cif,3SQ,4WPD,368_3c6d23e6,Q55080,True,12,0.9067796610169492,0.19286805219769143
4WPD_3SQ,4WPD_3SQ__r0s1.cif,3SQ,4WPD,368_3c6d23e6,Q55080,True,12,0.22033898305084748,6.500991271388462
4WPD_3SQ,4WPD_3SQ__r0s2.cif,3SQ,4WPD,368_3c6d23e6,Q55080,True,12,0.2722457627118644,6.010859380217212
4WQJ_36Y,4WQJ_36Y__r0s0.cif,36Y,4WQJ,368_3c6d23e6,Q55080,True,12,0.8715596330275229,0.21777534407382543
4WQJ_36Y,4WQJ_36Y__r0s1.cif,36Y,4WQJ,368_3c6d23e6,Q55080,True,12,0.19036697247706424,8.628285887536224
4WQJ_36Y,4WQJ_36Y__r0s2.cif,36Y,4WQJ,368_3c6d23e6,Q55080,True,12,0.41399082568807344,4.664644768554054
5YQA_8ZU,5YQA_8ZU__r0s0.cif,8ZU,5YQA,410_bc4a20dd,Q2IU02,False,12,0.3960843373493976,0.7366910328657426
5YQA_8ZU,5YQA_8ZU__r0s1.cif,8ZU,5YQA,410_bc4a20dd,Q2IU02,False,12,0.01807228915662651,10.84553608448758
5YQA_8ZU,5YQA_8ZU__r0s2.cif,8ZU,5YQA,410_bc4a20dd,Q2IU02,False,12,0.02710843373493976,7.954822795156161
6PRS_OW7,6PRS_OW7__r0s0.cif,OW7,6PRS,410_bc4a20dd,Q2IU02,False,12,0.36834319526627224,0.7830786181681875
6PRS_OW7,6PRS_OW7__r0s1.cif,OW7,6PRS,410_bc4a20dd,Q2IU02,False,12,0.0073964497041420114,12.174084950991988
6PRS_OW7,6PRS_OW7__r0s2.cif,OW7,6PRS,410_bc4a20dd,Q2IU02,False,12,0.010355029585798817,15.458361999650831
6U30_PQM,6U30_PQM__r0s0.cif,PQM,6U30,410_bc4a20dd,Q2IU02,True,15,0.36968085106382975,0.9486444066783501
6U30_PQM,6U30_PQM__r0s1.cif,PQM,6U30,410_bc4a20dd,Q2IU02,True,15,0.07845744680851063,9.241077375845936
6U30_PQM,6U30_PQM__r0s2.cif,PQM,6U30,410_bc4a20dd,Q2IU02,True,15,0.0398936170212766,13.52377354901094
6U31_PQP,6U31_PQP__r0s0.cif,PQP,6U31,410_bc4a20dd,Q2IU02,True,14,0.3742937853107345,0.8775334403347325
6U31_PQP,6U31_PQP__r0s1.cif,PQP,6U31,410_bc4a20dd,Q2IU02,True,14,0.01977401129943503,12.667286506153992
6U31_PQP,6U31_PQP__r0s2.cif,PQP,6U31,410_bc4a20dd,Q2IU02,True,14,0.01977401129943503,8.44812068805343
6U3K_PQS,6U3K_PQS__r0s0.cif,PQS,6U3K,410_bc4a20dd,Q2IU02,False,15,0.35775862068965514,0.7233768222075511
6U3K_PQS,6U3K_PQS__r0s1.cif,PQS,6U3K,410_bc4a20dd,Q2IU02,False,15,0.035919540229885055,6.309369273557505
6U3K_PQS,6U3K_PQS__r0s2.cif,PQS,6U3K,410_bc4a20dd,Q2IU02,False,15,0.06752873563218391,7.609369082379093
6UNN_K3Z,6UNN_K3Z__r0s0.cif,K3Z,6UNN,410_bc4a20dd,Q2IU02,False,13,0.4010152284263959,0.7883463384272534
6UNN_K3Z,6UNN_K3Z__r0s1.cif,K3Z,6UNN,410_bc4a20dd,Q2IU02,False,13,0.005076142131979695,16.560986146908558
6UNN_K3Z,6UNN_K3Z__r0s2.cif,K3Z,6UNN,410_bc4a20dd,Q2IU02,False,13,0.0038071065989847717,9.843883134760793
7JW5_Z7Z,7JW5_Z7Z__r0s0.cif,Z7Z,7JW5,410_bc4a20dd,Q2IU02,False,15,0.3353293413173653,0.6787402721408742
7JW5_Z7Z,7JW5_Z7Z__r0s1.cif,Z7Z,7JW5,410_bc4a20dd,Q2IU02,False,15,0.02095808383233533,12.621240063086914
7JW5_Z7Z,7JW5_Z7Z__r0s2.cif,Z7Z,7JW5,410_bc4a20dd,Q2IU02,False,15,0.029940119760479042,16.07874715259363
7JXB_VLG,7JXB_VLG__r0s0.cif,VLG,7JXB,410_bc4a20dd,Q2IU02,False,17,0.3421717171717171,0.6756756555118316
7JXB_VLG,7JXB_VLG__r0s1.cif,VLG,7JXB,410_bc4a20dd,Q2IU02,False,17,0.008838383838383838,10.776209592755295
7JXB_VLG,7JXB_VLG__r0s2.cif,VLG,7JXB,410_bc4a20dd,Q2IU02,False,17,0.0404040404040404,12.7854459538184
7N14_ZRS,7N14_ZRS__r0s0.cif,ZRS,7N14,410_bc4a20dd,Q2IU02,False,14,0.37716763005780346,1.8662815965280353
7N14_ZRS,7N14_ZRS__r0s1.cif,ZRS,7N14,410_bc4a20dd,Q2IU02,False,14,0.014450867052023121,12.34785062725336
7N14_ZRS,7N14_ZRS__r0s2.cif,ZRS,7N14,410_bc4a20dd,Q2IU02,False,14,0.2817919075144509,6.043348528335485
7R8S_8ZU,7R8S_8ZU__r0s0.cif,8ZU,7R8S,410_bc4a20dd,Q2IU02,False,12,0.38742690058479534,0.8960017703086194
7R8S_8ZU,7R8S_8ZU__r0s1.cif,8ZU,7R8S,410_bc4a20dd,Q2IU02,False,12,0.15204678362573099,6.397367262826416
7R8S_8ZU,7R8S_8ZU__r0s2.cif,8ZU,7R8S,410_bc4a20dd,Q2IU02,False,12,0.011695906432748537,14.85716699779245
7TND_JO4,7TND_JO4__r0s0.cif,JO4,7TND,410_bc4a20dd,Q2IU02,False,16,0.3402061855670103,0.5988069540348904
7TND_JO4,7TND_JO4__r0s1.cif,JO4,7TND,410_bc4a20dd,Q2IU02,False,16,0.07474226804123711,9.475925184714693
7TND_JO4,7TND_JO4__r0s2.cif,JO4,7TND,410_bc4a20dd,Q2IU02,False,16,0.11855670103092783,9.906707195586463
7TRT_KQF,7TRT_KQF__r0s0.cif,KQF,7TRT,410_bc4a20dd,Q2IU02,False,14,0.375,1.3744517480704428
7TRT_KQF,7TRT_KQF__r0s1.cif,KQF,7TRT,410_bc4a20dd,Q2IU02,False,14,0.01293103448275862,14.403608327169817
7TRT_KQF,7TRT_KQF__r0s2.cif,KQF,7TRT,410_bc4a20dd,Q2IU02,False,14,0.030172413793103446,12.91269679107649
7TRU_KQR,7TRU_KQR__r0s0.cif,KQR,7TRU,410_bc4a20dd,Q2IU02,False,14,0.36635220125786166,0.782186315622396
7TRU_KQR,7TRU_KQR__r0s1.cif,KQR,7TRU,410_bc4a20dd,Q2IU02,False,14,0.023584905660377357,7.7800876806093555
7TRU_KQR,7TRU_KQR__r0s2.cif,KQR,7TRU,410_bc4a20dd,Q2IU02,False,14,0.22955974842767296,5.82589520156309
7TZY_L3K,7TZY_L3K__r0s0.cif,L3K,7TZY,410_bc4a20dd,Q2IU02,False,12,0.38190184049079756,1.089372120830815
7TZY_L3K,7TZY_L3K__r0s1.cif,L3K,7TZY,410_bc4a20dd,Q2IU02,False,12,0.013803680981595092,11.205767633467582
7TZY_L3K,7TZY_L3K__r0s2.cif,L3K,7TZY,410_bc4a20dd,Q2IU02,False,12,0.4171779141104295,3.101445433574434
7U00_L4I,7U00_L4I__r0s0.cif,L4I,7U00,410_bc4a20dd,Q2IU02,False,12,0.38403614457831325,1.033016011067365
7U00_L4I,7U00_L4I__r0s1.cif,L4I,7U00,410_bc4a20dd,Q2IU02,False,12,0.006024096385542169,17.207830504671314
7U00_L4I,7U00_L4I__r0s2.cif,L4I,7U00,410_bc4a20dd,Q2IU02,False,12,0.03162650602409639,12.735332177020432
8D39_QDB,8D39_QDB__r0s0.cif,QDB,8D39,410_bc4a20dd,Q2IU02,False,17,0.34551886792452835,1.152096072308121
8D39_QDB,8D39_QDB__r0s1.cif,QDB,8D39,410_bc4a20dd,Q2IU02,False,17,0.09433962264150944,9.784554338292727
8D39_QDB,8D39_QDB__r0s2.cif,QDB,8D39,410_bc4a20dd,Q2IU02,False,17,0.0625,10.889930472085325
8VKF_LVK,8VKF_LVK__r0s0.cif,LVK,8VKF,410_bc4a20dd,Q2IU02,False,13,0.375,1.5750245795309228
8VKF_LVK,8VKF_LVK__r0s1.cif,LVK,8VKF,410_bc4a20dd,Q2IU02,False,13,0.05246913580246913,6.583950335901063
8VKF_LVK,8VKF_LVK__r0s2.cif,LVK,8VKF,410_bc4a20dd,Q2IU02,False,13,0.021604938271604937,8.595539713451963
8VL0_LVC,8VL0_LVC__r0s0.cif,LVC,8VL0,410_bc4a20dd,Q2IU02,False,13,0.36390532544378695,0.7557681171205854
8VL0_LVC,8VL0_LVC__r0s1.cif,LVC,8VL0,410_bc4a20dd,Q2IU02,False,13,0.014792899408284023,12.084820178383511
8VL0_LVC,8VL0_LVC__r0s2.cif,LVC,8VL0,410_bc4a20dd,Q2IU02,False,13,0.034023668639053255,6.798851241572982
8VOC_M4F,8VOC_M4F__r0s0.cif,M4F,8VOC,410_bc4a20dd,Q2IU02,False,14,0.3807471264367816,0.6964513541710479
8VOC_M4F,8VOC_M4F__r0s1.cif,M4F,8VOC,410_bc4a20dd,Q2IU02,False,14,0.13936781609195403,9.806133374647086
8VOC_M4F,8VOC_M4F__r0s2.cif,M4F,8VOC,410_bc4a20dd,Q2IU02,False,14,0.13218390804597702,3.7362089826384586
9ZEG_JO4,9ZEG_JO4__r0s0.cif,JO4,9ZEG,410_bc4a20dd,Q2IU02,False,16,0.3478835978835979,0.5918972141338891
9ZEG_JO4,9ZEG_JO4__r0s1.cif,JO4,9ZEG,410_bc4a20dd,Q2IU02,False,16,0.07275132275132275,9.407708606263267
9ZEG_JO4,9ZEG_JO4__r0s2.cif,JO4,9ZEG,410_bc4a20dd,Q2IU02,False,16,0.11772486772486772,9.842558443097012
9ZEH_JO4,9ZEH_JO4__r0s0.cif,JO4,9ZEH,410_bc4a20dd,Q2IU02,False,16,0.34893048128342247,0.683891610910404
9ZEH_JO4,9ZEH_JO4__r0s1.cif,JO4,9ZEH,410_bc4a20dd,Q2IU02,False,16,0.06550802139037433,9.388715087900465
9ZEH_JO4,9ZEH_JO4__r0s2.cif,JO4,9ZEH,410_bc4a20dd,Q2IU02,False,16,0.1163101604278075,9.813577280819533
9ZEI_JO4,9ZEI_JO4__r0s0.cif,JO4,9ZEI,410_bc4a20dd,Q2IU02,False,16,0.3575268817204301,0.6544091882609663
9ZEI_JO4,9ZEI_JO4__r0s1.cif,JO4,9ZEI,410_bc4a20dd,Q2IU02,False,16,0.02956989247311828,14.607085989471752
9ZEI_JO4,9ZEI_JO4__r0s2.cif,JO4,9ZEI,410_bc4a20dd,Q2IU02,False,16,0.04166666666666667,8.08452024345206
