name,tag,rank,xeng
1W0G_MYT,run5_s42,0,1.1600729022733154
1W0G_MYT,run5_s42,1,1.1639292278690532
1W0G_MYT,run5_s42,2,1.0539803886863763
1W0G_MYT,run5_s42,3,1.1764027033984863
1W0G_MYT,run5_s42,4,0.9575695322530767
2J0D_ERY,run5_s42,0,1.7850231873346465
2J0D_ERY,run5_s42,1,0.9186506315272397
2J0D_ERY,run5_s42,2,1.7673039979934257
2J0D_ERY,run5_s42,3,1.2953609639247554
2J0D_ERY,run5_s42,4,1.4136504534081815
2V0M_KLN,run5_s42,0,1.6543499794667635
2V0M_KLN,run5_s42,1,1.685557994776087
2V0M_KLN,run5_s42,2,1.5394007507857335
2V0M_KLN,run5_s42,3,1.6942048025377778
2V0M_KLN,run5_s42,4,1.753118579617239
3NXU_RIT,run5_s42,0,0.9676985191555687
3NXU_RIT,run5_s42,1,0.9165325610748484
3NXU_RIT,run5_s42,2,1.0168229825801067
3NXU_RIT,run5_s42,3,0.9256353025562625
3NXU_RIT,run5_s42,4,0.9768361207249359
3TJS_D0R,run5_s42,0,1.5442783572416363
3TJS_D0R,run5_s42,1,1.5163203072753442
3TJS_D0R,run5_s42,2,1.9651173464224865
3TJS_D0R,run5_s42,3,1.305135894030198
3TJS_D0R,run5_s42,4,1.5115725741376096
3UA1_08Y,run5_s42,0,0.925636005890054
3UA1_08Y,run5_s42,1,1.1455536717975583
3UA1_08Y,run5_s42,2,1.0397350004142534
3UA1_08Y,run5_s42,3,0.9996973273291669
3UA1_08Y,run5_s42,4,1.0530854729800536
4D6Z_PK9,run5_s42,0,1.4166490607915694
4D6Z_PK9,run5_s42,1,1.0193220674665424
4D6Z_PK9,run5_s42,2,1.3175457777786292
4D6Z_PK9,run5_s42,3,1.0259764387786148
4D6Z_PK9,run5_s42,4,0.9294164585298705
4D78_J9K,run5_s42,0,1.1714450807269614
4D78_J9K,run5_s42,1,1.265521695322997
4D78_J9K,run5_s42,2,1.224841943056555
4D78_J9K,run5_s42,3,1.0522597381603098
4D78_J9K,run5_s42,4,0.8783031766779436
4D7D_PKT,run5_s42,0,1.5763798507565043
4D7D_PKT,run5_s42,1,1.683912843470694
4D7D_PKT,run5_s42,2,1.3930941435212303
4D7D_PKT,run5_s42,3,1.6007724279685658
4D7D_PKT,run5_s42,4,1.6958431175070905
4I4G_Z8Z,run5_s42,0,0.8263056374628492
4I4G_Z8Z,run5_s42,1,0.9862525896406298
4I4G_Z8Z,run5_s42,2,0.9745180454625919
4I4G_Z8Z,run5_s42,3,0.9618899262577816
4I4G_Z8Z,run5_s42,4,0.8142719713635077
4I4H_Z9Z,run5_s42,0,1.0159478421958137
4I4H_Z9Z,run5_s42,1,0.9675777645037634
4I4H_Z9Z,run5_s42,2,0.930172407557138
4I4H_Z9Z,run5_s42,3,0.9763560710043192
4I4H_Z9Z,run5_s42,4,1.017567315558203
4K9T_1RD,run5_s42,0,1.081315083733688
4K9T_1RD,run5_s42,1,1.1433822786410048
4K9T_1RD,run5_s42,2,1.8934245190693488
4K9T_1RD,run5_s42,3,1.5867667611400815
4K9T_1RD,run5_s42,4,1.2444164401992381
4K9U_5AW,run5_s42,0,1.2318114256550163
4K9U_5AW,run5_s42,1,1.1566797384028977
4K9U_5AW,run5_s42,2,1.257535375096724
4K9U_5AW,run5_s42,3,1.2552578625383402
4K9U_5AW,run5_s42,4,1.2510282322857764
4K9V_6AW,run5_s42,0,0.850352447643887
4K9V_6AW,run5_s42,1,1.0476474393206314
4K9V_6AW,run5_s42,2,0.9472043815063896
4K9V_6AW,run5_s42,3,0.8099517161880039
4K9V_6AW,run5_s42,4,0.7227432588984654
4K9W_7AW,run5_s42,0,1.2461091644953524
4K9W_7AW,run5_s42,1,0.9601276887856399
4K9W_7AW,run5_s42,2,1.1661187928973555
4K9W_7AW,run5_s42,3,1.0473902995119035
4K9W_7AW,run5_s42,4,0.946958141835097
4K9X_8AW,run5_s42,0,0.7903151314290467
4K9X_8AW,run5_s42,1,0.7937117111369008
4K9X_8AW,run5_s42,2,0.7285492332638169
4K9X_8AW,run5_s42,3,0.7491425149308996
4K9X_8AW,run5_s42,4,0.7704068579549039
4NY4_2QH,run5_s42,0,0.7986076271909153
4NY4_2QH,run5_s42,1,0.7719506469222526
4NY4_2QH,run5_s42,2,0.8665751797629082
4NY4_2QH,run5_s42,3,0.8012327175164162
4NY4_2QH,run5_s42,4,0.7793860578534636
5G5J_MF8,run5_s42,0,1.5327860071014672
5G5J_MF8,run5_s42,1,1.8518468189403603
5G5J_MF8,run5_s42,2,1.3880628921504437
5G5J_MF8,run5_s42,3,1.9596363717181382
5G5J_MF8,run5_s42,4,23.6811100293914
5TE8_08J,run5_s42,0,1.986591869979692
5TE8_08J,run5_s42,1,1.6753205543421803
5TE8_08J,run5_s42,2,1.8783020509929487
5TE8_08J,run5_s42,3,1.9416333469359175
5TE8_08J,run5_s42,4,1.9652524352200662
6BCZ_D7Y,run5_s42,0,1.086910666208421
6BCZ_D7Y,run5_s42,1,1.121425498936454
6BCZ_D7Y,run5_s42,2,1.312052483192404
6BCZ_D7Y,run5_s42,3,1.1285712719409156
6BCZ_D7Y,run5_s42,4,1.5703576137104882
6BD5_D7M,run5_s42,0,1.3076610131444262
6BD5_D7M,run5_s42,1,1.020502805431431
6BD5_D7M,run5_s42,2,1.2219177738164897
6BD5_D7M,run5_s42,3,1.0037236719235376
6BD5_D7M,run5_s42,4,1.1221719989515546
6BD6_80K,run5_s42,0,1.2335761692276195
6BD6_80K,run5_s42,1,1.2816488073749686
6BD6_80K,run5_s42,2,1.1690952205911467
6BD6_80K,run5_s42,3,1.182384485371409
6BD6_80K,run5_s42,4,1.56325916871877
6BD7_D7J,run5_s42,0,1.2163418241222381
6BD7_D7J,run5_s42,1,1.2385421957566944
6BD7_D7J,run5_s42,2,1.2034682709598188
6BD7_D7J,run5_s42,3,1.278022996603861
6BD7_D7J,run5_s42,4,1.171743872938709
6BD8_D81,run5_s42,0,1.1014728020698017
6BD8_D81,run5_s42,1,1.2904327549004984
6BD8_D81,run5_s42,2,1.1964255743357188
6BD8_D81,run5_s42,3,1.2911045697408066
6BD8_D81,run5_s42,4,1.3785111390038527
6BDH_DEV,run5_s42,0,0.8396003098756614
6BDH_DEV,run5_s42,1,0.7926316714354454
6BDH_DEV,run5_s42,2,0.8032340724812179
6BDH_DEV,run5_s42,3,0.8782226170283669
6BDH_DEV,run5_s42,4,0.7911011019219399
6BDI_DEJ,run5_s42,0,1.2301054728932337
6BDI_DEJ,run5_s42,1,1.4117694218131176
6BDI_DEJ,run5_s42,2,1.4859351404755314
6BDI_DEJ,run5_s42,3,1.2817368357190257
6BDI_DEJ,run5_s42,4,1.525564239343192
6BDK_DJ1,run5_s42,0,1.9536941369304561
6BDK_DJ1,run5_s42,1,1.8059034085582055
6BDK_DJ1,run5_s42,2,1.7563733755270423
6BDK_DJ1,run5_s42,3,1.9108117471634543
6BDK_DJ1,run5_s42,4,1.6905272471466732
6BDM_Y83,run5_s42,0,1.3611435025620215
6BDM_Y83,run5_s42,1,1.169258443001593
6BDM_Y83,run5_s42,2,1.128629023639767
6BDM_Y83,run5_s42,3,1.4375485062707998
6BDM_Y83,run5_s42,4,1.3099153425648435
6DA2_G0D,run5_s42,0,0.8709878707687029
6DA2_G0D,run5_s42,1,0.879982873703843
6DA2_G0D,run5_s42,2,0.9861054380645949
6DA2_G0D,run5_s42,3,0.8920954647950694
6DA2_G0D,run5_s42,4,0.8753150078950558
6DA5_G1J,run5_s42,0,0.8771867109752044
6DA5_G1J,run5_s42,1,0.8608659483675406
6DA5_G1J,run5_s42,2,0.8633485062561561
6DA5_G1J,run5_s42,3,0.8831244116966687
6DA5_G1J,run5_s42,4,0.8913072504935154
6DA8_G0J,run5_s42,0,1.4062479550031783
6DA8_G0J,run5_s42,1,1.192868241122582
6DA8_G0J,run5_s42,2,1.043923066611487
6DA8_G0J,run5_s42,3,1.5671500477713218
6DA8_G0J,run5_s42,4,1.2191113723762705
6DAA_G0M,run5_s42,0,1.0745990447231986
6DAA_G0M,run5_s42,1,0.8791486438035498
6DAA_G0M,run5_s42,2,1.0431013899784192
6DAA_G0M,run5_s42,3,0.9457941993665403
6DAA_G0M,run5_s42,4,1.0785941861150437
6DAB_G0V,run5_s42,0,0.8573813571864012
6DAB_G0V,run5_s42,1,0.8180432000681636
6DAB_G0V,run5_s42,2,0.8500283261263192
6DAB_G0V,run5_s42,3,0.8233653840966637
6DAB_G0V,run5_s42,4,0.8710723546438208
6DAC_FZV,run5_s42,0,0.9935858445528015
6DAC_FZV,run5_s42,1,1.0613258129195176
6DAC_FZV,run5_s42,2,1.0249532868590934
6DAC_FZV,run5_s42,3,1.0073059557828086
6DAC_FZV,run5_s42,4,0.9870890187926257
6OO9_MWV,run5_s42,0,1.149867214543193
6OO9_MWV,run5_s42,1,1.1208836376447622
6OO9_MWV,run5_s42,2,1.1875500501672878
6OO9_MWV,run5_s42,3,1.2099579829241556
6OO9_MWV,run5_s42,4,1.402238930774476
6OOA_MWY,run5_s42,0,1.3295406344198388
6OOA_MWY,run5_s42,1,1.3282027894667972
6OOA_MWY,run5_s42,2,1.3553161886909844
6OOA_MWY,run5_s42,3,1.412919798034903
6OOA_MWY,run5_s42,4,1.5706831864749382
6OOB_MWS,run5_s42,0,0.8460110549031488
6OOB_MWS,run5_s42,1,1.7160628423592368
6OOB_MWS,run5_s42,2,1.5212223128497513
6OOB_MWS,run5_s42,3,1.7384632832369438
6OOB_MWS,run5_s42,4,2.723546142840676
6UNE_QES,run5_s42,0,1.1480157067851573
6UNE_QES,run5_s42,1,1.1247128656056766
6UNE_QES,run5_s42,2,1.1972332378510588
6UNE_QES,run5_s42,3,1.2266817548319826
6UNE_QES,run5_s42,4,1.1713479411713423
6UNG_QEP,run5_s42,0,0.7770701243266819
6UNG_QEP,run5_s42,1,0.7476526276586087
6UNG_QEP,run5_s42,2,1.5076357276173062
6UNG_QEP,run5_s42,3,1.403784586597588
6UNG_QEP,run5_s42,4,1.0341467831723816
6UNH_QEA,run5_s42,0,1.6272561231578313
6UNH_QEA,run5_s42,1,1.4749026304441146
6UNH_QEA,run5_s42,2,0.9646361146202896
6UNH_QEA,run5_s42,3,1.4658715935682254
6UNH_QEA,run5_s42,4,1.7081544723544297
6UNI_QDV,run5_s42,0,1.4432756399732476
6UNI_QDV,run5_s42,1,1.2502336808263685
6UNI_QDV,run5_s42,2,1.2812044504570443
6UNI_QDV,run5_s42,3,1.6245553239383577
6UNI_QDV,run5_s42,4,1.153503059288329
6UNJ_QDY,run5_s42,0,0.8214936084643129
6UNJ_QDY,run5_s42,1,0.6394584187794194
6UNJ_QDY,run5_s42,2,0.7732822317958702
6UNJ_QDY,run5_s42,3,0.626874352356557
6UNJ_QDY,run5_s42,4,0.7954284105393352
6UNK_QE4,run5_s42,0,0.737963736351554
6UNK_QE4,run5_s42,1,0.6785774579522867
6UNK_QE4,run5_s42,2,0.8150170002148622
6UNK_QE4,run5_s42,3,0.8431857293857157
6UNK_QE4,run5_s42,4,1.1416319392070744
6UNL_QDJ,run5_s42,0,0.9738303063971631
6UNL_QDJ,run5_s42,1,0.8042508871099615
6UNL_QDJ,run5_s42,2,0.9704695777247655
6UNL_QDJ,run5_s42,3,0.9091012012749161
6UNL_QDJ,run5_s42,4,1.249478842996624
6UNM_QDP,run5_s42,0,0.9298441077737641
6UNM_QDP,run5_s42,1,0.7683067035577876
6UNM_QDP,run5_s42,2,0.7745569637745746
6UNM_QDP,run5_s42,3,0.7800347244420243
6UNM_QDP,run5_s42,4,0.8351830125162696
7KVH_X5Y,run5_s42,0,0.5689682629569236
7KVH_X5Y,run5_s42,1,0.6346626548485513
7KVH_X5Y,run5_s42,2,0.5750298012791286
7KVH_X5Y,run5_s42,3,0.6123282923328177
7KVH_X5Y,run5_s42,4,0.6532527401007276
7KVI_X7P,run5_s42,0,0.5255492642378266
7KVI_X7P,run5_s42,1,0.5841645258643765
7KVI_X7P,run5_s42,2,0.6468343963272937
7KVI_X7P,run5_s42,3,0.6655363151638375
7KVI_X7P,run5_s42,4,0.5581649678365767
7KVJ_X7M,run5_s42,0,0.7255099203640983
7KVJ_X7M,run5_s42,1,0.7481164888272598
7KVJ_X7M,run5_s42,2,0.6490708499762526
7KVJ_X7M,run5_s42,3,0.6286494000543362
7KVJ_X7M,run5_s42,4,0.6015426664463404
7KVK_X7J,run5_s42,0,0.6180996354533319
7KVK_X7J,run5_s42,1,0.6593805973468538
7KVK_X7J,run5_s42,2,0.644906777357681
7KVK_X7J,run5_s42,3,0.5622337743513984
7KVK_X7J,run5_s42,4,0.7334377713563397
7KVM_X71,run5_s42,0,1.0284309696459004
7KVM_X71,run5_s42,1,1.1330817814120402
7KVM_X71,run5_s42,2,1.0490996175560356
7KVM_X71,run5_s42,3,1.151479700918909
7KVM_X71,run5_s42,4,0.9828987049525552
7KVN_X6V,run5_s42,0,1.5320746683446422
7KVN_X6V,run5_s42,1,1.7081803956368653
7KVN_X6V,run5_s42,2,1.6108248909413374
7KVN_X6V,run5_s42,3,1.6363660866158776
7KVN_X6V,run5_s42,4,1.1416429504876273
7KVO_X6S,run5_s42,0,0.6782404611300898
7KVO_X6S,run5_s42,1,0.6562031685127726
7KVO_X6S,run5_s42,2,0.7345656798006143
7KVO_X6S,run5_s42,3,0.8152026922844233
7KVO_X6S,run5_s42,4,0.7801435300311462
7KVP_X6J,run5_s42,0,0.5545651547696581
7KVP_X6J,run5_s42,1,0.5307956265102077
7KVP_X6J,run5_s42,2,0.7811956668843454
7KVP_X6J,run5_s42,3,0.7204938328313681
7KVP_X6J,run5_s42,4,0.8025050763288023
7KVQ_X7D,run5_s42,0,0.6017616132116578
7KVQ_X7D,run5_s42,1,0.7695267524496167
7KVQ_X7D,run5_s42,2,0.687307102753755
7KVQ_X7D,run5_s42,3,0.7067559020177758
7KVQ_X7D,run5_s42,4,1.6692711249104544
7KVS_X74,run5_s42,0,0.6897393340941826
7KVS_X74,run5_s42,1,0.4733333729501877
7KVS_X74,run5_s42,2,0.7249229220702174
7KVS_X74,run5_s42,3,0.6772209291472946
7KVS_X74,run5_s42,4,0.7967936867330252
7LXL_YNV,run5_s42,0,1.39848228852568
7LXL_YNV,run5_s42,1,1.872472116239676
7LXL_YNV,run5_s42,2,1.6094597925730478
7LXL_YNV,run5_s42,3,1.6280097970396332
7LXL_YNV,run5_s42,4,1.6818856740940922
7UF9_NH0,run5_s42,0,1.0844644209301615
7UF9_NH0,run5_s42,1,1.018329400387458
7UF9_NH0,run5_s42,2,1.1033300491196405
7UF9_NH0,run5_s42,3,0.9231458261799448
7UF9_NH0,run5_s42,4,0.8558912973586499
7UFA_NI6,run5_s42,0,0.7587553534333532
7UFA_NI6,run5_s42,1,0.6109953462938867
7UFA_NI6,run5_s42,2,0.7569627197924514
7UFA_NI6,run5_s42,3,0.8145914405142861
7UFA_NI6,run5_s42,4,0.6070705228357058
7UFB_NJ0,run5_s42,0,0.8585611757621074
7UFB_NJ0,run5_s42,1,0.9095202008390658
7UFB_NJ0,run5_s42,2,0.8999125699867284
7UFB_NJ0,run5_s42,3,0.8864433813011893
7UFB_NJ0,run5_s42,4,0.9324862880012179
7UFC_NJO,run5_s42,0,0.9379256337801662
7UFC_NJO,run5_s42,1,0.9067489398849854
7UFC_NJO,run5_s42,2,0.8766014516903792
7UFC_NJO,run5_s42,3,0.9273140338361134
7UFC_NJO,run5_s42,4,0.8660830201884436
7UFD_T0K,run5_s42,0,0.6701600562251734
7UFD_T0K,run5_s42,1,0.6468149598234514
7UFD_T0K,run5_s42,2,0.82665490112668
7UFD_T0K,run5_s42,3,0.702327067698263
7UFD_T0K,run5_s42,4,0.7744933054571321
7UFE_NXR,run5_s42,0,0.8086262358490127
7UFE_NXR,run5_s42,1,0.8407088080281948
7UFE_NXR,run5_s42,2,0.905250850026633
7UFE_NXR,run5_s42,3,0.7979922055043398
7UFE_NXR,run5_s42,4,0.8061563281034742
7UFF_NYF,run5_s42,0,0.795008713441407
7UFF_NYF,run5_s42,1,0.8218991934087523
7UFF_NYF,run5_s42,2,0.7541541173943916
7UFF_NYF,run5_s42,3,0.9407477226952469
7UFF_NYF,run5_s42,4,0.870997541326454
8SO1_CFF,run5_s42,0,0.5223647340926658
8SO1_CFF,run5_s42,1,0.6640950822553483
8SO1_CFF,run5_s42,2,0.4575630677543825
8SO1_CFF,run5_s42,3,0.576067388879362
8SO1_CFF,run5_s42,4,1.3927108433776854
8SPD_CL6,run5_s42,0,0.7253942801833593
8SPD_CL6,run5_s42,1,0.420711456214837
8SPD_CL6,run5_s42,2,0.6763670743877505
8SPD_CL6,run5_s42,3,0.5292190163442131
8SPD_CL6,run5_s42,4,0.6577887184885486
9BBB_A1APA,run5_s42,0,1.0664858610919274
9BBB_A1APA,run5_s42,1,1.1330560218998103
9BBB_A1APA,run5_s42,2,1.0102866151681316
9BBB_A1APA,run5_s42,3,1.1931440600217857
9BBB_A1APA,run5_s42,4,1.10715188395851
9BV5_A1ASV,run5_s42,0,0.7149533628138949
9BV5_A1ASV,run5_s42,1,0.7918509129802934
9BV5_A1ASV,run5_s42,2,1.757514253635468
9BV5_A1ASV,run5_s42,3,1.5406766063216106
9BV5_A1ASV,run5_s42,4,0.6958958758212593
9BV6_A1ASU,run5_s42,0,0.878704348503293
9BV6_A1ASU,run5_s42,1,1.2438112998902546
9BV6_A1ASU,run5_s42,2,0.880294024880347
9BV6_A1ASU,run5_s42,3,1.8428261218987825
9BV6_A1ASU,run5_s42,4,2.302057191390008
9BV6_PG0,run5_s42,0,2.8704530135639064
9BV6_PG0,run5_s42,1,3.1393211602634223
9BV6_PG0,run5_s42,2,2.9751418459964927
9BV6_PG0,run5_s42,3,3.0062863897269323
9BV6_PG0,run5_s42,4,24.140129061127183
9BV7_A1AST,run5_s42,0,1.356269387903818
9BV7_A1AST,run5_s42,1,1.2528884406573568
9BV7_A1AST,run5_s42,2,1.390995376015917
9BV7_A1AST,run5_s42,3,1.316561427058442
9BV7_A1AST,run5_s42,4,1.3397795373924488
9BV8_A1ASS,run5_s42,0,0.6187632731463949
9BV8_A1ASS,run5_s42,1,0.6328485769162269
9BV8_A1ASS,run5_s42,2,0.714216037127617
9BV8_A1ASS,run5_s42,3,0.6484615282407903
9BV8_A1ASS,run5_s42,4,0.6692221318721084
9BV9_A1ASR,run5_s42,0,1.241927426523331
9BV9_A1ASR,run5_s42,1,1.2274496857821042
9BV9_A1ASR,run5_s42,2,1.0617561236551933
9BV9_A1ASR,run5_s42,3,1.7093505909652418
9BV9_A1ASR,run5_s42,4,1.666666661350048
9BVA_A1ASQ,run5_s42,0,1.201493960803249
9BVA_A1ASQ,run5_s42,1,1.1662421719726677
9BVA_A1ASQ,run5_s42,2,1.3194873228665982
9BVA_A1ASQ,run5_s42,3,1.335084729650544
9BVA_A1ASQ,run5_s42,4,1.0763176057542638
9BVB_A1ASP,run5_s42,0,1.203366351761675
9BVB_A1ASP,run5_s42,1,1.0500307810065945
9BVB_A1ASP,run5_s42,2,1.0549617648971121
9BVB_A1ASP,run5_s42,3,1.4166942928942425
9BVB_A1ASP,run5_s42,4,0.9034302405814311
9BVC_A1ASO,run5_s42,0,1.0547572776274647
9BVC_A1ASO,run5_s42,1,1.1582572992823903
9BVC_A1ASO,run5_s42,2,1.2626063823777876
9BVC_A1ASO,run5_s42,3,1.2902256407133081
9BVC_A1ASO,run5_s42,4,1.0771856192310152
9COR_A1A07,run5_s42,0,1.409541518187549
9COR_A1A07,run5_s42,1,1.4570638567238363
9COR_A1A07,run5_s42,2,1.029428904117767
9COR_A1A07,run5_s42,3,1.397200530039779
9COR_A1A07,run5_s42,4,1.2315558886775497
9COS_A1A06,run5_s42,0,0.8411630272208113
9COS_A1A06,run5_s42,1,0.856472238434493
9COS_A1A06,run5_s42,2,0.9437375102508909
9COS_A1A06,run5_s42,3,0.8262918790369719
9COS_A1A06,run5_s42,4,0.9063179145618049
9COT_A1A08,run5_s42,0,0.7751866557514353
9COT_A1A08,run5_s42,1,0.8457328146670361
9COT_A1A08,run5_s42,2,0.823259917583277
9COT_A1A08,run5_s42,3,0.8227915059820433
9COT_A1A08,run5_s42,4,0.8832697676414659
9COU_A1A4U,run5_s42,0,0.9671334601265131
9COU_A1A4U,run5_s42,1,1.028580886950466
9COU_A1A4U,run5_s42,2,0.9853087171939806
9COU_A1A4U,run5_s42,3,0.9384540441138315
9COU_A1A4U,run5_s42,4,1.4091009246130675
9COV_A1A4S,run5_s42,0,1.3167423980440398
9COV_A1A4S,run5_s42,1,0.9875219424093823
9COV_A1A4S,run5_s42,2,1.6462986054379383
9COV_A1A4S,run5_s42,3,1.195333633699402
9COV_A1A4S,run5_s42,4,1.1529355316964598
9COW_A1A4V,run5_s42,0,1.1403033765052255
9COW_A1A4V,run5_s42,1,1.0634740926473671
9COW_A1A4V,run5_s42,2,0.8093645566600314
9COW_A1A4V,run5_s42,3,1.017993871013786
9COW_A1A4V,run5_s42,4,1.028227508428881
9COX_A1A4K,run5_s42,0,1.3543334792537276
9COX_A1A4K,run5_s42,1,1.413907998830464
9COX_A1A4K,run5_s42,2,0.9158318805086559
9COX_A1A4K,run5_s42,3,1.3348342577658283
9COX_A1A4K,run5_s42,4,1.3814069504540545
9COY_A1A4T,run5_s42,0,1.5979453404641524
9COY_A1A4T,run5_s42,1,1.576233195741716
9COY_A1A4T,run5_s42,2,1.4756451671806035
9COY_A1A4T,run5_s42,3,1.6422435534233935
9COY_A1A4T,run5_s42,4,1.625429957327455
9MS1_A1BNX,run5_s42,0,1.2660153030508965
9MS1_A1BNX,run5_s42,1,0.9624334154783311
9MS1_A1BNX,run5_s42,2,1.030704426480527
9MS1_A1BNX,run5_s42,3,1.591467374823562
9MS1_A1BNX,run5_s42,4,1.0614842080249216
9PLJ_TCI,run5_s42,0,1.8239945287127686
9PLJ_TCI,run5_s42,1,1.4859669012296226
9PLJ_TCI,run5_s42,2,1.441620845934753
9PLJ_TCI,run5_s42,3,1.55619689675321
9PLJ_TCI,run5_s42,4,2.3959236222429525
9PLK_A1CIW,run5_s42,0,1.7068184186687614
9PLK_A1CIW,run5_s42,1,1.6531049929850885
9PLK_A1CIW,run5_s42,2,1.8190463486252908
9PLK_A1CIW,run5_s42,3,1.5621954529838555
9PLK_A1CIW,run5_s42,4,2.55710304815065
9YK4_PG4,run5_s42,0,3.422925547741738
9YK4_PG4,run5_s42,1,3.8940362763764313
9YK4_PG4,run5_s42,2,3.4614006962306787
9YK4_PG4,run5_s42,3,3.4405815366428727
9YK4_PG4,run5_s42,4,3.3546724255797558
1W0G_MYT,run5_s43,0,0.7985118254490252
1W0G_MYT,run5_s43,1,0.9478227164942011
1W0G_MYT,run5_s43,2,1.0906605806674392
1W0G_MYT,run5_s43,3,1.0243684441822973
1W0G_MYT,run5_s43,4,1.2379932564924907
2J0D_ERY,run5_s43,0,1.1512601133554825
2J0D_ERY,run5_s43,1,1.7465595680367072
2J0D_ERY,run5_s43,2,1.3712074313843017
2J0D_ERY,run5_s43,3,1.746885159368518
2J0D_ERY,run5_s43,4,1.1276964173457322
2V0M_KLN,run5_s43,0,1.4277811158633844
2V0M_KLN,run5_s43,1,1.382028100615201
2V0M_KLN,run5_s43,2,1.235484031778325
2V0M_KLN,run5_s43,3,1.5905831462946927
2V0M_KLN,run5_s43,4,1.7054705618271566
3NXU_RIT,run5_s43,0,1.028530300886876
3NXU_RIT,run5_s43,1,0.9890572350673797
3NXU_RIT,run5_s43,2,0.898628933482775
3NXU_RIT,run5_s43,3,0.9330971814075424
3NXU_RIT,run5_s43,4,0.9606948257139573
3TJS_D0R,run5_s43,0,1.5072182738958215
3TJS_D0R,run5_s43,1,1.6390200314533727
3TJS_D0R,run5_s43,2,1.4681008932775113
3TJS_D0R,run5_s43,3,1.5144532363647452
3TJS_D0R,run5_s43,4,1.534927141931704
3UA1_08Y,run5_s43,0,0.89433108201592
3UA1_08Y,run5_s43,1,1.1370931387185
3UA1_08Y,run5_s43,2,1.0154537105662333
3UA1_08Y,run5_s43,3,1.0565048718287837
3UA1_08Y,run5_s43,4,1.1313618611124447
4D6Z_PK9,run5_s43,0,1.0118080227028023
4D6Z_PK9,run5_s43,1,1.035288767006726
4D6Z_PK9,run5_s43,2,0.9890240104640114
4D6Z_PK9,run5_s43,3,1.2647918062242798
4D6Z_PK9,run5_s43,4,1.7451820624489913
4D78_J9K,run5_s43,0,1.1444421981712396
4D78_J9K,run5_s43,1,1.2240112107020906
4D78_J9K,run5_s43,2,1.1822264978356458
4D78_J9K,run5_s43,3,0.886733063990883
4D78_J9K,run5_s43,4,1.2379249648931772
4D7D_PKT,run5_s43,0,1.621464197668388
4D7D_PKT,run5_s43,1,1.7213461662347629
4D7D_PKT,run5_s43,2,1.4903081622258052
4D7D_PKT,run5_s43,3,1.7603894208763349
4D7D_PKT,run5_s43,4,1.7004142896577743
4I4G_Z8Z,run5_s43,0,1.0157408124041185
4I4G_Z8Z,run5_s43,1,0.9494367168026194
4I4G_Z8Z,run5_s43,2,0.8405853024661231
4I4G_Z8Z,run5_s43,3,0.8348729012303658
4I4G_Z8Z,run5_s43,4,0.9350493231499151
4I4H_Z9Z,run5_s43,0,1.0242797009191822
4I4H_Z9Z,run5_s43,1,1.0521011897413985
4I4H_Z9Z,run5_s43,2,1.0423306299071573
4I4H_Z9Z,run5_s43,3,1.0086565866500268
4I4H_Z9Z,run5_s43,4,0.9697014900336054
4K9T_1RD,run5_s43,0,1.650263435109486
4K9T_1RD,run5_s43,1,1.240147371418356
4K9T_1RD,run5_s43,2,1.4266953253846362
4K9T_1RD,run5_s43,3,1.6370592656267728
4K9T_1RD,run5_s43,4,1.0989858299315982
4K9U_5AW,run5_s43,0,1.1297337296181418
4K9U_5AW,run5_s43,1,1.450860583685193
4K9U_5AW,run5_s43,2,1.1816072860591202
4K9U_5AW,run5_s43,3,1.2240998060110768
4K9U_5AW,run5_s43,4,1.4417781729645216
4K9V_6AW,run5_s43,0,0.7736520404451314
4K9V_6AW,run5_s43,1,0.8731259172869333
4K9V_6AW,run5_s43,2,0.8447698439114208
4K9V_6AW,run5_s43,3,0.8813667141467494
4K9V_6AW,run5_s43,4,0.9416267049833059
4K9W_7AW,run5_s43,0,1.1618581098356435
4K9W_7AW,run5_s43,1,1.1572329311281846
4K9W_7AW,run5_s43,2,1.176603482166914
4K9W_7AW,run5_s43,3,0.9407768929577146
4K9W_7AW,run5_s43,4,1.0535512398833224
4K9X_8AW,run5_s43,0,0.7484596850813267
4K9X_8AW,run5_s43,1,0.7246356063890199
4K9X_8AW,run5_s43,2,0.8140328689947027
4K9X_8AW,run5_s43,3,0.7535623886470767
4K9X_8AW,run5_s43,4,0.79757493225186
4NY4_2QH,run5_s43,0,0.8346145695031255
4NY4_2QH,run5_s43,1,0.8174923599345891
4NY4_2QH,run5_s43,2,0.7653872700908474
4NY4_2QH,run5_s43,3,0.8195660379558652
4NY4_2QH,run5_s43,4,0.8560944736425724
5G5J_MF8,run5_s43,0,1.3976050473214527
5G5J_MF8,run5_s43,1,1.5598486351314975
5G5J_MF8,run5_s43,2,2.215366678695197
5G5J_MF8,run5_s43,3,1.4849575631495036
5G5J_MF8,run5_s43,4,2.003053389006737
5TE8_08J,run5_s43,0,1.6287221303234505
5TE8_08J,run5_s43,1,1.3586422546754902
5TE8_08J,run5_s43,2,1.4586356049277265
5TE8_08J,run5_s43,3,1.5875677298418813
5TE8_08J,run5_s43,4,1.6158442841276428
6BCZ_D7Y,run5_s43,0,1.080096247792166
6BCZ_D7Y,run5_s43,1,1.1128130943099535
6BCZ_D7Y,run5_s43,2,1.827172927689854
6BCZ_D7Y,run5_s43,3,1.2340679347344747
6BCZ_D7Y,run5_s43,4,1.429857107074618
6BD5_D7M,run5_s43,0,1.0312458504819089
6BD5_D7M,run5_s43,1,1.2160801359958282
6BD5_D7M,run5_s43,2,1.0579634690750248
6BD5_D7M,run5_s43,3,1.0282896516317266
6BD5_D7M,run5_s43,4,1.0461810437657746
6BD6_80K,run5_s43,0,1.315775782022894
6BD6_80K,run5_s43,1,1.2803762516764117
6BD6_80K,run5_s43,2,1.215803228924928
6BD6_80K,run5_s43,3,1.2645911100886125
6BD6_80K,run5_s43,4,1.2276721498253569
6BD7_D7J,run5_s43,0,1.207201243142267
6BD7_D7J,run5_s43,1,1.243206065458774
6BD7_D7J,run5_s43,2,1.205450264925547
6BD7_D7J,run5_s43,3,1.1508500963615262
6BD7_D7J,run5_s43,4,1.0558279784797582
6BD8_D81,run5_s43,0,1.3669889106932884
6BD8_D81,run5_s43,1,1.3481983011870422
6BD8_D81,run5_s43,2,1.3096505972017385
6BD8_D81,run5_s43,3,1.348439130686107
6BD8_D81,run5_s43,4,1.3809913016259088
6BDH_DEV,run5_s43,0,0.8004594233522528
6BDH_DEV,run5_s43,1,0.8817321727482855
6BDH_DEV,run5_s43,2,0.8477402988494488
6BDH_DEV,run5_s43,3,0.757862713334948
6BDH_DEV,run5_s43,4,0.7164255929583553
6BDI_DEJ,run5_s43,0,1.231749662881411
6BDI_DEJ,run5_s43,1,1.773441074650026
6BDI_DEJ,run5_s43,2,1.2320080902756483
6BDI_DEJ,run5_s43,3,1.8680248122655616
6BDI_DEJ,run5_s43,4,1.4667411424660877
6BDK_DJ1,run5_s43,0,2.1375752843851314
6BDK_DJ1,run5_s43,1,1.5985895238640782
6BDK_DJ1,run5_s43,2,1.7285689187975937
6BDK_DJ1,run5_s43,3,2.0493964303672203
6BDK_DJ1,run5_s43,4,1.8666851748265774
6BDM_Y83,run5_s43,0,1.1166117243816716
6BDM_Y83,run5_s43,1,1.2248854832894562
6BDM_Y83,run5_s43,2,1.2351709184077013
6BDM_Y83,run5_s43,3,1.2799125023154625
6BDM_Y83,run5_s43,4,1.2821164288188172
6DA2_G0D,run5_s43,0,0.853770825913581
6DA2_G0D,run5_s43,1,0.9186686868340583
6DA2_G0D,run5_s43,2,0.8833124676516072
6DA2_G0D,run5_s43,3,0.9494593660988208
6DA2_G0D,run5_s43,4,1.0414050096626446
6DA5_G1J,run5_s43,0,1.3795242426196164
6DA5_G1J,run5_s43,1,0.8894977097502554
6DA5_G1J,run5_s43,2,0.8268126288046763
6DA5_G1J,run5_s43,3,0.9122676549683113
6DA5_G1J,run5_s43,4,0.8795392009900604
6DA8_G0J,run5_s43,0,1.4980175634623758
6DA8_G0J,run5_s43,1,1.5299745210531221
6DA8_G0J,run5_s43,2,0.9476830857974622
6DA8_G0J,run5_s43,3,1.4563960487151482
6DA8_G0J,run5_s43,4,1.3802272883266429
6DAA_G0M,run5_s43,0,1.09978487827546
6DAA_G0M,run5_s43,1,1.0690152668343105
6DAA_G0M,run5_s43,2,1.0965765144871735
6DAA_G0M,run5_s43,3,0.8958240840153509
6DAA_G0M,run5_s43,4,0.9097409760999222
6DAB_G0V,run5_s43,0,0.8037377197909108
6DAB_G0V,run5_s43,1,0.751040393227342
6DAB_G0V,run5_s43,2,0.7832783041958554
6DAB_G0V,run5_s43,3,0.8237969528353233
6DAB_G0V,run5_s43,4,0.8177855641588744
6DAC_FZV,run5_s43,0,1.0401241868907465
6DAC_FZV,run5_s43,1,0.9694052588981114
6DAC_FZV,run5_s43,2,0.8582729517404649
6DAC_FZV,run5_s43,3,0.8909159926351594
6DAC_FZV,run5_s43,4,0.9825723520099561
6OO9_MWV,run5_s43,0,1.3238095427447345
6OO9_MWV,run5_s43,1,1.2430887952639122
6OO9_MWV,run5_s43,2,1.1756774764496851
6OO9_MWV,run5_s43,3,1.3394663602710308
6OO9_MWV,run5_s43,4,1.2510818617085957
6OOA_MWY,run5_s43,0,1.380900142466478
6OOA_MWY,run5_s43,1,1.4293711652898566
6OOA_MWY,run5_s43,2,1.4916643888659507
6OOA_MWY,run5_s43,3,1.455125411371398
6OOA_MWY,run5_s43,4,1.4561393695301408
6OOB_MWS,run5_s43,0,0.8202714860970339
6OOB_MWS,run5_s43,1,1.2218332535276712
6OOB_MWS,run5_s43,2,1.107119495008562
6OOB_MWS,run5_s43,3,1.0138482332899847
6OOB_MWS,run5_s43,4,1.211861286197692
6UNE_QES,run5_s43,0,1.1016977089499531
6UNE_QES,run5_s43,1,1.7131051691504815
6UNE_QES,run5_s43,2,1.2513750046286003
6UNE_QES,run5_s43,3,1.150538162538769
6UNE_QES,run5_s43,4,1.211470012560065
6UNG_QEP,run5_s43,0,0.7441980855845035
6UNG_QEP,run5_s43,1,0.7784876865656544
6UNG_QEP,run5_s43,2,1.0263430538294223
6UNG_QEP,run5_s43,3,1.0804139422138233
6UNG_QEP,run5_s43,4,0.7404534397952375
6UNH_QEA,run5_s43,0,1.6330121076600903
6UNH_QEA,run5_s43,1,1.648412092294449
6UNH_QEA,run5_s43,2,1.9342476817263747
6UNH_QEA,run5_s43,3,1.5182407625180119
6UNH_QEA,run5_s43,4,1.6970179244054648
6UNI_QDV,run5_s43,0,1.7247962983369163
6UNI_QDV,run5_s43,1,1.558351382546886
6UNI_QDV,run5_s43,2,1.7052089709915716
6UNI_QDV,run5_s43,3,1.353712118846993
6UNI_QDV,run5_s43,4,1.532272448354423
6UNJ_QDY,run5_s43,0,0.8151054721602493
6UNJ_QDY,run5_s43,1,0.8549935118537835
6UNJ_QDY,run5_s43,2,0.7479606847968945
6UNJ_QDY,run5_s43,3,0.7968773052485093
6UNJ_QDY,run5_s43,4,0.9888100287917924
6UNK_QE4,run5_s43,0,0.932302559183998
6UNK_QE4,run5_s43,1,0.7667326938334469
6UNK_QE4,run5_s43,2,0.7004541265839137
6UNK_QE4,run5_s43,3,0.9088764896463941
6UNK_QE4,run5_s43,4,0.990601161620364
6UNL_QDJ,run5_s43,0,0.8780457138895088
6UNL_QDJ,run5_s43,1,0.9683600227792404
6UNL_QDJ,run5_s43,2,1.0239649085623634
6UNL_QDJ,run5_s43,3,0.7912188832390264
6UNL_QDJ,run5_s43,4,1.2389344636828414
6UNM_QDP,run5_s43,0,0.7805192927369775
6UNM_QDP,run5_s43,1,0.86601806565434
6UNM_QDP,run5_s43,2,0.7700127197087767
6UNM_QDP,run5_s43,3,0.7586890939535726
6UNM_QDP,run5_s43,4,0.894484148654733
7KVH_X5Y,run5_s43,0,0.6932646367529842
7KVH_X5Y,run5_s43,1,0.6689410245034054
7KVH_X5Y,run5_s43,2,0.6049113095207604
7KVH_X5Y,run5_s43,3,0.6918690621042205
7KVH_X5Y,run5_s43,4,0.5767228028133603
7KVI_X7P,run5_s43,0,0.5144163846869217
7KVI_X7P,run5_s43,1,0.5549516928001488
7KVI_X7P,run5_s43,2,0.7038792416493145
7KVI_X7P,run5_s43,3,0.7740039629647143
7KVI_X7P,run5_s43,4,0.5237296110239923
7KVJ_X7M,run5_s43,0,0.7122709077141612
7KVJ_X7M,run5_s43,1,0.6380958416717922
7KVJ_X7M,run5_s43,2,0.6709337927407761
7KVJ_X7M,run5_s43,3,0.6491444875142388
7KVJ_X7M,run5_s43,4,0.7052373012377063
7KVK_X7J,run5_s43,0,0.7449222664789811
7KVK_X7J,run5_s43,1,0.7145631435410266
7KVK_X7J,run5_s43,2,0.6284216631057211
7KVK_X7J,run5_s43,3,0.7089698006364324
7KVK_X7J,run5_s43,4,0.796430073989483
7KVM_X71,run5_s43,0,1.016791948113682
7KVM_X71,run5_s43,1,1.7396776059768921
7KVM_X71,run5_s43,2,1.0379596439940075
7KVM_X71,run5_s43,3,1.0881310830495472
7KVM_X71,run5_s43,4,1.2135260455158237
7KVN_X6V,run5_s43,0,1.5494103812526128
7KVN_X6V,run5_s43,1,1.5515647686795653
7KVN_X6V,run5_s43,2,1.51498373094594
7KVN_X6V,run5_s43,3,0.9979497397264699
7KVN_X6V,run5_s43,4,1.6679310040090083
7KVO_X6S,run5_s43,0,0.6400561375458499
7KVO_X6S,run5_s43,1,0.6541574855130796
7KVO_X6S,run5_s43,2,0.610294698106584
7KVO_X6S,run5_s43,3,0.5674378252489721
7KVO_X6S,run5_s43,4,0.628084854361811
7KVP_X6J,run5_s43,0,0.6411756447434921
7KVP_X6J,run5_s43,1,0.6700002521813215
7KVP_X6J,run5_s43,2,0.6535394197039387
7KVP_X6J,run5_s43,3,0.7595916794215589
7KVP_X6J,run5_s43,4,0.6469205668614322
7KVQ_X7D,run5_s43,0,0.7286076428400324
7KVQ_X7D,run5_s43,1,0.6001533584745528
7KVQ_X7D,run5_s43,2,0.6875396392711499
7KVQ_X7D,run5_s43,3,0.7848667107207964
7KVQ_X7D,run5_s43,4,0.8698960670189653
7KVS_X74,run5_s43,0,0.5213045192464827
7KVS_X74,run5_s43,1,0.8402047658768327
7KVS_X74,run5_s43,2,0.7178514883795142
7KVS_X74,run5_s43,3,0.7226218562364414
7KVS_X74,run5_s43,4,0.9606354856783257
7LXL_YNV,run5_s43,0,1.7903776093084627
7LXL_YNV,run5_s43,1,1.6163186219284256
7LXL_YNV,run5_s43,2,1.617742446672707
7LXL_YNV,run5_s43,3,1.676625500661182
7LXL_YNV,run5_s43,4,1.876313386353672
7UF9_NH0,run5_s43,0,1.0991655499423123
7UF9_NH0,run5_s43,1,0.9031617724874854
7UF9_NH0,run5_s43,2,1.0403569779449227
7UF9_NH0,run5_s43,3,0.8828577491328309
7UF9_NH0,run5_s43,4,1.0067389824518878
7UFA_NI6,run5_s43,0,0.7790775426729236
7UFA_NI6,run5_s43,1,0.6218795122395501
7UFA_NI6,run5_s43,2,0.6992654305089154
7UFA_NI6,run5_s43,3,0.7652248595721021
7UFA_NI6,run5_s43,4,0.8435564127626554
7UFB_NJ0,run5_s43,0,0.8598792228906227
7UFB_NJ0,run5_s43,1,0.917762661093286
7UFB_NJ0,run5_s43,2,1.0015154767967929
7UFB_NJ0,run5_s43,3,0.9731960188790191
7UFB_NJ0,run5_s43,4,0.9718221676042055
7UFC_NJO,run5_s43,0,0.8720710276320416
7UFC_NJO,run5_s43,1,0.9261483399416436
7UFC_NJO,run5_s43,2,0.8808687498655756
7UFC_NJO,run5_s43,3,0.8995312277645146
7UFC_NJO,run5_s43,4,0.9440761080854446
7UFD_T0K,run5_s43,0,0.6115905562864893
7UFD_T0K,run5_s43,1,0.9227398373275816
7UFD_T0K,run5_s43,2,0.7247457983007726
7UFD_T0K,run5_s43,3,0.7476978916113767
7UFD_T0K,run5_s43,4,0.7738959750535964
7UFE_NXR,run5_s43,0,0.8393390425569637
7UFE_NXR,run5_s43,1,0.7740046970711448
7UFE_NXR,run5_s43,2,0.7844525719985269
7UFE_NXR,run5_s43,3,0.8488672051384615
7UFE_NXR,run5_s43,4,0.9025515498646681
7UFF_NYF,run5_s43,0,0.7418693609143591
7UFF_NYF,run5_s43,1,0.6949054583899046
7UFF_NYF,run5_s43,2,0.7867193131761798
7UFF_NYF,run5_s43,3,0.7845417503918374
7UFF_NYF,run5_s43,4,0.9111142943361009
8SO1_CFF,run5_s43,0,0.6685767651211844
8SO1_CFF,run5_s43,1,0.5069027286459448
8SO1_CFF,run5_s43,2,0.6658646793426165
8SO1_CFF,run5_s43,3,0.6448054084568037
8SO1_CFF,run5_s43,4,0.6450241147360659
8SPD_CL6,run5_s43,0,0.473108239679579
8SPD_CL6,run5_s43,1,0.42941621630059656
8SPD_CL6,run5_s43,2,0.5882677602524888
8SPD_CL6,run5_s43,3,0.42592345028357653
8SPD_CL6,run5_s43,4,0.5195458811607355
9BBB_A1APA,run5_s43,0,0.9214915469029732
9BBB_A1APA,run5_s43,1,1.1623213196769009
9BBB_A1APA,run5_s43,2,1.1079483021693206
9BBB_A1APA,run5_s43,3,1.1026675523361351
9BBB_A1APA,run5_s43,4,1.0321040465021094
9BV5_A1ASV,run5_s43,0,0.7311236810591494
9BV5_A1ASV,run5_s43,1,1.3974281692856003
9BV5_A1ASV,run5_s43,2,0.6083276453807492
9BV5_A1ASV,run5_s43,3,0.7353008868938692
9BV5_A1ASV,run5_s43,4,1.6728892020327348
9BV6_A1ASU,run5_s43,0,0.9296556771222614
9BV6_A1ASU,run5_s43,1,0.7102173613736138
9BV6_A1ASU,run5_s43,2,0.8767899234735733
9BV6_A1ASU,run5_s43,3,0.705264282122972
9BV6_A1ASU,run5_s43,4,1.238189499823701
9BV6_PG0,run5_s43,0,2.982955933334688
9BV6_PG0,run5_s43,1,2.83144626414755
9BV6_PG0,run5_s43,2,2.8819182787779236
9BV6_PG0,run5_s43,3,2.746936868520234
9BV6_PG0,run5_s43,4,2.93556117677066
9BV7_A1AST,run5_s43,0,1.1967908766800164
9BV7_A1AST,run5_s43,1,1.320089543925916
9BV7_A1AST,run5_s43,2,1.2258688171545198
9BV7_A1AST,run5_s43,3,1.1991256944817927
9BV7_A1AST,run5_s43,4,1.2042048546482464
9BV8_A1ASS,run5_s43,0,0.7752459573555482
9BV8_A1ASS,run5_s43,1,0.7131173641820474
9BV8_A1ASS,run5_s43,2,0.641443370926927
9BV8_A1ASS,run5_s43,3,0.7071397991064226
9BV8_A1ASS,run5_s43,4,0.752635379021238
9BV9_A1ASR,run5_s43,0,2.079829063844222
9BV9_A1ASR,run5_s43,1,1.215952320345443
9BV9_A1ASR,run5_s43,2,1.5489304382638172
9BV9_A1ASR,run5_s43,3,1.8120392901448905
9BV9_A1ASR,run5_s43,4,1.6564755061386631
9BVA_A1ASQ,run5_s43,0,1.1494327745255604
9BVA_A1ASQ,run5_s43,1,1.173232664648122
9BVA_A1ASQ,run5_s43,2,1.2236207030210697
9BVA_A1ASQ,run5_s43,3,1.4127418674384358
9BVA_A1ASQ,run5_s43,4,1.2434874956537858
9BVB_A1ASP,run5_s43,0,1.041349211703124
9BVB_A1ASP,run5_s43,1,1.120437421043697
9BVB_A1ASP,run5_s43,2,1.324614650879775
9BVB_A1ASP,run5_s43,3,1.1574624865579328
9BVB_A1ASP,run5_s43,4,1.2842181064320388
9BVC_A1ASO,run5_s43,0,1.0962270188091023
9BVC_A1ASO,run5_s43,1,1.142328990858141
9BVC_A1ASO,run5_s43,2,0.9379197486203246
9BVC_A1ASO,run5_s43,3,1.088489574545432
9BVC_A1ASO,run5_s43,4,1.0748200275068476
9COR_A1A07,run5_s43,0,1.4428442089962608
9COR_A1A07,run5_s43,1,1.1168606210994971
9COR_A1A07,run5_s43,2,1.4264089924467833
9COR_A1A07,run5_s43,3,1.2865965541318174
9COR_A1A07,run5_s43,4,1.2697048754465514
9COS_A1A06,run5_s43,0,0.8695822535202642
9COS_A1A06,run5_s43,1,0.97275147120782
9COS_A1A06,run5_s43,2,0.668642660552034
9COS_A1A06,run5_s43,3,0.8875178321756153
9COS_A1A06,run5_s43,4,0.7936981098951997
9COT_A1A08,run5_s43,0,0.8024669114298799
9COT_A1A08,run5_s43,1,0.811642830250162
9COT_A1A08,run5_s43,2,0.8005040566889472
9COT_A1A08,run5_s43,3,0.867368875210697
9COT_A1A08,run5_s43,4,0.8601037903619869
9COU_A1A4U,run5_s43,0,1.2152687310521875
9COU_A1A4U,run5_s43,1,1.0144428704056605
9COU_A1A4U,run5_s43,2,1.2593462334080177
9COU_A1A4U,run5_s43,3,1.1721754779873215
9COU_A1A4U,run5_s43,4,0.8702451335846068
9COV_A1A4S,run5_s43,0,1.2363256823674054
9COV_A1A4S,run5_s43,1,0.9978099446483896
9COV_A1A4S,run5_s43,2,1.7238724161929757
9COV_A1A4S,run5_s43,3,1.8295291998964582
9COV_A1A4S,run5_s43,4,1.21729074810286
9COW_A1A4V,run5_s43,0,0.7760920574828016
9COW_A1A4V,run5_s43,1,1.0514673572527744
9COW_A1A4V,run5_s43,2,1.0177905253653559
9COW_A1A4V,run5_s43,3,1.0878570038747577
9COW_A1A4V,run5_s43,4,0.803350002300795
9COX_A1A4K,run5_s43,0,1.5644842616076011
9COX_A1A4K,run5_s43,1,1.188292388297248
9COX_A1A4K,run5_s43,2,1.1244487237653036
9COX_A1A4K,run5_s43,3,0.9767999747408653
9COX_A1A4K,run5_s43,4,0.9049538230062951
9COY_A1A4T,run5_s43,0,1.7387638789871738
9COY_A1A4T,run5_s43,1,1.6447604143167038
9COY_A1A4T,run5_s43,2,1.7109330127405362
9COY_A1A4T,run5_s43,3,1.9212837608710716
9COY_A1A4T,run5_s43,4,1.7504714199627256
9MS1_A1BNX,run5_s43,0,1.0129302148131263
9MS1_A1BNX,run5_s43,1,0.8968964095774198
9MS1_A1BNX,run5_s43,2,0.9306104411782721
9MS1_A1BNX,run5_s43,3,0.9681896211342155
9MS1_A1BNX,run5_s43,4,1.695052972938743
9PLJ_TCI,run5_s43,0,1.3714584204987992
9PLJ_TCI,run5_s43,1,1.6030344305730078
9PLJ_TCI,run5_s43,2,1.7054661011144059
9PLJ_TCI,run5_s43,3,1.4650884627278054
9PLJ_TCI,run5_s43,4,2.230467495294569
9PLK_A1CIW,run5_s43,0,1.8678728100050537
9PLK_A1CIW,run5_s43,1,1.7052734359177442
9PLK_A1CIW,run5_s43,2,2.079434819478505
9PLK_A1CIW,run5_s43,3,2.318162055760154
9PLK_A1CIW,run5_s43,4,1.7840413750960984
9YK4_PG4,run5_s43,0,3.489697331917284
9YK4_PG4,run5_s43,1,3.387132630012215
9YK4_PG4,run5_s43,2,3.399122506807779
9YK4_PG4,run5_s43,3,3.5191890158516226
9YK4_PG4,run5_s43,4,23.278849256829748
1W0G_MYT,run5_s44,0,1.1494980296330244
1W0G_MYT,run5_s44,1,1.1288247230873674
1W0G_MYT,run5_s44,2,0.9403648106839004
1W0G_MYT,run5_s44,3,0.9447488287182502
1W0G_MYT,run5_s44,4,1.26664940570072
2J0D_ERY,run5_s44,0,1.761413344374972
2J0D_ERY,run5_s44,1,1.1004340432978497
2J0D_ERY,run5_s44,2,1.2332779390852893
2J0D_ERY,run5_s44,3,1.21157748364905
2J0D_ERY,run5_s44,4,1.203544337017832
2V0M_KLN,run5_s44,0,1.5113629243516808
2V0M_KLN,run5_s44,1,1.5624299079918518
2V0M_KLN,run5_s44,2,1.6737378319593377
2V0M_KLN,run5_s44,3,1.6956804295267816
2V0M_KLN,run5_s44,4,1.5494520046470195
3NXU_RIT,run5_s44,0,1.0330658248245916
3NXU_RIT,run5_s44,1,1.0151634596376817
3NXU_RIT,run5_s44,2,1.0550856300697005
3NXU_RIT,run5_s44,3,0.9447400469002307
3NXU_RIT,run5_s44,4,0.7921238371375449
3TJS_D0R,run5_s44,0,1.6823483843521405
3TJS_D0R,run5_s44,1,1.4425344776013682
3TJS_D0R,run5_s44,2,1.5798515699068731
3TJS_D0R,run5_s44,3,1.4571619724910903
3TJS_D0R,run5_s44,4,1.6616279435564156
3UA1_08Y,run5_s44,0,1.018690918485693
3UA1_08Y,run5_s44,1,1.0182384089877563
3UA1_08Y,run5_s44,2,1.0075360117329244
3UA1_08Y,run5_s44,3,1.234045953848108
3UA1_08Y,run5_s44,4,1.0503368762092231
4D6Z_PK9,run5_s44,0,0.9022448775954379
4D6Z_PK9,run5_s44,1,1.0707762258704854
4D6Z_PK9,run5_s44,2,1.5250621119620305
4D6Z_PK9,run5_s44,3,1.1505212971944627
4D6Z_PK9,run5_s44,4,1.0791396321977804
4D78_J9K,run5_s44,0,1.2856467538979246
4D78_J9K,run5_s44,1,0.8290097259950366
4D78_J9K,run5_s44,2,1.3165087881854025
4D78_J9K,run5_s44,3,0.9111596788116996
4D78_J9K,run5_s44,4,1.008602326621414
4D7D_PKT,run5_s44,0,1.4776863523940185
4D7D_PKT,run5_s44,1,1.6743208254410884
4D7D_PKT,run5_s44,2,1.847469263296631
4D7D_PKT,run5_s44,3,1.6041691302470333
4D7D_PKT,run5_s44,4,1.7301440247483828
4I4G_Z8Z,run5_s44,0,0.9392593352616165
4I4G_Z8Z,run5_s44,1,1.0939586803657924
4I4G_Z8Z,run5_s44,2,0.903902924928734
4I4G_Z8Z,run5_s44,3,1.0007377834751672
4I4G_Z8Z,run5_s44,4,0.7932625712358108
4I4H_Z9Z,run5_s44,0,0.9993407711949683
4I4H_Z9Z,run5_s44,1,0.9823928417132043
4I4H_Z9Z,run5_s44,2,1.0532969905400287
4I4H_Z9Z,run5_s44,3,0.9697736921823435
4I4H_Z9Z,run5_s44,4,0.9586079504300293
4K9T_1RD,run5_s44,0,1.059878785862137
4K9T_1RD,run5_s44,1,0.8618420941932312
4K9T_1RD,run5_s44,2,1.1485041190952059
4K9T_1RD,run5_s44,3,1.2509717151246784
4K9T_1RD,run5_s44,4,1.5324063819791731
4K9U_5AW,run5_s44,0,1.3650380476907065
4K9U_5AW,run5_s44,1,1.2851893815300441
4K9U_5AW,run5_s44,2,1.4343119698773008
4K9U_5AW,run5_s44,3,1.312618631523444
4K9U_5AW,run5_s44,4,1.4953033138744674
4K9V_6AW,run5_s44,0,0.8003424358986376
4K9V_6AW,run5_s44,1,0.7257184195431821
4K9V_6AW,run5_s44,2,1.020310034587034
4K9V_6AW,run5_s44,3,1.0095647444243827
4K9V_6AW,run5_s44,4,0.8697931200906298
4K9W_7AW,run5_s44,0,1.0629046338926307
4K9W_7AW,run5_s44,1,1.0615742231289163
4K9W_7AW,run5_s44,2,1.2588029021515255
4K9W_7AW,run5_s44,3,1.318926620571246
4K9W_7AW,run5_s44,4,1.1363048599295444
4K9X_8AW,run5_s44,0,0.8163085690888953
4K9X_8AW,run5_s44,1,0.7325776666056173
4K9X_8AW,run5_s44,2,0.7240100322601639
4K9X_8AW,run5_s44,3,0.7967794248279425
4K9X_8AW,run5_s44,4,0.7990470600083388
4NY4_2QH,run5_s44,0,0.8221908349801659
4NY4_2QH,run5_s44,1,0.7607006889280512
4NY4_2QH,run5_s44,2,0.7833479948870455
4NY4_2QH,run5_s44,3,1.0079977424818305
4NY4_2QH,run5_s44,4,0.7429620240041762
5G5J_MF8,run5_s44,0,1.7719497573829948
5G5J_MF8,run5_s44,1,1.9207223854502684
5G5J_MF8,run5_s44,2,1.6010230867541393
5G5J_MF8,run5_s44,3,1.8235480190610274
5G5J_MF8,run5_s44,4,2.2286676437285764
5TE8_08J,run5_s44,0,1.5390007437765654
5TE8_08J,run5_s44,1,1.8016392110432702
5TE8_08J,run5_s44,2,2.1086981751811313
5TE8_08J,run5_s44,3,2.1568214472011586
5TE8_08J,run5_s44,4,1.9677729193435125
6BCZ_D7Y,run5_s44,0,0.9800085152837065
6BCZ_D7Y,run5_s44,1,1.272322126293767
6BCZ_D7Y,run5_s44,2,1.1479629682580377
6BCZ_D7Y,run5_s44,3,1.0681461317289758
6BCZ_D7Y,run5_s44,4,1.3615396143492908
6BD5_D7M,run5_s44,0,1.0939313521950986
6BD5_D7M,run5_s44,1,1.042142783582694
6BD5_D7M,run5_s44,2,1.0147255265841049
6BD5_D7M,run5_s44,3,1.0297513190966032
6BD5_D7M,run5_s44,4,1.1897755039715858
6BD6_80K,run5_s44,0,1.2500021460082475
6BD6_80K,run5_s44,1,1.1450757470219035
6BD6_80K,run5_s44,2,1.2971995418080227
6BD6_80K,run5_s44,3,1.2080196861167338
6BD6_80K,run5_s44,4,1.3050587813812113
6BD7_D7J,run5_s44,0,1.2862583998939154
6BD7_D7J,run5_s44,1,1.212475791833911
6BD7_D7J,run5_s44,2,1.1064579808016026
6BD7_D7J,run5_s44,3,1.163449233853393
6BD7_D7J,run5_s44,4,1.340793796798273
6BD8_D81,run5_s44,0,1.4215044959750567
6BD8_D81,run5_s44,1,1.1999913108375433
6BD8_D81,run5_s44,2,1.2789524273814108
6BD8_D81,run5_s44,3,1.4900379470254628
6BD8_D81,run5_s44,4,1.1728200033060951
6BDH_DEV,run5_s44,0,0.8503338787003989
6BDH_DEV,run5_s44,1,0.7854566330200589
6BDH_DEV,run5_s44,2,0.8483141270566544
6BDH_DEV,run5_s44,3,0.8228087743275798
6BDH_DEV,run5_s44,4,0.7963512436126015
6BDI_DEJ,run5_s44,0,1.8123350349311604
6BDI_DEJ,run5_s44,1,1.4552259764007591
6BDI_DEJ,run5_s44,2,1.282835339130124
6BDI_DEJ,run5_s44,3,1.3724230679842162
6BDI_DEJ,run5_s44,4,1.230990414778536
6BDK_DJ1,run5_s44,0,1.3981025926878508
6BDK_DJ1,run5_s44,1,1.9991069113133806
6BDK_DJ1,run5_s44,2,1.863940850833574
6BDK_DJ1,run5_s44,3,1.6366365646528012
6BDK_DJ1,run5_s44,4,1.9165677577253832
6BDM_Y83,run5_s44,0,1.2383756761971243
6BDM_Y83,run5_s44,1,1.8669113245502376
6BDM_Y83,run5_s44,2,1.2154966538030256
6BDM_Y83,run5_s44,3,1.4123070764422696
6BDM_Y83,run5_s44,4,1.2552403344332896
6DA2_G0D,run5_s44,0,1.028162693022321
6DA2_G0D,run5_s44,1,0.8433545760815883
6DA2_G0D,run5_s44,2,0.8597833320273958
6DA2_G0D,run5_s44,3,0.8706788855889548
6DA2_G0D,run5_s44,4,0.9336981629860883
6DA5_G1J,run5_s44,0,0.8259648557005084
6DA5_G1J,run5_s44,1,0.9175485795119045
6DA5_G1J,run5_s44,2,0.8805415238174111
6DA5_G1J,run5_s44,3,0.8515046375587846
6DA5_G1J,run5_s44,4,1.0227208916841055
6DA8_G0J,run5_s44,0,1.368002385803191
6DA8_G0J,run5_s44,1,0.9664219443851265
6DA8_G0J,run5_s44,2,1.4787384795857288
6DA8_G0J,run5_s44,3,0.994794040880931
6DA8_G0J,run5_s44,4,0.9633243016494415
6DAA_G0M,run5_s44,0,0.924546136717436
6DAA_G0M,run5_s44,1,1.002514950879636
6DAA_G0M,run5_s44,2,1.0357462883624478
6DAA_G0M,run5_s44,3,1.011287814030151
6DAA_G0M,run5_s44,4,1.025667447277093
6DAB_G0V,run5_s44,0,1.041545821024143
6DAB_G0V,run5_s44,1,0.8956798483761449
6DAB_G0V,run5_s44,2,0.7164611304122287
6DAB_G0V,run5_s44,3,0.7902206348842479
6DAB_G0V,run5_s44,4,0.7919590561786546
6DAC_FZV,run5_s44,0,1.0830263056075626
6DAC_FZV,run5_s44,1,1.0834351473400525
6DAC_FZV,run5_s44,2,0.9211428213843157
6DAC_FZV,run5_s44,3,0.9918569194967168
6DAC_FZV,run5_s44,4,1.0274414020686498
6OO9_MWV,run5_s44,0,1.2393962666541338
6OO9_MWV,run5_s44,1,1.3500347254087774
6OO9_MWV,run5_s44,2,1.2512776716522704
6OO9_MWV,run5_s44,3,1.1653204673947393
6OO9_MWV,run5_s44,4,1.2786847915035
6OOA_MWY,run5_s44,0,1.3385904506525237
6OOA_MWY,run5_s44,1,1.3301489561035917
6OOA_MWY,run5_s44,2,1.5383070214648722
6OOA_MWY,run5_s44,3,1.429874010898635
6OOA_MWY,run5_s44,4,1.5711228220344542
6OOB_MWS,run5_s44,0,1.1822136183615404
6OOB_MWS,run5_s44,1,1.0677507420336525
6OOB_MWS,run5_s44,2,1.6201118717130658
6OOB_MWS,run5_s44,3,2.1600139038933
6OOB_MWS,run5_s44,4,2.325730329562447
6UNE_QES,run5_s44,0,1.1678560436723238
6UNE_QES,run5_s44,1,1.085934554571623
6UNE_QES,run5_s44,2,1.1270616146743906
6UNE_QES,run5_s44,3,1.6815615671764015
6UNE_QES,run5_s44,4,1.1498157035730534
6UNG_QEP,run5_s44,0,1.4283651706022702
6UNG_QEP,run5_s44,1,0.7299124379281605
6UNG_QEP,run5_s44,2,0.740775355609812
6UNG_QEP,run5_s44,3,0.8383850416982112
6UNG_QEP,run5_s44,4,1.2970102425890095
6UNH_QEA,run5_s44,0,1.5306447343461478
6UNH_QEA,run5_s44,1,1.0227659795713595
6UNH_QEA,run5_s44,2,1.409111892282546
6UNH_QEA,run5_s44,3,1.4151496076884431
6UNH_QEA,run5_s44,4,1.5668310475360518
6UNI_QDV,run5_s44,0,1.7174775420302268
6UNI_QDV,run5_s44,1,1.5595925643795912
6UNI_QDV,run5_s44,2,1.8384205263704487
6UNI_QDV,run5_s44,3,1.1695295182815264
6UNI_QDV,run5_s44,4,1.5432882851656433
6UNJ_QDY,run5_s44,0,0.8324138871052622
6UNJ_QDY,run5_s44,1,0.6789434969891761
6UNJ_QDY,run5_s44,2,0.642297893282648
6UNJ_QDY,run5_s44,3,0.7264493742716513
6UNJ_QDY,run5_s44,4,0.6987448406913916
6UNK_QE4,run5_s44,0,0.8049678718533454
6UNK_QE4,run5_s44,1,0.6872216671413788
6UNK_QE4,run5_s44,2,0.77411888716258
6UNK_QE4,run5_s44,3,0.7023121249250954
6UNK_QE4,run5_s44,4,1.2200987111169563
6UNL_QDJ,run5_s44,0,0.9953865048927844
6UNL_QDJ,run5_s44,1,1.0726698675716764
6UNL_QDJ,run5_s44,2,0.8156768269440544
6UNL_QDJ,run5_s44,3,1.320620471827876
6UNL_QDJ,run5_s44,4,1.0780615038110597
6UNM_QDP,run5_s44,0,0.769791265593472
6UNM_QDP,run5_s44,1,0.9720686793018797
6UNM_QDP,run5_s44,2,0.7647514268323251
6UNM_QDP,run5_s44,3,0.9153162876969686
6UNM_QDP,run5_s44,4,0.8021655469872154
7KVH_X5Y,run5_s44,0,0.6869016714028691
7KVH_X5Y,run5_s44,1,0.6646870533756915
7KVH_X5Y,run5_s44,2,0.6692348739638082
7KVH_X5Y,run5_s44,3,0.5833815889270058
7KVH_X5Y,run5_s44,4,0.6620951676115953
7KVI_X7P,run5_s44,0,0.5910102224954538
7KVI_X7P,run5_s44,1,0.6018632097296353
7KVI_X7P,run5_s44,2,0.6136038809004446
7KVI_X7P,run5_s44,3,0.6823424901394591
7KVI_X7P,run5_s44,4,0.6619384796467317
7KVJ_X7M,run5_s44,0,0.7234664153918481
7KVJ_X7M,run5_s44,1,0.662742568045165
7KVJ_X7M,run5_s44,2,0.63872730916058
7KVJ_X7M,run5_s44,3,0.6991397126548542
7KVJ_X7M,run5_s44,4,0.6314657772704895
7KVK_X7J,run5_s44,0,0.6700122544985067
7KVK_X7J,run5_s44,1,0.6734325020670302
7KVK_X7J,run5_s44,2,0.6442597181038939
7KVK_X7J,run5_s44,3,0.6562254677691156
7KVK_X7J,run5_s44,4,0.8687145983812524
7KVM_X71,run5_s44,0,1.1394215159617802
7KVM_X71,run5_s44,1,1.1527358590683927
7KVM_X71,run5_s44,2,1.2817564925371754
7KVM_X71,run5_s44,3,1.0033142288961943
7KVM_X71,run5_s44,4,1.0410529240289335
7KVN_X6V,run5_s44,0,1.5006406441193956
7KVN_X6V,run5_s44,1,1.579502420908777
7KVN_X6V,run5_s44,2,1.6134330335994644
7KVN_X6V,run5_s44,3,1.4772685987615846
7KVN_X6V,run5_s44,4,1.4350180104694743
7KVO_X6S,run5_s44,0,0.5520805680506764
7KVO_X6S,run5_s44,1,0.5243431295827139
7KVO_X6S,run5_s44,2,0.5173903323131327
7KVO_X6S,run5_s44,3,0.6541075032099066
7KVO_X6S,run5_s44,4,0.6736154007325389
7KVP_X6J,run5_s44,0,0.5807289585945618
7KVP_X6J,run5_s44,1,0.6075099762391392
7KVP_X6J,run5_s44,2,0.5396406313429603
7KVP_X6J,run5_s44,3,0.5397535445245756
7KVP_X6J,run5_s44,4,0.7934813284526708
7KVQ_X7D,run5_s44,0,0.5667075633139785
7KVQ_X7D,run5_s44,1,0.5456640067605296
7KVQ_X7D,run5_s44,2,0.8059224626758756
7KVQ_X7D,run5_s44,3,0.658504721000409
7KVQ_X7D,run5_s44,4,0.5882169437552746
7KVS_X74,run5_s44,0,0.5764047730175621
7KVS_X74,run5_s44,1,0.5755953887092887
7KVS_X74,run5_s44,2,0.5302420311613216
7KVS_X74,run5_s44,3,0.6411653686863942
7KVS_X74,run5_s44,4,0.6921538004501115
7LXL_YNV,run5_s44,0,1.849921150541609
7LXL_YNV,run5_s44,1,1.7788314985525584
7LXL_YNV,run5_s44,2,1.7663671107138457
7LXL_YNV,run5_s44,3,1.7598944713482234
7LXL_YNV,run5_s44,4,1.9896811024047012
7UF9_NH0,run5_s44,0,1.0879811741748913
7UF9_NH0,run5_s44,1,1.0187792480689197
7UF9_NH0,run5_s44,2,1.0828040893726465
7UF9_NH0,run5_s44,3,1.1743062356763945
7UF9_NH0,run5_s44,4,0.870259207575929
7UFA_NI6,run5_s44,0,0.6467355791068443
7UFA_NI6,run5_s44,1,0.7686592068445619
7UFA_NI6,run5_s44,2,0.6599786592636673
7UFA_NI6,run5_s44,3,0.7169435226725561
7UFA_NI6,run5_s44,4,0.6509270513517876
7UFB_NJ0,run5_s44,0,0.9290293382081067
7UFB_NJ0,run5_s44,1,0.9702304504563736
7UFB_NJ0,run5_s44,2,0.9305442777189037
7UFB_NJ0,run5_s44,3,1.053025844261304
7UFB_NJ0,run5_s44,4,1.0551393530900877
7UFC_NJO,run5_s44,0,0.8840174471695146
7UFC_NJO,run5_s44,1,0.8589518685161383
7UFC_NJO,run5_s44,2,0.8836743238130287
7UFC_NJO,run5_s44,3,0.8758935430314306
7UFC_NJO,run5_s44,4,0.9123298238652465
7UFD_T0K,run5_s44,0,0.7122090637048148
7UFD_T0K,run5_s44,1,0.6690893006894979
7UFD_T0K,run5_s44,2,0.6863113105823077
7UFD_T0K,run5_s44,3,0.6685066414425619
7UFD_T0K,run5_s44,4,0.7423761441151391
7UFE_NXR,run5_s44,0,0.7272066062605741
7UFE_NXR,run5_s44,1,0.795673058685766
7UFE_NXR,run5_s44,2,0.8578294177249465
7UFE_NXR,run5_s44,3,0.8780749327193524
7UFE_NXR,run5_s44,4,0.7846195842893522
7UFF_NYF,run5_s44,0,0.7304023666715409
7UFF_NYF,run5_s44,1,0.8799354769412541
7UFF_NYF,run5_s44,2,0.9411174547782047
7UFF_NYF,run5_s44,3,0.7653464623637142
7UFF_NYF,run5_s44,4,1.0203800057627281
8SO1_CFF,run5_s44,0,0.5880808021650109
8SO1_CFF,run5_s44,1,0.5058073250029246
8SO1_CFF,run5_s44,2,0.6360260615309706
8SO1_CFF,run5_s44,3,0.7269483067759724
8SO1_CFF,run5_s44,4,0.8511029368907108
8SPD_CL6,run5_s44,0,0.6020755884365743
8SPD_CL6,run5_s44,1,0.6412795442894198
8SPD_CL6,run5_s44,2,0.43290537687194747
8SPD_CL6,run5_s44,3,0.49872227101429495
8SPD_CL6,run5_s44,4,0.587026852167057
9BBB_A1APA,run5_s44,0,1.2049648561054072
9BBB_A1APA,run5_s44,1,1.2017731679583694
9BBB_A1APA,run5_s44,2,1.3631041982769585
9BBB_A1APA,run5_s44,3,1.1834582150929833
9BBB_A1APA,run5_s44,4,0.9634866330450258
9BV5_A1ASV,run5_s44,0,1.4972872772344112
9BV5_A1ASV,run5_s44,1,0.7007491001305413
9BV5_A1ASV,run5_s44,2,0.6978541156549618
9BV5_A1ASV,run5_s44,3,1.605344459624247
9BV5_A1ASV,run5_s44,4,0.6996758495586253
9BV6_A1ASU,run5_s44,0,1.2016053685254084
9BV6_A1ASU,run5_s44,1,1.8390371300202193
9BV6_A1ASU,run5_s44,2,2.562097421189687
9BV6_A1ASU,run5_s44,3,1.058356007921105
9BV6_A1ASU,run5_s44,4,0.944570160142359
9BV6_PG0,run5_s44,0,2.713093777919259
9BV6_PG0,run5_s44,1,2.7186938944957815
9BV6_PG0,run5_s44,2,3.0277663225099443
9BV6_PG0,run5_s44,3,3.0683770587693506
9BV6_PG0,run5_s44,4,3.270322826321912
9BV7_A1AST,run5_s44,0,1.2754307553867377
9BV7_A1AST,run5_s44,1,1.2828268504382552
9BV7_A1AST,run5_s44,2,1.2859585580028505
9BV7_A1AST,run5_s44,3,1.2133518522214537
9BV7_A1AST,run5_s44,4,1.2242481508978782
9BV8_A1ASS,run5_s44,0,0.6613423713655676
9BV8_A1ASS,run5_s44,1,0.7470805523536643
9BV8_A1ASS,run5_s44,2,0.7057945566636616
9BV8_A1ASS,run5_s44,3,0.76059511975366
9BV8_A1ASS,run5_s44,4,0.7741429472936454
9BV9_A1ASR,run5_s44,0,1.2512872251355378
9BV9_A1ASR,run5_s44,1,1.312313149862441
9BV9_A1ASR,run5_s44,2,1.1741721432503478
9BV9_A1ASR,run5_s44,3,0.7946024331270126
9BV9_A1ASR,run5_s44,4,1.0418085504592123
9BVA_A1ASQ,run5_s44,0,1.2261654142816183
9BVA_A1ASQ,run5_s44,1,1.442943135668465
9BVA_A1ASQ,run5_s44,2,1.1319771637883498
9BVA_A1ASQ,run5_s44,3,1.1858566811916351
9BVA_A1ASQ,run5_s44,4,1.194685408005903
9BVB_A1ASP,run5_s44,0,1.2496807232483929
9BVB_A1ASP,run5_s44,1,1.3615845611650634
9BVB_A1ASP,run5_s44,2,1.2228766858428022
9BVB_A1ASP,run5_s44,3,0.9938943155374803
9BVB_A1ASP,run5_s44,4,1.4273898093136574
9BVC_A1ASO,run5_s44,0,1.4127737603851744
9BVC_A1ASO,run5_s44,1,1.449511113480815
9BVC_A1ASO,run5_s44,2,1.1344766022351762
9BVC_A1ASO,run5_s44,3,0.8860071383591459
9BVC_A1ASO,run5_s44,4,1.0806205026047768
9COR_A1A07,run5_s44,0,1.4237921005467835
9COR_A1A07,run5_s44,1,1.283855267693743
9COR_A1A07,run5_s44,2,1.0875478599544643
9COR_A1A07,run5_s44,3,1.427122890273514
9COR_A1A07,run5_s44,4,1.4427088358530207
9COS_A1A06,run5_s44,0,0.8868500751855307
9COS_A1A06,run5_s44,1,0.6742055584974906
9COS_A1A06,run5_s44,2,0.9990011087317504
9COS_A1A06,run5_s44,3,0.6875787155750023
9COS_A1A06,run5_s44,4,0.7686400769694246
9COT_A1A08,run5_s44,0,0.7811502359998688
9COT_A1A08,run5_s44,1,0.7915820594065998
9COT_A1A08,run5_s44,2,0.8617786670521079
9COT_A1A08,run5_s44,3,0.7842414553267147
9COT_A1A08,run5_s44,4,0.8276801066414442
9COU_A1A4U,run5_s44,0,0.9679883677836693
9COU_A1A4U,run5_s44,1,1.084675892090221
9COU_A1A4U,run5_s44,2,1.4600742171742935
9COU_A1A4U,run5_s44,3,0.9314460621841893
9COU_A1A4U,run5_s44,4,1.446306149045564
9COV_A1A4S,run5_s44,0,1.0080049797858257
9COV_A1A4S,run5_s44,1,0.9518010101171779
9COV_A1A4S,run5_s44,2,0.9675242877023279
9COV_A1A4S,run5_s44,3,1.686994757889712
9COV_A1A4S,run5_s44,4,1.0456204409731988
9COW_A1A4V,run5_s44,0,0.7458889359273041
9COW_A1A4V,run5_s44,1,1.106840077927051
9COW_A1A4V,run5_s44,2,1.1447516715198103
9COW_A1A4V,run5_s44,3,1.079303044254844
9COW_A1A4V,run5_s44,4,1.0638409346585342
9COX_A1A4K,run5_s44,0,0.9006799395283352
9COX_A1A4K,run5_s44,1,1.1508989583665614
9COX_A1A4K,run5_s44,2,0.9218365343984363
9COX_A1A4K,run5_s44,3,1.4301957550068571
9COX_A1A4K,run5_s44,4,1.0244719344990638
9COY_A1A4T,run5_s44,0,1.6761631885867896
9COY_A1A4T,run5_s44,1,1.601026337246809
9COY_A1A4T,run5_s44,2,1.747876732937907
9COY_A1A4T,run5_s44,3,1.5050275911685669
9COY_A1A4T,run5_s44,4,1.9052487888258849
9MS1_A1BNX,run5_s44,0,0.9928368631293057
9MS1_A1BNX,run5_s44,1,0.9755554941356716
9MS1_A1BNX,run5_s44,2,0.9022046422463436
9MS1_A1BNX,run5_s44,3,0.8440687807309661
9MS1_A1BNX,run5_s44,4,0.9054735838016242
9PLJ_TCI,run5_s44,0,1.339424813502245
9PLJ_TCI,run5_s44,1,1.6037692364931804
9PLJ_TCI,run5_s44,2,2.294104841788957
9PLJ_TCI,run5_s44,3,1.58505701376812
9PLJ_TCI,run5_s44,4,1.5413303632143966
9PLK_A1CIW,run5_s44,0,1.639953859542056
9PLK_A1CIW,run5_s44,1,1.8846195866344446
9PLK_A1CIW,run5_s44,2,1.7430569577934958
9PLK_A1CIW,run5_s44,3,1.6861074674503254
9PLK_A1CIW,run5_s44,4,1.6544828495301336
9YK4_PG4,run5_s44,0,3.5801009868669453
9YK4_PG4,run5_s44,1,3.465685260292647
9YK4_PG4,run5_s44,2,3.327372131997984
9YK4_PG4,run5_s44,3,3.2819561227946665
9YK4_PG4,run5_s44,4,3.310476916503371
1W0G_MYT,run5_s45,0,1.081091881065611
1W0G_MYT,run5_s45,1,0.8931903374323554
1W0G_MYT,run5_s45,2,1.0159454678510058
1W0G_MYT,run5_s45,3,1.056391914218967
1W0G_MYT,run5_s45,4,1.3945415050525558
2J0D_ERY,run5_s45,0,1.1842910886404523
2J0D_ERY,run5_s45,1,1.7100908419603493
2J0D_ERY,run5_s45,2,1.3261452628860793
2J0D_ERY,run5_s45,3,1.5762469315287155
2J0D_ERY,run5_s45,4,1.1985541038883454
2V0M_KLN,run5_s45,0,1.6868929483334634
2V0M_KLN,run5_s45,1,1.639469534248146
2V0M_KLN,run5_s45,2,1.5767445987938253
2V0M_KLN,run5_s45,3,1.4025730749062473
2V0M_KLN,run5_s45,4,1.8515453922505754
3NXU_RIT,run5_s45,0,0.8922945098243363
3NXU_RIT,run5_s45,1,0.9612832079649628
3NXU_RIT,run5_s45,2,0.980521454021685
3NXU_RIT,run5_s45,3,1.019426441447114
3NXU_RIT,run5_s45,4,1.0485108943276087
3TJS_D0R,run5_s45,0,1.5282463968025513
3TJS_D0R,run5_s45,1,1.5782710779782516
3TJS_D0R,run5_s45,2,1.4638969404667292
3TJS_D0R,run5_s45,3,1.5918126006217423
3TJS_D0R,run5_s45,4,1.504894934457434
3UA1_08Y,run5_s45,0,0.9520123740655746
3UA1_08Y,run5_s45,1,0.9829382515898207
3UA1_08Y,run5_s45,2,1.0273236727960917
3UA1_08Y,run5_s45,3,0.9996900849393476
3UA1_08Y,run5_s45,4,0.9365068241425271
4D6Z_PK9,run5_s45,0,0.946282167641687
4D6Z_PK9,run5_s45,1,0.9916315591582087
4D6Z_PK9,run5_s45,2,1.8165861008786384
4D6Z_PK9,run5_s45,3,1.0410809861960912
4D6Z_PK9,run5_s45,4,1.036084027566214
4D78_J9K,run5_s45,0,1.2226066256195065
4D78_J9K,run5_s45,1,0.9615609292358663
4D78_J9K,run5_s45,2,1.1819741610716474
4D78_J9K,run5_s45,3,1.2065531117920847
4D78_J9K,run5_s45,4,1.2881793961249464
4D7D_PKT,run5_s45,0,1.616538504907357
4D7D_PKT,run5_s45,1,1.5696989486753077
4D7D_PKT,run5_s45,2,1.6581788228624952
4D7D_PKT,run5_s45,3,1.5708676153132042
4D7D_PKT,run5_s45,4,1.6346857968481765
4I4G_Z8Z,run5_s45,0,0.9073217020057618
4I4G_Z8Z,run5_s45,1,0.8843318083028214
4I4G_Z8Z,run5_s45,2,0.9856293006146053
4I4G_Z8Z,run5_s45,3,1.2017471273171338
4I4G_Z8Z,run5_s45,4,0.802157071310111
4I4H_Z9Z,run5_s45,0,1.0115212304344192
4I4H_Z9Z,run5_s45,1,0.9224683818420152
4I4H_Z9Z,run5_s45,2,0.9201406638844511
4I4H_Z9Z,run5_s45,3,1.1661351361824595
4I4H_Z9Z,run5_s45,4,1.0379297194277493
4K9T_1RD,run5_s45,0,1.513060109103621
4K9T_1RD,run5_s45,1,0.9809688232059923
4K9T_1RD,run5_s45,2,0.9805122182905378
4K9T_1RD,run5_s45,3,1.2151663949240454
4K9T_1RD,run5_s45,4,1.4145694984644481
4K9U_5AW,run5_s45,0,1.2658189775131514
4K9U_5AW,run5_s45,1,1.5012663116715237
4K9U_5AW,run5_s45,2,1.3569493277655666
4K9U_5AW,run5_s45,3,1.2825285388662142
4K9U_5AW,run5_s45,4,1.397936940291258
4K9V_6AW,run5_s45,0,0.9072715731227119
4K9V_6AW,run5_s45,1,0.9826240148886806
4K9V_6AW,run5_s45,2,1.1312868987060858
4K9V_6AW,run5_s45,3,0.8835676185885173
4K9V_6AW,run5_s45,4,0.8201143483830401
4K9W_7AW,run5_s45,0,1.1105468100688205
4K9W_7AW,run5_s45,1,1.1059661442083193
4K9W_7AW,run5_s45,2,1.1004865195823061
4K9W_7AW,run5_s45,3,1.084575479042811
4K9W_7AW,run5_s45,4,1.1330191003864123
4K9X_8AW,run5_s45,0,0.7968791627838996
4K9X_8AW,run5_s45,1,0.7725887140616016
4K9X_8AW,run5_s45,2,0.7997153657893722
4K9X_8AW,run5_s45,3,0.8792834990473334
4K9X_8AW,run5_s45,4,0.8567718095713788
4NY4_2QH,run5_s45,0,0.7628130168364498
4NY4_2QH,run5_s45,1,0.8105508428479793
4NY4_2QH,run5_s45,2,0.7603766265365078
4NY4_2QH,run5_s45,3,0.8396172438110288
4NY4_2QH,run5_s45,4,0.8174267255896149
5G5J_MF8,run5_s45,0,1.609942914685554
5G5J_MF8,run5_s45,1,1.6369765445112936
5G5J_MF8,run5_s45,2,1.6635734331085879
5G5J_MF8,run5_s45,3,1.6247562090882652
5G5J_MF8,run5_s45,4,11.17542213597084
5TE8_08J,run5_s45,0,1.8908869650861566
5TE8_08J,run5_s45,1,1.8399627194672143
5TE8_08J,run5_s45,2,1.5800548817175235
5TE8_08J,run5_s45,3,1.5074672018272457
5TE8_08J,run5_s45,4,1.4879808729506945
6BCZ_D7Y,run5_s45,0,0.9616438437555799
6BCZ_D7Y,run5_s45,1,1.0517464358429034
6BCZ_D7Y,run5_s45,2,1.0230422987570322
6BCZ_D7Y,run5_s45,3,1.3362646446899642
6BCZ_D7Y,run5_s45,4,0.8940811939298914
6BD5_D7M,run5_s45,0,1.0151639286506797
6BD5_D7M,run5_s45,1,1.1211269029673183
6BD5_D7M,run5_s45,2,1.2212308801673595
6BD5_D7M,run5_s45,3,1.0737604453308778
6BD5_D7M,run5_s45,4,1.1417959057099054
6BD6_80K,run5_s45,0,1.1907219360352899
6BD6_80K,run5_s45,1,1.1868342110032069
6BD6_80K,run5_s45,2,1.2687638303810866
6BD6_80K,run5_s45,3,1.306580674122098
6BD6_80K,run5_s45,4,1.2515590261123712
6BD7_D7J,run5_s45,0,1.2118389318887577
6BD7_D7J,run5_s45,1,1.1895615860608142
6BD7_D7J,run5_s45,2,1.2738150418499552
6BD7_D7J,run5_s45,3,1.264751954634756
6BD7_D7J,run5_s45,4,1.2649816423745395
6BD8_D81,run5_s45,0,1.106888287077867
6BD8_D81,run5_s45,1,1.2555547679745729
6BD8_D81,run5_s45,2,1.253745456743221
6BD8_D81,run5_s45,3,1.1769007174949613
6BD8_D81,run5_s45,4,1.5252320682598426
6BDH_DEV,run5_s45,0,0.9643982473138891
6BDH_DEV,run5_s45,1,0.8446087541110412
6BDH_DEV,run5_s45,2,0.9358453986379226
6BDH_DEV,run5_s45,3,0.8408709456886443
6BDH_DEV,run5_s45,4,0.8494529327535224
6BDI_DEJ,run5_s45,0,1.7311808248847866
6BDI_DEJ,run5_s45,1,1.4531124928599357
6BDI_DEJ,run5_s45,2,1.5860334434449375
6BDI_DEJ,run5_s45,3,2.038583245593162
6BDI_DEJ,run5_s45,4,1.3768140566807825
6BDK_DJ1,run5_s45,0,1.8499412337702392
6BDK_DJ1,run5_s45,1,2.058298134542127
6BDK_DJ1,run5_s45,2,1.5305826440919363
6BDK_DJ1,run5_s45,3,1.7237199934205485
6BDK_DJ1,run5_s45,4,1.6991688636820108
6BDM_Y83,run5_s45,0,1.1843847139557904
6BDM_Y83,run5_s45,1,1.7150293916415176
6BDM_Y83,run5_s45,2,1.2369404213225228
6BDM_Y83,run5_s45,3,1.192468547147066
6BDM_Y83,run5_s45,4,1.2533023578439986
6DA2_G0D,run5_s45,0,0.9269392038456401
6DA2_G0D,run5_s45,1,0.8747001564404471
6DA2_G0D,run5_s45,2,1.040943795787255
6DA2_G0D,run5_s45,3,0.890563920309768
6DA2_G0D,run5_s45,4,0.9266167278810301
6DA5_G1J,run5_s45,0,0.833626815032
6DA5_G1J,run5_s45,1,0.8280112994070487
6DA5_G1J,run5_s45,2,0.9308580949424278
6DA5_G1J,run5_s45,3,0.8003421042866011
6DA5_G1J,run5_s45,4,0.8883867253073552
6DA8_G0J,run5_s45,0,0.9287577893095413
6DA8_G0J,run5_s45,1,1.0202668233016725
6DA8_G0J,run5_s45,2,1.46872811404775
6DA8_G0J,run5_s45,3,0.9769174658930113
6DA8_G0J,run5_s45,4,1.4030998601330014
6DAA_G0M,run5_s45,0,1.0692957579414415
6DAA_G0M,run5_s45,1,1.0647717166161914
6DAA_G0M,run5_s45,2,0.8762193734507648
6DAA_G0M,run5_s45,3,1.0173060053117124
6DAA_G0M,run5_s45,4,1.0600814638409264
6DAB_G0V,run5_s45,0,0.8785477627387402
6DAB_G0V,run5_s45,1,0.7419915952219237
6DAB_G0V,run5_s45,2,0.7831465154465277
6DAB_G0V,run5_s45,3,0.7703714611025733
6DAB_G0V,run5_s45,4,0.8403064425998922
6DAC_FZV,run5_s45,0,0.8899143479002887
6DAC_FZV,run5_s45,1,0.8249519539638618
6DAC_FZV,run5_s45,2,0.9542057640677696
6DAC_FZV,run5_s45,3,1.1377568272919742
6DAC_FZV,run5_s45,4,1.0615210663443324
6OO9_MWV,run5_s45,0,1.351918366361264
6OO9_MWV,run5_s45,1,1.3042221511964167
6OO9_MWV,run5_s45,2,1.3526062233625584
6OO9_MWV,run5_s45,3,1.3552947781973115
6OO9_MWV,run5_s45,4,1.215547353835318
6OOA_MWY,run5_s45,0,2.7817781711748304
6OOA_MWY,run5_s45,1,1.4005615804986296
6OOA_MWY,run5_s45,2,1.394967722960052
6OOA_MWY,run5_s45,3,1.6477330708120785
6OOA_MWY,run5_s45,4,1.5239408503189917
6OOB_MWS,run5_s45,0,0.8814601157405564
6OOB_MWS,run5_s45,1,1.1548655126980738
6OOB_MWS,run5_s45,2,1.1851263638686456
6OOB_MWS,run5_s45,3,1.1473066913238783
6OOB_MWS,run5_s45,4,2.257007955752245
6UNE_QES,run5_s45,0,1.5665149539373873
6UNE_QES,run5_s45,1,1.4076708905698754
6UNE_QES,run5_s45,2,1.2793212325317995
6UNE_QES,run5_s45,3,1.1800029852123146
6UNE_QES,run5_s45,4,1.1024408406611297
6UNG_QEP,run5_s45,0,0.7882850482281384
6UNG_QEP,run5_s45,1,1.1500773232201567
6UNG_QEP,run5_s45,2,0.8942667500788785
6UNG_QEP,run5_s45,3,1.3591267125327577
6UNG_QEP,run5_s45,4,0.7925457549356612
6UNH_QEA,run5_s45,0,1.5570692124483407
6UNH_QEA,run5_s45,1,1.1929204865714405
6UNH_QEA,run5_s45,2,1.5403094472964671
6UNH_QEA,run5_s45,3,1.6752354091111072
6UNH_QEA,run5_s45,4,1.385757802542239
6UNI_QDV,run5_s45,0,1.3588615602605505
6UNI_QDV,run5_s45,1,1.734357469843724
6UNI_QDV,run5_s45,2,1.1123766491228082
6UNI_QDV,run5_s45,3,1.5089027491753595
6UNI_QDV,run5_s45,4,1.6781231314686311
6UNJ_QDY,run5_s45,0,0.7630818614699103
6UNJ_QDY,run5_s45,1,0.7451598716941356
6UNJ_QDY,run5_s45,2,0.5801103048222636
6UNJ_QDY,run5_s45,3,0.7000660890863734
6UNJ_QDY,run5_s45,4,1.7203163515821256
6UNK_QE4,run5_s45,0,0.633345595615407
6UNK_QE4,run5_s45,1,0.7055861077272058
6UNK_QE4,run5_s45,2,0.7113348288158612
6UNK_QE4,run5_s45,3,0.7944381403309839
6UNK_QE4,run5_s45,4,0.7910249754726912
6UNL_QDJ,run5_s45,0,0.8212755335219484
6UNL_QDJ,run5_s45,1,0.8605351045750004
6UNL_QDJ,run5_s45,2,0.9385027252749822
6UNL_QDJ,run5_s45,3,0.8776963356288486
6UNL_QDJ,run5_s45,4,1.2027061654320188
6UNM_QDP,run5_s45,0,0.7269487080607762
6UNM_QDP,run5_s45,1,0.8840739106075779
6UNM_QDP,run5_s45,2,0.9785883808260342
6UNM_QDP,run5_s45,3,0.8613788073881408
6UNM_QDP,run5_s45,4,1.0615254555207938
7KVH_X5Y,run5_s45,0,0.605662681565456
7KVH_X5Y,run5_s45,1,0.6508178133887667
7KVH_X5Y,run5_s45,2,0.5982482984648964
7KVH_X5Y,run5_s45,3,0.664982401475592
7KVH_X5Y,run5_s45,4,0.6043226334707285
7KVI_X7P,run5_s45,0,0.6374487683530027
7KVI_X7P,run5_s45,1,0.5132986056102004
7KVI_X7P,run5_s45,2,0.6313797350900963
7KVI_X7P,run5_s45,3,0.5459281259830525
7KVI_X7P,run5_s45,4,0.553010067578857
7KVJ_X7M,run5_s45,0,0.6910129962931164
7KVJ_X7M,run5_s45,1,0.6014891277879101
7KVJ_X7M,run5_s45,2,0.9102444144003854
7KVJ_X7M,run5_s45,3,0.5975876411912913
7KVJ_X7M,run5_s45,4,0.647938991639176
7KVK_X7J,run5_s45,0,0.6859302650282931
7KVK_X7J,run5_s45,1,0.5603923005150512
7KVK_X7J,run5_s45,2,0.7287796534841182
7KVK_X7J,run5_s45,3,0.646669204307592
7KVK_X7J,run5_s45,4,0.6865394453236352
7KVM_X71,run5_s45,0,1.078124024405882
7KVM_X71,run5_s45,1,1.0834766193430778
7KVM_X71,run5_s45,2,1.106891727396195
7KVM_X71,run5_s45,3,1.1525762433962943
7KVM_X71,run5_s45,4,1.4577747715286102
7KVN_X6V,run5_s45,0,1.6248964424391064
7KVN_X6V,run5_s45,1,1.6554187053633174
7KVN_X6V,run5_s45,2,1.60230825145668
7KVN_X6V,run5_s45,3,1.1029721104299097
7KVN_X6V,run5_s45,4,0.998012453122875
7KVO_X6S,run5_s45,0,0.5797576947526871
7KVO_X6S,run5_s45,1,0.6182745211350819
7KVO_X6S,run5_s45,2,0.6210858307992075
7KVO_X6S,run5_s45,3,0.5251425446381326
7KVO_X6S,run5_s45,4,0.9204564525435174
7KVP_X6J,run5_s45,0,0.5022909637288869
7KVP_X6J,run5_s45,1,0.5021093916587066
7KVP_X6J,run5_s45,2,0.7425158392972543
7KVP_X6J,run5_s45,3,0.6599479841883368
7KVP_X6J,run5_s45,4,0.6181895038216972
7KVQ_X7D,run5_s45,0,0.533316229480327
7KVQ_X7D,run5_s45,1,0.8484317788695114
7KVQ_X7D,run5_s45,2,0.7276573849125872
7KVQ_X7D,run5_s45,3,0.5427247362901597
7KVQ_X7D,run5_s45,4,0.6828968810938841
7KVS_X74,run5_s45,0,0.5255088793925966
7KVS_X74,run5_s45,1,0.5012401720334835
7KVS_X74,run5_s45,2,0.7770296406815522
7KVS_X74,run5_s45,3,0.8856210995506887
7KVS_X74,run5_s45,4,0.8080573420795826
7LXL_YNV,run5_s45,0,1.7382166445696512
7LXL_YNV,run5_s45,1,1.777234978772343
7LXL_YNV,run5_s45,2,1.809473211606922
7LXL_YNV,run5_s45,3,1.8731456922644174
7LXL_YNV,run5_s45,4,1.8537385058907287
7UF9_NH0,run5_s45,0,1.0021553266182703
7UF9_NH0,run5_s45,1,0.9656484006027672
7UF9_NH0,run5_s45,2,1.0712118003397535
7UF9_NH0,run5_s45,3,1.0527551037377354
7UF9_NH0,run5_s45,4,0.8966800894131075
7UFA_NI6,run5_s45,0,0.7341050078544362
7UFA_NI6,run5_s45,1,0.8026058822946286
7UFA_NI6,run5_s45,2,0.6419421991684006
7UFA_NI6,run5_s45,3,0.8144184543228784
7UFA_NI6,run5_s45,4,0.7644081002510148
7UFB_NJ0,run5_s45,0,0.9111203427466749
7UFB_NJ0,run5_s45,1,0.9751450527058937
7UFB_NJ0,run5_s45,2,0.9015973165989553
7UFB_NJ0,run5_s45,3,0.862797736361547
7UFB_NJ0,run5_s45,4,0.9215263938169019
7UFC_NJO,run5_s45,0,0.8845031158488831
7UFC_NJO,run5_s45,1,0.9291113092266665
7UFC_NJO,run5_s45,2,0.8851751964140531
7UFC_NJO,run5_s45,3,0.916945601624948
7UFC_NJO,run5_s45,4,0.8764659310236673
7UFD_T0K,run5_s45,0,0.6195619474739044
7UFD_T0K,run5_s45,1,0.6328348215872245
7UFD_T0K,run5_s45,2,0.6615275492485058
7UFD_T0K,run5_s45,3,0.7010456392670686
7UFD_T0K,run5_s45,4,0.6343991273600426
7UFE_NXR,run5_s45,0,0.813209526489583
7UFE_NXR,run5_s45,1,0.8986903024216003
7UFE_NXR,run5_s45,2,0.7047449332330219
7UFE_NXR,run5_s45,3,0.7211969531153272
7UFE_NXR,run5_s45,4,0.7573513140566248
7UFF_NYF,run5_s45,0,0.7281533533125775
7UFF_NYF,run5_s45,1,0.8285460361334593
7UFF_NYF,run5_s45,2,0.8129543045041078
7UFF_NYF,run5_s45,3,0.8613713491388016
7UFF_NYF,run5_s45,4,0.9138122468226645
8SO1_CFF,run5_s45,0,0.7567389679309073
8SO1_CFF,run5_s45,1,1.2654684428387615
8SO1_CFF,run5_s45,2,0.57104182511006
8SO1_CFF,run5_s45,3,1.145581359208683
8SO1_CFF,run5_s45,4,0.7818365331268115
8SPD_CL6,run5_s45,0,0.6835776585780575
8SPD_CL6,run5_s45,1,0.4574301511070081
8SPD_CL6,run5_s45,2,0.4954906628569744
8SPD_CL6,run5_s45,3,0.48945251204543005
8SPD_CL6,run5_s45,4,0.7237058301916829
9BBB_A1APA,run5_s45,0,1.1945790540029504
9BBB_A1APA,run5_s45,1,0.9085555697372513
9BBB_A1APA,run5_s45,2,1.1756295811757767
9BBB_A1APA,run5_s45,3,0.9082437029690567
9BBB_A1APA,run5_s45,4,0.9213593531548864
9BV5_A1ASV,run5_s45,0,0.751764265953823
9BV5_A1ASV,run5_s45,1,1.2939508249862386
9BV5_A1ASV,run5_s45,2,0.7548258586658589
9BV5_A1ASV,run5_s45,3,0.8468362619678622
9BV5_A1ASV,run5_s45,4,1.7082265675290313
9BV6_A1ASU,run5_s45,0,2.60147147516179
9BV6_A1ASU,run5_s45,1,0.6391866571164876
9BV6_A1ASU,run5_s45,2,0.9087245637437479
9BV6_A1ASU,run5_s45,3,1.369535420884489
9BV6_A1ASU,run5_s45,4,1.852698943626487
9BV6_PG0,run5_s45,0,3.121861964885338
9BV6_PG0,run5_s45,1,3.030270265196066
9BV6_PG0,run5_s45,2,3.070389628007574
9BV6_PG0,run5_s45,3,3.186601527560042
9BV6_PG0,run5_s45,4,2.9431301022994067
9BV7_A1AST,run5_s45,0,1.2529221369209587
9BV7_A1AST,run5_s45,1,1.2338947458562133
9BV7_A1AST,run5_s45,2,1.1888566191030125
9BV7_A1AST,run5_s45,3,1.2508161933658895
9BV7_A1AST,run5_s45,4,1.213897283582057
9BV8_A1ASS,run5_s45,0,0.7225686563743668
9BV8_A1ASS,run5_s45,1,0.648284394241231
9BV8_A1ASS,run5_s45,2,0.7305911840016452
9BV8_A1ASS,run5_s45,3,0.6139065507611418
9BV8_A1ASS,run5_s45,4,0.747137277218448
9BV9_A1ASR,run5_s45,0,0.9065405645816897
9BV9_A1ASR,run5_s45,1,1.257266290439
9BV9_A1ASR,run5_s45,2,2.0077984504720474
9BV9_A1ASR,run5_s45,3,2.261100764110258
9BV9_A1ASR,run5_s45,4,1.2731164963482715
9BVA_A1ASQ,run5_s45,0,1.150069952944283
9BVA_A1ASQ,run5_s45,1,1.2347298849920603
9BVA_A1ASQ,run5_s45,2,1.0098832393049186
9BVA_A1ASQ,run5_s45,3,1.087416513819995
9BVA_A1ASQ,run5_s45,4,1.3932925816536368
9BVB_A1ASP,run5_s45,0,1.245641272466769
9BVB_A1ASP,run5_s45,1,1.1741404213463156
9BVB_A1ASP,run5_s45,2,1.256220200119984
9BVB_A1ASP,run5_s45,3,1.4005994218507278
9BVB_A1ASP,run5_s45,4,1.2872191658945304
9BVC_A1ASO,run5_s45,0,1.3247640496240216
9BVC_A1ASO,run5_s45,1,0.957892445315324
9BVC_A1ASO,run5_s45,2,1.0378518485789885
9BVC_A1ASO,run5_s45,3,1.1404923326758232
9BVC_A1ASO,run5_s45,4,1.0201497407684632
9COR_A1A07,run5_s45,0,1.4018855710934381
9COR_A1A07,run5_s45,1,1.044426565948426
9COR_A1A07,run5_s45,2,1.3415377943099955
9COR_A1A07,run5_s45,3,1.4184986805924322
9COR_A1A07,run5_s45,4,1.3281770772544887
9COS_A1A06,run5_s45,0,0.6727568133542214
9COS_A1A06,run5_s45,1,0.8658127517555303
9COS_A1A06,run5_s45,2,0.7759584624155971
9COS_A1A06,run5_s45,3,0.7974187212610077
9COS_A1A06,run5_s45,4,0.6608560755915641
9COT_A1A08,run5_s45,0,0.7540674063138549
9COT_A1A08,run5_s45,1,0.7626073936575467
9COT_A1A08,run5_s45,2,0.9056152909990411
9COT_A1A08,run5_s45,3,0.8726909293870667
9COT_A1A08,run5_s45,4,0.8082835973803496
9COU_A1A4U,run5_s45,0,1.1275080155188102
9COU_A1A4U,run5_s45,1,1.1068215143821045
9COU_A1A4U,run5_s45,2,0.9300012661123819
9COU_A1A4U,run5_s45,3,0.9982024829092053
9COU_A1A4U,run5_s45,4,0.948962099794659
9COV_A1A4S,run5_s45,0,1.1724080997965398
9COV_A1A4S,run5_s45,1,1.061817929247805
9COV_A1A4S,run5_s45,2,0.9679578336111945
9COV_A1A4S,run5_s45,3,1.1002990888356619
9COV_A1A4S,run5_s45,4,1.1418758473161132
9COW_A1A4V,run5_s45,0,1.203947568401295
9COW_A1A4V,run5_s45,1,1.0021145123214865
9COW_A1A4V,run5_s45,2,1.5213797457549612
9COW_A1A4V,run5_s45,3,1.0511929911641424
9COW_A1A4V,run5_s45,4,1.1908773798573264
9COX_A1A4K,run5_s45,0,1.0795268549217318
9COX_A1A4K,run5_s45,1,1.01505205548984
9COX_A1A4K,run5_s45,2,1.201219312623939
9COX_A1A4K,run5_s45,3,1.0127008231512948
9COX_A1A4K,run5_s45,4,1.3015891746880353
9COY_A1A4T,run5_s45,0,1.7329166075338251
9COY_A1A4T,run5_s45,1,1.7667697133422446
9COY_A1A4T,run5_s45,2,1.6894631816577736
9COY_A1A4T,run5_s45,3,1.7289379461721148
9COY_A1A4T,run5_s45,4,1.30224369699654
9MS1_A1BNX,run5_s45,0,0.942457171791791
9MS1_A1BNX,run5_s45,1,1.828680093103666
9MS1_A1BNX,run5_s45,2,0.8920703623915875
9MS1_A1BNX,run5_s45,3,0.9511941070764954
9MS1_A1BNX,run5_s45,4,0.8907998976856606
9PLJ_TCI,run5_s45,0,1.4146857144018066
9PLJ_TCI,run5_s45,1,1.6105904433317069
9PLJ_TCI,run5_s45,2,2.0346907816791253
9PLJ_TCI,run5_s45,3,1.6596927487577275
9PLJ_TCI,run5_s45,4,1.417736435373093
9PLK_A1CIW,run5_s45,0,1.7106921725319055
9PLK_A1CIW,run5_s45,1,1.7998512341056314
9PLK_A1CIW,run5_s45,2,1.9558539443544756
9PLK_A1CIW,run5_s45,3,2.7062678994422855
9PLK_A1CIW,run5_s45,4,1.9581873085974375
9YK4_PG4,run5_s45,0,3.453934206006995
9YK4_PG4,run5_s45,1,3.3908766473223535
9YK4_PG4,run5_s45,2,3.4834288641991216
9YK4_PG4,run5_s45,3,3.496028102270786
9YK4_PG4,run5_s45,4,24.3664729989805
