name,seed,rank,geom
1W0G_MYT,run5_s42,0,0.9433241339270687
1W0G_MYT,run5_s42,1,0.8793715315056838
1W0G_MYT,run5_s42,2,1.0159623092692125
1W0G_MYT,run5_s42,3,0.8564160830778432
1W0G_MYT,run5_s42,4,0.8139189343390006
1W0G_MYT,run5_s43,0,0.839388701755988
1W0G_MYT,run5_s43,1,0.8116464864457531
1W0G_MYT,run5_s43,2,1.0016998341118624
1W0G_MYT,run5_s43,3,0.9071201304016183
1W0G_MYT,run5_s43,4,0.8598678761865869
1W0G_MYT,run5_s44,0,0.8407610850197514
1W0G_MYT,run5_s44,1,0.8521957393777333
1W0G_MYT,run5_s44,2,0.8816866378800379
1W0G_MYT,run5_s44,3,0.9044686006814873
1W0G_MYT,run5_s44,4,0.8265523061355414
1W0G_MYT,run5_s45,0,1.0435717704038505
1W0G_MYT,run5_s45,1,0.8830378707585608
1W0G_MYT,run5_s45,2,1.0233992155430318
1W0G_MYT,run5_s45,3,1.0970869990252312
1W0G_MYT,run5_s45,4,1.2490688601251863
2J0D_ERY,run5_s42,0,1.3458139240245561
2J0D_ERY,run5_s42,1,1.3371824262447871
2J0D_ERY,run5_s42,2,1.372826286270058
2J0D_ERY,run5_s42,3,1.3513012715979178
2J0D_ERY,run5_s42,4,1.303266700006614
2J0D_ERY,run5_s43,0,1.391123726244981
2J0D_ERY,run5_s43,1,1.3155305589580728
2J0D_ERY,run5_s43,2,1.3471919043270681
2J0D_ERY,run5_s43,3,1.4275092962212481
2J0D_ERY,run5_s43,4,1.2839570756351244
2J0D_ERY,run5_s44,0,1.350848415643979
2J0D_ERY,run5_s44,1,1.3096727927753602
2J0D_ERY,run5_s44,2,1.2805925940903347
2J0D_ERY,run5_s44,3,1.3112692518087663
2J0D_ERY,run5_s44,4,1.3685713566361803
2J0D_ERY,run5_s45,0,1.219142144825301
2J0D_ERY,run5_s45,1,1.2645021858200047
2J0D_ERY,run5_s45,2,1.4186712539527353
2J0D_ERY,run5_s45,3,1.2280948556539757
2J0D_ERY,run5_s45,4,1.3739027410041735
2V0M_KLN,run5_s42,0,0.7424407173015526
2V0M_KLN,run5_s42,1,0.7483930222215872
2V0M_KLN,run5_s42,2,0.6506561752667888
2V0M_KLN,run5_s42,3,0.7673025303332303
2V0M_KLN,run5_s42,4,0.6906260663193058
2V0M_KLN,run5_s43,0,0.7268184454968123
2V0M_KLN,run5_s43,1,0.6929394040824387
2V0M_KLN,run5_s43,2,0.8617766273837781
2V0M_KLN,run5_s43,3,0.6105472485632751
2V0M_KLN,run5_s43,4,0.6525255929771445
2V0M_KLN,run5_s44,0,0.7645074306840086
2V0M_KLN,run5_s44,1,0.6773915318909163
2V0M_KLN,run5_s44,2,0.6753063387043424
2V0M_KLN,run5_s44,3,0.7996508109033968
2V0M_KLN,run5_s44,4,0.6717721592096225
2V0M_KLN,run5_s45,0,1.3327449802579032
2V0M_KLN,run5_s45,1,0.7127017986363976
2V0M_KLN,run5_s45,2,0.7187837386413912
2V0M_KLN,run5_s45,3,0.6439049113476268
2V0M_KLN,run5_s45,4,0.7795441340318984
3NXU_RIT,run5_s42,0,0.668458523321163
3NXU_RIT,run5_s42,1,0.6954157894591425
3NXU_RIT,run5_s42,2,0.6868681968071296
3NXU_RIT,run5_s42,3,0.6639868275289696
3NXU_RIT,run5_s42,4,0.7228632126526243
3NXU_RIT,run5_s43,0,0.651672173128951
3NXU_RIT,run5_s43,1,0.6259512799496861
3NXU_RIT,run5_s43,2,0.5694924706283069
3NXU_RIT,run5_s43,3,0.6384450152644029
3NXU_RIT,run5_s43,4,0.6806733983695729
3NXU_RIT,run5_s44,0,0.7403453741411519
3NXU_RIT,run5_s44,1,0.7401430480033088
3NXU_RIT,run5_s44,2,0.6870555867335114
3NXU_RIT,run5_s44,3,0.7246773625570622
3NXU_RIT,run5_s44,4,0.7488528876690935
3NXU_RIT,run5_s45,0,0.6022771555143273
3NXU_RIT,run5_s45,1,0.6983064094948432
3NXU_RIT,run5_s45,2,0.6255340105796003
3NXU_RIT,run5_s45,3,0.6782169106658473
3NXU_RIT,run5_s45,4,0.7185389101271387
3TJS_D0R,run5_s42,0,1.2952188542091116
3TJS_D0R,run5_s42,1,1.3790783211396342
3TJS_D0R,run5_s42,2,1.763052238645157
3TJS_D0R,run5_s42,3,1.4636683726462227
3TJS_D0R,run5_s42,4,1.2299766723034407
3TJS_D0R,run5_s43,0,1.2731211890264977
3TJS_D0R,run5_s43,1,1.349469532863899
3TJS_D0R,run5_s43,2,1.390516756875679
3TJS_D0R,run5_s43,3,1.2830713216626115
3TJS_D0R,run5_s43,4,1.1943891388739798
3TJS_D0R,run5_s44,0,1.38370784932779
3TJS_D0R,run5_s44,1,1.3448184121639648
3TJS_D0R,run5_s44,2,1.3597261914971057
3TJS_D0R,run5_s44,3,1.2815027745133238
3TJS_D0R,run5_s44,4,1.285430739133174
3TJS_D0R,run5_s45,0,1.324551820104886
3TJS_D0R,run5_s45,1,1.337031734242598
3TJS_D0R,run5_s45,2,1.4657869488212358
3TJS_D0R,run5_s45,3,1.3801357602818558
3TJS_D0R,run5_s45,4,1.1976286435261423
3UA1_08Y,run5_s42,0,0.8183492832650945
3UA1_08Y,run5_s42,1,0.9569453225393311
3UA1_08Y,run5_s42,2,0.860623120787807
3UA1_08Y,run5_s42,3,0.8476190670226978
3UA1_08Y,run5_s42,4,0.9400879037855174
3UA1_08Y,run5_s43,0,0.857429526972148
3UA1_08Y,run5_s43,1,0.9946981377117786
3UA1_08Y,run5_s43,2,0.8715661645106872
3UA1_08Y,run5_s43,3,0.8505398718530066
3UA1_08Y,run5_s43,4,1.0810860327740206
3UA1_08Y,run5_s44,0,0.7986023291929678
3UA1_08Y,run5_s44,1,0.8792936827101244
3UA1_08Y,run5_s44,2,0.7722517621884858
3UA1_08Y,run5_s44,3,1.0845520463362603
3UA1_08Y,run5_s44,4,0.7849694415331685
3UA1_08Y,run5_s45,0,0.8274169585493404
3UA1_08Y,run5_s45,1,0.8918680374568496
3UA1_08Y,run5_s45,2,0.8773666699153969
3UA1_08Y,run5_s45,3,0.9035949235119155
3UA1_08Y,run5_s45,4,0.8367381046393266
4D6Z_PK9,run5_s42,0,1.1866080544947397
4D6Z_PK9,run5_s42,1,1.1632697744523302
4D6Z_PK9,run5_s42,2,1.3513559755624336
4D6Z_PK9,run5_s42,3,1.1413393191420653
4D6Z_PK9,run5_s42,4,1.1080393843913388
4D6Z_PK9,run5_s43,0,0.9745149548939043
4D6Z_PK9,run5_s43,1,1.2572919436562722
4D6Z_PK9,run5_s43,2,1.1630280877910946
4D6Z_PK9,run5_s43,3,1.2111882683479567
4D6Z_PK9,run5_s43,4,1.612915676952855
4D6Z_PK9,run5_s44,0,1.1077277185395003
4D6Z_PK9,run5_s44,1,0.9705971672665427
4D6Z_PK9,run5_s44,2,1.3741903541749012
4D6Z_PK9,run5_s44,3,1.0221598579132174
4D6Z_PK9,run5_s44,4,1.0248388069082446
4D6Z_PK9,run5_s45,0,1.1050586372515698
4D6Z_PK9,run5_s45,1,0.9729278234839547
4D6Z_PK9,run5_s45,2,1.615090906917182
4D6Z_PK9,run5_s45,3,1.113544844059791
4D6Z_PK9,run5_s45,4,1.1734112103927228
4D78_J9K,run5_s42,0,0.7644681242822606
4D78_J9K,run5_s42,1,0.7923868492015348
4D78_J9K,run5_s42,2,0.7908598847809788
4D78_J9K,run5_s42,3,0.8902602641940057
4D78_J9K,run5_s42,4,1.232428911189747
4D78_J9K,run5_s43,0,0.7566766350141183
4D78_J9K,run5_s43,1,0.8171461851524571
4D78_J9K,run5_s43,2,0.7672583677391207
4D78_J9K,run5_s43,3,0.9332499173060814
4D78_J9K,run5_s43,4,0.8014210036222383
4D78_J9K,run5_s44,0,0.8571434386133812
4D78_J9K,run5_s44,1,1.0109981673749293
4D78_J9K,run5_s44,2,0.8395922142778756
4D78_J9K,run5_s44,3,0.9342741845632618
4D78_J9K,run5_s44,4,0.8252996647444317
4D78_J9K,run5_s45,0,0.7696970480382277
4D78_J9K,run5_s45,1,1.279825005784931
4D78_J9K,run5_s45,2,0.7706161863611648
4D78_J9K,run5_s45,3,0.7370985467048599
4D78_J9K,run5_s45,4,0.8108976349756756
4D7D_PKT,run5_s42,0,1.025579836240235
4D7D_PKT,run5_s42,1,1.162296597198251
4D7D_PKT,run5_s42,2,1.653222431443056
4D7D_PKT,run5_s42,3,1.327664221335865
4D7D_PKT,run5_s42,4,1.0518980172263763
4D7D_PKT,run5_s43,0,1.026301541110782
4D7D_PKT,run5_s43,1,1.0879043565773903
4D7D_PKT,run5_s43,2,1.1729048467373393
4D7D_PKT,run5_s43,3,1.2987664923581186
4D7D_PKT,run5_s43,4,1.0582121677216996
4D7D_PKT,run5_s44,0,1.0443873347400634
4D7D_PKT,run5_s44,1,1.0318489333248966
4D7D_PKT,run5_s44,2,1.138343011339589
4D7D_PKT,run5_s44,3,1.601437113754046
4D7D_PKT,run5_s44,4,1.1775571611307267
4D7D_PKT,run5_s45,0,1.0703859541661396
4D7D_PKT,run5_s45,1,1.0732907460697803
4D7D_PKT,run5_s45,2,1.0346933612116969
4D7D_PKT,run5_s45,3,1.6318987583249454
4D7D_PKT,run5_s45,4,1.0103948396552118
4I4G_Z8Z,run5_s42,0,0.6142098691695038
4I4G_Z8Z,run5_s42,1,0.6741271608579553
4I4G_Z8Z,run5_s42,2,0.7580384027106973
4I4G_Z8Z,run5_s42,3,0.7407574946803699
4I4G_Z8Z,run5_s42,4,0.8219303942707802
4I4G_Z8Z,run5_s43,0,0.6713644271829878
4I4G_Z8Z,run5_s43,1,0.6547547232482035
4I4G_Z8Z,run5_s43,2,0.6856111186463977
4I4G_Z8Z,run5_s43,3,0.6548319131019935
4I4G_Z8Z,run5_s43,4,0.6407934169660905
4I4G_Z8Z,run5_s44,0,0.6002716795590299
4I4G_Z8Z,run5_s44,1,0.8455823715010456
4I4G_Z8Z,run5_s44,2,0.6360076756644812
4I4G_Z8Z,run5_s44,3,1.1086924519340973
4I4G_Z8Z,run5_s44,4,0.786463918924024
4I4G_Z8Z,run5_s45,0,0.5884602694309153
4I4G_Z8Z,run5_s45,1,0.6141610033009691
4I4G_Z8Z,run5_s45,2,0.6130208319370726
4I4G_Z8Z,run5_s45,3,0.9291300836326081
4I4G_Z8Z,run5_s45,4,0.7401314056422205
4I4H_Z9Z,run5_s42,0,0.5973729290988727
4I4H_Z9Z,run5_s42,1,0.6566043058628607
4I4H_Z9Z,run5_s42,2,0.6085252562403454
4I4H_Z9Z,run5_s42,3,0.6341657348455089
4I4H_Z9Z,run5_s42,4,0.6105091751834298
4I4H_Z9Z,run5_s43,0,0.616737953806842
4I4H_Z9Z,run5_s43,1,0.631087450160609
4I4H_Z9Z,run5_s43,2,0.6399359645883432
4I4H_Z9Z,run5_s43,3,0.6869395002100496
4I4H_Z9Z,run5_s43,4,0.6427285203250913
4I4H_Z9Z,run5_s44,0,0.6124329770980553
4I4H_Z9Z,run5_s44,1,0.834717892134589
4I4H_Z9Z,run5_s44,2,0.6558163088108591
4I4H_Z9Z,run5_s44,3,0.6083410954984175
4I4H_Z9Z,run5_s44,4,0.7385769041771377
4I4H_Z9Z,run5_s45,0,0.7112270457358281
4I4H_Z9Z,run5_s45,1,0.8676838733039361
4I4H_Z9Z,run5_s45,2,0.7736148836985697
4I4H_Z9Z,run5_s45,3,0.8531178473436267
4I4H_Z9Z,run5_s45,4,0.8893487041722402
4K9T_1RD,run5_s42,0,1.022114882454918
4K9T_1RD,run5_s42,1,1.0768169790902749
4K9T_1RD,run5_s42,2,1.4691057799386165
4K9T_1RD,run5_s42,3,1.3171232759964295
4K9T_1RD,run5_s42,4,1.1108298785027237
4K9T_1RD,run5_s43,0,1.4464917052127846
4K9T_1RD,run5_s43,1,1.1075891967207911
4K9T_1RD,run5_s43,2,1.2201690782553285
4K9T_1RD,run5_s43,3,1.2584190222887244
4K9T_1RD,run5_s43,4,1.3195540370989722
4K9T_1RD,run5_s44,0,1.0523855552935155
4K9T_1RD,run5_s44,1,1.180054088788069
4K9T_1RD,run5_s44,2,1.0904750478737146
4K9T_1RD,run5_s44,3,1.159249284986581
4K9T_1RD,run5_s44,4,1.402538860515825
4K9T_1RD,run5_s45,0,1.3991412468933238
4K9T_1RD,run5_s45,1,1.0757283432459979
4K9T_1RD,run5_s45,2,1.1201305530294146
4K9T_1RD,run5_s45,3,1.058241504874011
4K9T_1RD,run5_s45,4,1.3316552443138252
4K9U_5AW,run5_s42,0,1.0474799365097267
4K9U_5AW,run5_s42,1,1.090901066225102
4K9U_5AW,run5_s42,2,1.0498530696770485
4K9U_5AW,run5_s42,3,1.049102921667859
4K9U_5AW,run5_s42,4,1.2490796847394927
4K9U_5AW,run5_s43,0,1.0838142748462474
4K9U_5AW,run5_s43,1,1.2328520736625883
4K9U_5AW,run5_s43,2,1.0864579562907999
4K9U_5AW,run5_s43,3,1.1086200937086197
4K9U_5AW,run5_s43,4,1.2599265480945185
4K9U_5AW,run5_s44,0,1.2382046987875404
4K9U_5AW,run5_s44,1,1.1958628032119465
4K9U_5AW,run5_s44,2,1.1095300310753111
4K9U_5AW,run5_s44,3,1.239898383146667
4K9U_5AW,run5_s44,4,1.2394941890073756
4K9U_5AW,run5_s45,0,1.1303510908356884
4K9U_5AW,run5_s45,1,1.1992471120992618
4K9U_5AW,run5_s45,2,1.1921662942333617
4K9U_5AW,run5_s45,3,1.2224845182174997
4K9U_5AW,run5_s45,4,1.2483829406894646
4K9V_6AW,run5_s42,0,0.808367711207721
4K9V_6AW,run5_s42,1,0.8280712735245622
4K9V_6AW,run5_s42,2,0.8030996057025107
4K9V_6AW,run5_s42,3,0.7481005016334915
4K9V_6AW,run5_s42,4,0.7794442081268564
4K9V_6AW,run5_s43,0,0.838361933586425
4K9V_6AW,run5_s43,1,0.8817668871615935
4K9V_6AW,run5_s43,2,0.7386311662966613
4K9V_6AW,run5_s43,3,0.7993197486398721
4K9V_6AW,run5_s43,4,1.122659283146536
4K9V_6AW,run5_s44,0,0.8504045505394395
4K9V_6AW,run5_s44,1,0.8279921550046544
4K9V_6AW,run5_s44,2,0.817061381987272
4K9V_6AW,run5_s44,3,0.8083988078471522
4K9V_6AW,run5_s44,4,0.7929402181702068
4K9V_6AW,run5_s45,0,0.9151219713978181
4K9V_6AW,run5_s45,1,0.7285817248356398
4K9V_6AW,run5_s45,2,0.8430403164232179
4K9V_6AW,run5_s45,3,0.7363390233278224
4K9V_6AW,run5_s45,4,0.8070823863655431
4K9W_7AW,run5_s42,0,0.6292737369163021
4K9W_7AW,run5_s42,1,0.669626217817305
4K9W_7AW,run5_s42,2,0.6272930839782018
4K9W_7AW,run5_s42,3,0.5786941766743812
4K9W_7AW,run5_s42,4,0.900416945661081
4K9W_7AW,run5_s43,0,0.5767829897655773
4K9W_7AW,run5_s43,1,0.5598840406507549
4K9W_7AW,run5_s43,2,0.5978391209258982
4K9W_7AW,run5_s43,3,0.6781762423801848
4K9W_7AW,run5_s43,4,0.6046276927742971
4K9W_7AW,run5_s44,0,0.5508674237376444
4K9W_7AW,run5_s44,1,0.540024251303277
4K9W_7AW,run5_s44,2,0.6984091155955363
4K9W_7AW,run5_s44,3,0.6539374769393541
4K9W_7AW,run5_s44,4,0.6852210847541436
4K9W_7AW,run5_s45,0,0.5847395267378396
4K9W_7AW,run5_s45,1,0.594206213722198
4K9W_7AW,run5_s45,2,0.675126765104908
4K9W_7AW,run5_s45,3,0.5899620707578058
4K9W_7AW,run5_s45,4,0.6575269188198768
4K9X_8AW,run5_s42,0,0.5292839713740293
4K9X_8AW,run5_s42,1,0.47535008502202486
4K9X_8AW,run5_s42,2,0.46583151635147746
4K9X_8AW,run5_s42,3,0.5427204418413417
4K9X_8AW,run5_s42,4,0.46340601834809697
4K9X_8AW,run5_s43,0,0.43602890024688806
4K9X_8AW,run5_s43,1,0.4863327696423923
4K9X_8AW,run5_s43,2,0.6229092306742787
4K9X_8AW,run5_s43,3,0.5098895085526212
4K9X_8AW,run5_s43,4,0.4668559080158835
4K9X_8AW,run5_s44,0,0.5295913040417936
4K9X_8AW,run5_s44,1,0.4700356368990235
4K9X_8AW,run5_s44,2,0.46320410978474685
4K9X_8AW,run5_s44,3,0.5677453481718825
4K9X_8AW,run5_s44,4,0.4487421388521361
4K9X_8AW,run5_s45,0,0.5490425972643066
4K9X_8AW,run5_s45,1,0.5033699172478048
4K9X_8AW,run5_s45,2,0.5092984292829073
4K9X_8AW,run5_s45,3,0.6233365240290075
4K9X_8AW,run5_s45,4,0.6797258101268825
4NY4_2QH,run5_s42,0,0.3519516713132684
4NY4_2QH,run5_s42,1,0.257629912552264
4NY4_2QH,run5_s42,2,0.38112131730049653
4NY4_2QH,run5_s42,3,0.26450121303488744
4NY4_2QH,run5_s42,4,0.3084869421109491
4NY4_2QH,run5_s43,0,0.32739561467048134
4NY4_2QH,run5_s43,1,0.29016688840797006
4NY4_2QH,run5_s43,2,0.315196705951214
4NY4_2QH,run5_s43,3,0.2946860885068292
4NY4_2QH,run5_s43,4,0.3680894622250108
4NY4_2QH,run5_s44,0,0.3450507667064088
4NY4_2QH,run5_s44,1,0.2778341434392207
4NY4_2QH,run5_s44,2,0.2855636495243969
4NY4_2QH,run5_s44,3,0.7724194470909383
4NY4_2QH,run5_s44,4,0.30891629597260717
4NY4_2QH,run5_s45,0,0.26032679806877423
4NY4_2QH,run5_s45,1,0.40094741720386057
4NY4_2QH,run5_s45,2,0.28051407790065924
4NY4_2QH,run5_s45,3,0.4036636482508033
4NY4_2QH,run5_s45,4,0.3370053703475284
5G5J_MF8,run5_s42,0,3.4729120179095383
5G5J_MF8,run5_s42,1,3.122065344140252
5G5J_MF8,run5_s42,2,3.0829127541553274
5G5J_MF8,run5_s42,3,2.977723268012818
5G5J_MF8,run5_s42,4,24.55176429975037
5G5J_MF8,run5_s43,0,3.0470592573646957
5G5J_MF8,run5_s43,1,2.9072113230740797
5G5J_MF8,run5_s43,2,3.1892238510018394
5G5J_MF8,run5_s43,3,3.019221786244715
5G5J_MF8,run5_s43,4,2.9974895625076754
5G5J_MF8,run5_s44,0,2.9554409164837465
5G5J_MF8,run5_s44,1,2.9755558784779765
5G5J_MF8,run5_s44,2,2.875721014496986
5G5J_MF8,run5_s44,3,2.9304850585267146
5G5J_MF8,run5_s44,4,4.4538623737134495
5G5J_MF8,run5_s45,0,2.9150020615635217
5G5J_MF8,run5_s45,1,2.900448433013993
5G5J_MF8,run5_s45,2,3.1399857103422786
5G5J_MF8,run5_s45,3,2.958355907020831
5G5J_MF8,run5_s45,4,13.183911516531172
5TE8_08J,run5_s42,0,1.612486615190923
5TE8_08J,run5_s42,1,1.2513064684993227
5TE8_08J,run5_s42,2,1.3917816175337763
5TE8_08J,run5_s42,3,1.6606095736956195
5TE8_08J,run5_s42,4,1.5512924471847542
5TE8_08J,run5_s43,0,1.2837055287955397
5TE8_08J,run5_s43,1,1.3046534736802802
5TE8_08J,run5_s43,2,1.6868390607183397
5TE8_08J,run5_s43,3,1.2934387987510816
5TE8_08J,run5_s43,4,1.3133808705309917
5TE8_08J,run5_s44,0,1.595760052570616
5TE8_08J,run5_s44,1,1.684579725401483
5TE8_08J,run5_s44,2,1.818443570100346
5TE8_08J,run5_s44,3,1.629449521754807
5TE8_08J,run5_s44,4,1.5415603936222557
5TE8_08J,run5_s45,0,1.6442974231642644
5TE8_08J,run5_s45,1,1.6842820693187412
5TE8_08J,run5_s45,2,1.2552627200257889
5TE8_08J,run5_s45,3,1.439513937295672
5TE8_08J,run5_s45,4,1.2488915679779908
6BCZ_D7Y,run5_s42,0,0.8798501083953385
6BCZ_D7Y,run5_s42,1,0.9228941020266044
6BCZ_D7Y,run5_s42,2,1.1755762550974589
6BCZ_D7Y,run5_s42,3,0.9274627554411861
6BCZ_D7Y,run5_s42,4,1.280803917150783
6BCZ_D7Y,run5_s43,0,0.8974992503123721
6BCZ_D7Y,run5_s43,1,0.8931730228494216
6BCZ_D7Y,run5_s43,2,1.6692933268215155
6BCZ_D7Y,run5_s43,3,1.1081883217969322
6BCZ_D7Y,run5_s43,4,1.33497719092672
6BCZ_D7Y,run5_s44,0,0.9005894270292844
6BCZ_D7Y,run5_s44,1,1.0985990697444223
6BCZ_D7Y,run5_s44,2,0.9612968009850195
6BCZ_D7Y,run5_s44,3,1.4182453172560825
6BCZ_D7Y,run5_s44,4,1.2253795326409147
6BCZ_D7Y,run5_s45,0,1.0912898118827405
6BCZ_D7Y,run5_s45,1,0.8999711913565921
6BCZ_D7Y,run5_s45,2,1.2795632161466313
6BCZ_D7Y,run5_s45,3,1.0717610404245537
6BCZ_D7Y,run5_s45,4,1.145049477584674
6BD5_D7M,run5_s42,0,1.4714285153756543
6BD5_D7M,run5_s42,1,1.152757010312356
6BD5_D7M,run5_s42,2,1.1539209217465267
6BD5_D7M,run5_s42,3,1.1064269998186498
6BD5_D7M,run5_s42,4,1.0888094946644429
6BD5_D7M,run5_s43,0,0.9776803466994293
6BD5_D7M,run5_s43,1,1.142411534512106
6BD5_D7M,run5_s43,2,1.0686850104840737
6BD5_D7M,run5_s43,3,1.1421542237771731
6BD5_D7M,run5_s43,4,1.0747230697372425
6BD5_D7M,run5_s44,0,1.0327783728730147
6BD5_D7M,run5_s44,1,1.016259197749212
6BD5_D7M,run5_s44,2,1.0493989309281633
6BD5_D7M,run5_s44,3,0.962391451834204
6BD5_D7M,run5_s44,4,1.1543736102001292
6BD5_D7M,run5_s45,0,0.9788071875945207
6BD5_D7M,run5_s45,1,1.1242361930312068
6BD5_D7M,run5_s45,2,1.1378904976872768
6BD5_D7M,run5_s45,3,1.064525955436367
6BD5_D7M,run5_s45,4,1.0497977582606663
6BD6_80K,run5_s42,0,0.8154362555737249
6BD6_80K,run5_s42,1,0.793324088923174
6BD6_80K,run5_s42,2,0.7473572842400567
6BD6_80K,run5_s42,3,0.8371576249184827
6BD6_80K,run5_s42,4,1.779705084646387
6BD6_80K,run5_s43,0,1.0741582162180567
6BD6_80K,run5_s43,1,0.7854011957058031
6BD6_80K,run5_s43,2,0.720837734289599
6BD6_80K,run5_s43,3,0.9796161930476659
6BD6_80K,run5_s43,4,1.3328104947832962
6BD6_80K,run5_s44,0,0.7061186580459498
6BD6_80K,run5_s44,1,0.7969161706018411
6BD6_80K,run5_s44,2,0.8780893249236024
6BD6_80K,run5_s44,3,0.7934482374560933
6BD6_80K,run5_s44,4,0.8962405053182545
6BD6_80K,run5_s45,0,0.757570296620993
6BD6_80K,run5_s45,1,0.8143327005368488
6BD6_80K,run5_s45,2,0.8085100292717318
6BD6_80K,run5_s45,3,0.9599260575398165
6BD6_80K,run5_s45,4,0.7610449377993094
6BD7_D7J,run5_s42,0,0.8443380664417889
6BD7_D7J,run5_s42,1,0.8136101285464276
6BD7_D7J,run5_s42,2,0.867165886073533
6BD7_D7J,run5_s42,3,1.02620905023814
6BD7_D7J,run5_s42,4,0.9671937601453878
6BD7_D7J,run5_s43,0,0.8282617419315194
6BD7_D7J,run5_s43,1,0.8845647478970217
6BD7_D7J,run5_s43,2,0.8447794931064586
6BD7_D7J,run5_s43,3,0.9411551152296692
6BD7_D7J,run5_s43,4,1.016649978061272
6BD7_D7J,run5_s44,0,0.9074882151183873
6BD7_D7J,run5_s44,1,0.9140482306153729
6BD7_D7J,run5_s44,2,1.1463364285444517
6BD7_D7J,run5_s44,3,0.8674919462784085
6BD7_D7J,run5_s44,4,1.0181685146738413
6BD7_D7J,run5_s45,0,1.2338525922008914
6BD7_D7J,run5_s45,1,0.8253422730855206
6BD7_D7J,run5_s45,2,0.8365797966607044
6BD7_D7J,run5_s45,3,0.8867196614553223
6BD7_D7J,run5_s45,4,1.0494988812847248
6BD8_D81,run5_s42,0,0.974014535010333
6BD8_D81,run5_s42,1,0.9692133713430454
6BD8_D81,run5_s42,2,0.9710831911269654
6BD8_D81,run5_s42,3,1.2590312815945708
6BD8_D81,run5_s42,4,1.0749873005719186
6BD8_D81,run5_s43,0,1.1488167653488823
6BD8_D81,run5_s43,1,0.9725341678287435
6BD8_D81,run5_s43,2,1.0051583882792452
6BD8_D81,run5_s43,3,1.225536364988423
6BD8_D81,run5_s43,4,1.3349797762512319
6BD8_D81,run5_s44,0,1.1426853703286686
6BD8_D81,run5_s44,1,1.0097042999728734
6BD8_D81,run5_s44,2,1.1974799762154362
6BD8_D81,run5_s44,3,1.3729414507367876
6BD8_D81,run5_s44,4,1.060432828941951
6BD8_D81,run5_s45,0,1.0772414346816201
6BD8_D81,run5_s45,1,0.9303490259581065
6BD8_D81,run5_s45,2,0.9588779945527807
6BD8_D81,run5_s45,3,1.032652153624566
6BD8_D81,run5_s45,4,1.3238257615795521
6BDH_DEV,run5_s42,0,0.5953653870392324
6BDH_DEV,run5_s42,1,0.6254611210372424
6BDH_DEV,run5_s42,2,0.5956307485462983
6BDH_DEV,run5_s42,3,0.7054653514240958
6BDH_DEV,run5_s42,4,0.5743512713100076
6BDH_DEV,run5_s43,0,0.5257139102756205
6BDH_DEV,run5_s43,1,0.6493385334112097
6BDH_DEV,run5_s43,2,0.6087848228829418
6BDH_DEV,run5_s43,3,0.5317292572294551
6BDH_DEV,run5_s43,4,0.5527848833637129
6BDH_DEV,run5_s44,0,0.5153852410863969
6BDH_DEV,run5_s44,1,0.5182523070373577
6BDH_DEV,run5_s44,2,0.5502205712367829
6BDH_DEV,run5_s44,3,0.5854624771367166
6BDH_DEV,run5_s44,4,0.5437879138541611
6BDH_DEV,run5_s45,0,0.6803186111195617
6BDH_DEV,run5_s45,1,0.5890810530349967
6BDH_DEV,run5_s45,2,0.8083102608518603
6BDH_DEV,run5_s45,3,0.6097017211704047
6BDH_DEV,run5_s45,4,0.6772103911828963
6BDI_DEJ,run5_s42,0,0.959674271828638
6BDI_DEJ,run5_s42,1,0.9907905795289272
6BDI_DEJ,run5_s42,2,0.9970504719013821
6BDI_DEJ,run5_s42,3,0.9704411254169674
6BDI_DEJ,run5_s42,4,1.3758878013498599
6BDI_DEJ,run5_s43,0,1.0422825840645484
6BDI_DEJ,run5_s43,1,1.2817573026663005
6BDI_DEJ,run5_s43,2,0.9858658441075284
6BDI_DEJ,run5_s43,3,1.3757180576422525
6BDI_DEJ,run5_s43,4,1.1538358238692468
6BDI_DEJ,run5_s44,0,1.226345827051318
6BDI_DEJ,run5_s44,1,1.1124628317483591
6BDI_DEJ,run5_s44,2,0.9677873548505882
6BDI_DEJ,run5_s44,3,1.124936920260088
6BDI_DEJ,run5_s44,4,1.278510553741908
6BDI_DEJ,run5_s45,0,1.233910300098989
6BDI_DEJ,run5_s45,1,1.1144753362544073
6BDI_DEJ,run5_s45,2,1.3050178537552413
6BDI_DEJ,run5_s45,3,1.3192158569128987
6BDI_DEJ,run5_s45,4,0.9551806084364202
6BDK_DJ1,run5_s42,0,1.0013014939961613
6BDK_DJ1,run5_s42,1,0.9333766248999006
6BDK_DJ1,run5_s42,2,0.9028793741332799
6BDK_DJ1,run5_s42,3,0.9660639651100588
6BDK_DJ1,run5_s42,4,1.1201721604614492
6BDK_DJ1,run5_s43,0,1.1500447306379924
6BDK_DJ1,run5_s43,1,1.3610799810918248
6BDK_DJ1,run5_s43,2,0.9236405208425474
6BDK_DJ1,run5_s43,3,1.038397401541643
6BDK_DJ1,run5_s43,4,0.9284715747954153
6BDK_DJ1,run5_s44,0,2.389191563981014
6BDK_DJ1,run5_s44,1,1.0306039237208364
6BDK_DJ1,run5_s44,2,0.9142509117183405
6BDK_DJ1,run5_s44,3,1.0285757184506625
6BDK_DJ1,run5_s44,4,0.9390614950685588
6BDK_DJ1,run5_s45,0,0.9287734109189673
6BDK_DJ1,run5_s45,1,1.161944068972071
6BDK_DJ1,run5_s45,2,1.2045126410196338
6BDK_DJ1,run5_s45,3,1.340663982902995
6BDK_DJ1,run5_s45,4,1.1140061311037919
6BDM_Y83,run5_s42,0,1.2538073290951934
6BDM_Y83,run5_s42,1,1.2968313004962857
6BDM_Y83,run5_s42,2,1.0552309029669347
6BDM_Y83,run5_s42,3,1.5027555332007412
6BDM_Y83,run5_s42,4,1.1416063657888125
6BDM_Y83,run5_s43,0,1.0813727591134086
6BDM_Y83,run5_s43,1,1.0977000046159495
6BDM_Y83,run5_s43,2,1.0561859844358803
6BDM_Y83,run5_s43,3,1.1348209354215357
6BDM_Y83,run5_s43,4,1.3190965813494027
6BDM_Y83,run5_s44,0,1.1339497543869086
6BDM_Y83,run5_s44,1,1.6453115101456341
6BDM_Y83,run5_s44,2,0.9992243607019267
6BDM_Y83,run5_s44,3,1.0905312835076912
6BDM_Y83,run5_s44,4,1.5119786571161427
6BDM_Y83,run5_s45,0,0.9986611098700905
6BDM_Y83,run5_s45,1,1.6975010284729395
6BDM_Y83,run5_s45,2,0.9805312659548907
6BDM_Y83,run5_s45,3,1.0824505647499283
6BDM_Y83,run5_s45,4,1.0026013920322796
6DA2_G0D,run5_s42,0,0.6063842425614036
6DA2_G0D,run5_s42,1,0.5755405302285564
6DA2_G0D,run5_s42,2,0.6869959513216413
6DA2_G0D,run5_s42,3,0.5562803219474995
6DA2_G0D,run5_s42,4,0.5918431634292347
6DA2_G0D,run5_s43,0,0.558830288931234
6DA2_G0D,run5_s43,1,0.6525885791812653
6DA2_G0D,run5_s43,2,0.5690647808013527
6DA2_G0D,run5_s43,3,0.6522057784315783
6DA2_G0D,run5_s43,4,0.7536939446616037
6DA2_G0D,run5_s44,0,0.7534530564093118
6DA2_G0D,run5_s44,1,0.585500831156066
6DA2_G0D,run5_s44,2,0.5980076819277255
6DA2_G0D,run5_s44,3,0.5601163918322785
6DA2_G0D,run5_s44,4,0.5895800380127865
6DA2_G0D,run5_s45,0,0.6638470746429157
6DA2_G0D,run5_s45,1,0.5961825752954738
6DA2_G0D,run5_s45,2,0.7761684103160192
6DA2_G0D,run5_s45,3,0.5715003889013595
6DA2_G0D,run5_s45,4,0.6065066858239888
6DA5_G1J,run5_s42,0,0.6786050733372
6DA5_G1J,run5_s42,1,0.6883843118121422
6DA5_G1J,run5_s42,2,0.6713096036868693
6DA5_G1J,run5_s42,3,0.7789175284649683
6DA5_G1J,run5_s42,4,0.7211840829541408
6DA5_G1J,run5_s43,0,1.350852940120455
6DA5_G1J,run5_s43,1,0.7352182474724274
6DA5_G1J,run5_s43,2,0.6966028359263262
6DA5_G1J,run5_s43,3,0.659496961345234
6DA5_G1J,run5_s43,4,0.7253268737904914
6DA5_G1J,run5_s44,0,0.6809278753009088
6DA5_G1J,run5_s44,1,0.6976191246630161
6DA5_G1J,run5_s44,2,0.6595599709383114
6DA5_G1J,run5_s44,3,0.652217393716504
6DA5_G1J,run5_s44,4,0.8683749789794424
6DA5_G1J,run5_s45,0,0.6916033796609827
6DA5_G1J,run5_s45,1,0.6437851439362926
6DA5_G1J,run5_s45,2,0.7909020279410306
6DA5_G1J,run5_s45,3,0.6729837871056994
6DA5_G1J,run5_s45,4,0.8181868975564057
6DA8_G0J,run5_s42,0,0.8634957481053617
6DA8_G0J,run5_s42,1,1.445126806123263
6DA8_G0J,run5_s42,2,1.0251904643324157
6DA8_G0J,run5_s42,3,1.0189923725071652
6DA8_G0J,run5_s42,4,0.8998442166311375
6DA8_G0J,run5_s43,0,0.916128857154363
6DA8_G0J,run5_s43,1,1.0265451064301327
6DA8_G0J,run5_s43,2,0.8523020763633335
6DA8_G0J,run5_s43,3,0.8734942113147546
6DA8_G0J,run5_s43,4,0.9464193710791299
6DA8_G0J,run5_s44,0,0.8316690601339612
6DA8_G0J,run5_s44,1,0.9221458723480773
6DA8_G0J,run5_s44,2,0.8907328548361678
6DA8_G0J,run5_s44,3,0.9479788038719474
6DA8_G0J,run5_s44,4,0.9346688193656947
6DA8_G0J,run5_s45,0,0.9143008217230438
6DA8_G0J,run5_s45,1,0.9395930507991267
6DA8_G0J,run5_s45,2,0.9858445441753954
6DA8_G0J,run5_s45,3,1.1923125586487138
6DA8_G0J,run5_s45,4,0.8501524937629332
6DAA_G0M,run5_s42,0,0.7442837241419776
6DAA_G0M,run5_s42,1,0.6844486013163391
6DAA_G0M,run5_s42,2,0.7626569853739691
6DAA_G0M,run5_s42,3,0.7516727285711037
6DAA_G0M,run5_s42,4,1.0340836339116835
6DAA_G0M,run5_s43,0,0.7426073350410721
6DAA_G0M,run5_s43,1,0.7330048462196634
6DAA_G0M,run5_s43,2,0.7426233256895128
6DAA_G0M,run5_s43,3,0.6967702229061061
6DAA_G0M,run5_s43,4,0.7297453453929782
6DAA_G0M,run5_s44,0,0.7748759929598613
6DAA_G0M,run5_s44,1,0.7265637801179643
6DAA_G0M,run5_s44,2,0.680518548935035
6DAA_G0M,run5_s44,3,0.6472062495447582
6DAA_G0M,run5_s44,4,0.858120400213955
6DAA_G0M,run5_s45,0,0.6805294819936152
6DAA_G0M,run5_s45,1,0.7714861921646601
6DAA_G0M,run5_s45,2,0.7594688214538173
6DAA_G0M,run5_s45,3,0.6460481032421324
6DAA_G0M,run5_s45,4,0.7748023711452605
6DAB_G0V,run5_s42,0,0.6033988672427509
6DAB_G0V,run5_s42,1,0.5503223639090805
6DAB_G0V,run5_s42,2,0.5930657253475214
6DAB_G0V,run5_s42,3,0.5422190573084272
6DAB_G0V,run5_s42,4,0.8664411418698252
6DAB_G0V,run5_s43,0,0.5105944302432037
6DAB_G0V,run5_s43,1,0.5845076315219297
6DAB_G0V,run5_s43,2,0.5084840864500823
6DAB_G0V,run5_s43,3,0.5663831350819357
6DAB_G0V,run5_s43,4,0.5933999879658013
6DAB_G0V,run5_s44,0,0.9563501655196083
6DAB_G0V,run5_s44,1,0.6571880502700322
6DAB_G0V,run5_s44,2,0.540954727573959
6DAB_G0V,run5_s44,3,0.5601803609851563
6DAB_G0V,run5_s44,4,0.5309116631639249
6DAB_G0V,run5_s45,0,0.6478673224592894
6DAB_G0V,run5_s45,1,0.5640687714045355
6DAB_G0V,run5_s45,2,0.5679438092803286
6DAB_G0V,run5_s45,3,0.5229002051507617
6DAB_G0V,run5_s45,4,0.541564473079484
6DAC_FZV,run5_s42,0,0.5973156610484968
6DAC_FZV,run5_s42,1,0.5648580807193297
6DAC_FZV,run5_s42,2,0.5396509552501874
6DAC_FZV,run5_s42,3,0.554667804680799
6DAC_FZV,run5_s42,4,0.6032993396071177
6DAC_FZV,run5_s43,0,0.5624698424732987
6DAC_FZV,run5_s43,1,0.5549718226009005
6DAC_FZV,run5_s43,2,0.7104539676831866
6DAC_FZV,run5_s43,3,0.5608634786473117
6DAC_FZV,run5_s43,4,0.5063415285453697
6DAC_FZV,run5_s44,0,0.6399344984149928
6DAC_FZV,run5_s44,1,0.6161232365199049
6DAC_FZV,run5_s44,2,0.5380803183747482
6DAC_FZV,run5_s44,3,0.5454142383784589
6DAC_FZV,run5_s44,4,0.5287142147337465
6DAC_FZV,run5_s45,0,0.8985352474450693
6DAC_FZV,run5_s45,1,0.7406025489327598
6DAC_FZV,run5_s45,2,0.5631354413231623
6DAC_FZV,run5_s45,3,0.5761215930017822
6DAC_FZV,run5_s45,4,0.6042805901754857
6OO9_MWV,run5_s42,0,0.8774159493899962
6OO9_MWV,run5_s42,1,1.0389392288521693
6OO9_MWV,run5_s42,2,0.9083584179862818
6OO9_MWV,run5_s42,3,1.173605016583847
6OO9_MWV,run5_s42,4,0.9105698081326947
6OO9_MWV,run5_s43,0,0.836903830235396
6OO9_MWV,run5_s43,1,0.7489726894830704
6OO9_MWV,run5_s43,2,0.8027417598615645
6OO9_MWV,run5_s43,3,0.8272931489940076
6OO9_MWV,run5_s43,4,0.8676677949830854
6OO9_MWV,run5_s44,0,0.7684397943629673
6OO9_MWV,run5_s44,1,0.8296321017988039
6OO9_MWV,run5_s44,2,0.9878208831965791
6OO9_MWV,run5_s44,3,0.7466864020833325
6OO9_MWV,run5_s44,4,0.952977126139964
6OO9_MWV,run5_s45,0,0.7984428752929006
6OO9_MWV,run5_s45,1,0.807404477449052
6OO9_MWV,run5_s45,2,0.8776711323004835
6OO9_MWV,run5_s45,3,0.9905002611585701
6OO9_MWV,run5_s45,4,0.7661122389783646
6OOA_MWY,run5_s42,0,1.0333794264781935
6OOA_MWY,run5_s42,1,1.1879780229835768
6OOA_MWY,run5_s42,2,1.0247032618060856
6OOA_MWY,run5_s42,3,0.9463371930283836
6OOA_MWY,run5_s42,4,1.3176424911768339
6OOA_MWY,run5_s43,0,1.028912836447208
6OOA_MWY,run5_s43,1,0.9864254082718024
6OOA_MWY,run5_s43,2,1.024436832370272
6OOA_MWY,run5_s43,3,1.1362785042523804
6OOA_MWY,run5_s43,4,1.012531946113019
6OOA_MWY,run5_s44,0,1.054246747282049
6OOA_MWY,run5_s44,1,1.0962645665224466
6OOA_MWY,run5_s44,2,1.1321626827184297
6OOA_MWY,run5_s44,3,1.1980986013953054
6OOA_MWY,run5_s44,4,1.3980015559036187
6OOA_MWY,run5_s45,0,2.649490162263594
6OOA_MWY,run5_s45,1,1.2998373111188521
6OOA_MWY,run5_s45,2,0.9846609015827207
6OOA_MWY,run5_s45,3,1.2825525529776767
6OOA_MWY,run5_s45,4,1.0426476982089494
6OOB_MWS,run5_s42,0,1.2998410786184134
6OOB_MWS,run5_s42,1,1.7125581417827833
6OOB_MWS,run5_s42,2,1.4324084471340774
6OOB_MWS,run5_s42,3,1.8384388204134894
6OOB_MWS,run5_s42,4,2.1744509225207316
6OOB_MWS,run5_s43,0,1.3305388410224894
6OOB_MWS,run5_s43,1,1.2435970635579585
6OOB_MWS,run5_s43,2,1.2971199117463934
6OOB_MWS,run5_s43,3,1.2579687826947392
6OOB_MWS,run5_s43,4,1.2371773617777566
6OOB_MWS,run5_s44,0,1.250527649907135
6OOB_MWS,run5_s44,1,1.387808511786488
6OOB_MWS,run5_s44,2,1.4487656080442264
6OOB_MWS,run5_s44,3,1.9684760700113415
6OOB_MWS,run5_s44,4,1.990055830969292
6OOB_MWS,run5_s45,0,1.2661468850066264
6OOB_MWS,run5_s45,1,1.2308543608538258
6OOB_MWS,run5_s45,2,1.2305438266381734
6OOB_MWS,run5_s45,3,1.1941236587733266
6OOB_MWS,run5_s45,4,1.9320014739844549
6UNE_QES,run5_s42,0,0.9752881201869333
6UNE_QES,run5_s42,1,0.8941407487099965
6UNE_QES,run5_s42,2,0.99560116584126
6UNE_QES,run5_s42,3,0.9682656893696296
6UNE_QES,run5_s42,4,0.9103266993051505
6UNE_QES,run5_s43,0,1.109120942203723
6UNE_QES,run5_s43,1,1.7242083517722402
6UNE_QES,run5_s43,2,1.1732422398263103
6UNE_QES,run5_s43,3,1.0137048333447063
6UNE_QES,run5_s43,4,1.0178839343192743
6UNE_QES,run5_s44,0,0.9174380071188455
6UNE_QES,run5_s44,1,0.9625992811764431
6UNE_QES,run5_s44,2,0.9115908698216714
6UNE_QES,run5_s44,3,1.7174668834085574
6UNE_QES,run5_s44,4,0.9485726839237377
6UNE_QES,run5_s45,0,1.5433871193181687
6UNE_QES,run5_s45,1,1.494870494291575
6UNE_QES,run5_s45,2,1.0090887507055626
6UNE_QES,run5_s45,3,0.8954380971582437
6UNE_QES,run5_s45,4,0.9763136882659609
6UNG_QEP,run5_s42,0,0.8154129113913929
6UNG_QEP,run5_s42,1,0.8122235287875876
6UNG_QEP,run5_s42,2,1.4443925939398885
6UNG_QEP,run5_s42,3,1.3740355746110802
6UNG_QEP,run5_s42,4,1.005736411350658
6UNG_QEP,run5_s43,0,0.8094908440242004
6UNG_QEP,run5_s43,1,0.8621058392863615
6UNG_QEP,run5_s43,2,0.9884905203085091
6UNG_QEP,run5_s43,3,1.0081949500425236
6UNG_QEP,run5_s43,4,0.8744673694501304
6UNG_QEP,run5_s44,0,1.3560702568966168
6UNG_QEP,run5_s44,1,0.8340122154676589
6UNG_QEP,run5_s44,2,0.8130237108097508
6UNG_QEP,run5_s44,3,0.880901360226872
6UNG_QEP,run5_s44,4,1.2788155462608484
6UNG_QEP,run5_s45,0,0.8015656001052522
6UNG_QEP,run5_s45,1,1.2033439024618395
6UNG_QEP,run5_s45,2,0.8960875694646669
6UNG_QEP,run5_s45,3,1.3296496400464963
6UNG_QEP,run5_s45,4,0.8089883293812349
6UNH_QEA,run5_s42,0,1.5964446400590033
6UNH_QEA,run5_s42,1,1.7558635864735483
6UNH_QEA,run5_s42,2,1.493721475072664
6UNH_QEA,run5_s42,3,1.81112003327226
6UNH_QEA,run5_s42,4,1.5562602066190367
6UNH_QEA,run5_s43,0,1.552562095636928
6UNH_QEA,run5_s43,1,1.543128758038612
6UNH_QEA,run5_s43,2,1.8028512809885013
6UNH_QEA,run5_s43,3,1.6204045333702288
6UNH_QEA,run5_s43,4,1.5640463590824099
6UNH_QEA,run5_s44,0,1.673699416606364
6UNH_QEA,run5_s44,1,1.5109322146231736
6UNH_QEA,run5_s44,2,1.5410506561863095
6UNH_QEA,run5_s44,3,1.6029147906412013
6UNH_QEA,run5_s44,4,1.539471664646365
6UNH_QEA,run5_s45,0,1.681781490046633
6UNH_QEA,run5_s45,1,1.4891311904802418
6UNH_QEA,run5_s45,2,1.556346343881409
6UNH_QEA,run5_s45,3,1.632577186352122
6UNH_QEA,run5_s45,4,1.4378412595858823
6UNI_QDV,run5_s42,0,1.684885025794393
6UNI_QDV,run5_s42,1,1.4749877403642373
6UNI_QDV,run5_s42,2,1.4510972682863474
6UNI_QDV,run5_s42,3,1.6993585205420663
6UNI_QDV,run5_s42,4,1.3970042798745133
6UNI_QDV,run5_s43,0,1.7932911826198594
6UNI_QDV,run5_s43,1,1.640583788484826
6UNI_QDV,run5_s43,2,1.8357763398507503
6UNI_QDV,run5_s43,3,1.5685163031094183
6UNI_QDV,run5_s43,4,1.5382360448963253
6UNI_QDV,run5_s44,0,1.9294452923531356
6UNI_QDV,run5_s44,1,1.7005471182483713
6UNI_QDV,run5_s44,2,1.9095023210912787
6UNI_QDV,run5_s44,3,1.4191636799493994
6UNI_QDV,run5_s44,4,1.6471257073393766
6UNI_QDV,run5_s45,0,1.4781379473585994
6UNI_QDV,run5_s45,1,1.769923938205641
6UNI_QDV,run5_s45,2,1.4045930729321554
6UNI_QDV,run5_s45,3,1.5415181948363725
6UNI_QDV,run5_s45,4,1.5461818672046337
6UNJ_QDY,run5_s42,0,0.8174676095124418
6UNJ_QDY,run5_s42,1,0.7128214417342793
6UNJ_QDY,run5_s42,2,0.8576780718457605
6UNJ_QDY,run5_s42,3,0.734042200478112
6UNJ_QDY,run5_s42,4,0.825396790406268
6UNJ_QDY,run5_s43,0,0.8040971775370904
6UNJ_QDY,run5_s43,1,0.8865962651087325
6UNJ_QDY,run5_s43,2,0.812535094313081
6UNJ_QDY,run5_s43,3,0.789257871248534
6UNJ_QDY,run5_s43,4,1.0600658429459033
6UNJ_QDY,run5_s44,0,0.8018908662564006
6UNJ_QDY,run5_s44,1,0.7631390617631875
6UNJ_QDY,run5_s44,2,0.7566148885543513
6UNJ_QDY,run5_s44,3,0.7431834639878434
6UNJ_QDY,run5_s44,4,0.755535361807072
6UNJ_QDY,run5_s45,0,0.7953624377003221
6UNJ_QDY,run5_s45,1,0.7994529217995189
6UNJ_QDY,run5_s45,2,0.7241624958892415
6UNJ_QDY,run5_s45,3,0.7273171724392299
6UNJ_QDY,run5_s45,4,1.701966260270387
6UNK_QE4,run5_s42,0,0.6502453160855548
6UNK_QE4,run5_s42,1,0.7078853952584802
6UNK_QE4,run5_s42,2,0.7799472516133592
6UNK_QE4,run5_s42,3,0.7342438216096108
6UNK_QE4,run5_s42,4,1.1042746044692928
6UNK_QE4,run5_s43,0,0.8058634380304295
6UNK_QE4,run5_s43,1,0.7541059886645851
6UNK_QE4,run5_s43,2,0.7598687591977659
6UNK_QE4,run5_s43,3,0.8000067171518358
6UNK_QE4,run5_s43,4,0.9616923581446287
6UNK_QE4,run5_s44,0,0.7161273750857583
6UNK_QE4,run5_s44,1,0.6539813497422395
6UNK_QE4,run5_s44,2,0.8404286075222414
6UNK_QE4,run5_s44,3,0.7435886575406729
6UNK_QE4,run5_s44,4,1.0918517328820847
6UNK_QE4,run5_s45,0,0.7067883833188974
6UNK_QE4,run5_s45,1,0.6558509435373435
6UNK_QE4,run5_s45,2,0.6731959699941263
6UNK_QE4,run5_s45,3,0.7194504675034237
6UNK_QE4,run5_s45,4,0.7270789733822898
6UNL_QDJ,run5_s42,0,0.8304961930914418
6UNL_QDJ,run5_s42,1,0.8013561890843629
6UNL_QDJ,run5_s42,2,1.0332647297904
6UNL_QDJ,run5_s42,3,0.8424496761575426
6UNL_QDJ,run5_s42,4,1.1158605427193897
6UNL_QDJ,run5_s43,0,0.8250546835469297
6UNL_QDJ,run5_s43,1,0.871489434766457
6UNL_QDJ,run5_s43,2,0.9048288612382892
6UNL_QDJ,run5_s43,3,0.7969211320561387
6UNL_QDJ,run5_s43,4,1.0464901242572118
6UNL_QDJ,run5_s44,0,0.9724143745193021
6UNL_QDJ,run5_s44,1,0.9744442324264694
6UNL_QDJ,run5_s44,2,0.7856675962995165
6UNL_QDJ,run5_s44,3,1.3427444932318455
6UNL_QDJ,run5_s44,4,0.9582393207066561
6UNL_QDJ,run5_s45,0,0.8158205471982732
6UNL_QDJ,run5_s45,1,0.8128322042300506
6UNL_QDJ,run5_s45,2,0.8182772670115444
6UNL_QDJ,run5_s45,3,0.8167164098751499
6UNL_QDJ,run5_s45,4,1.096649451524675
6UNM_QDP,run5_s42,0,0.6776414668471267
6UNM_QDP,run5_s42,1,0.5944774537870954
6UNM_QDP,run5_s42,2,0.7155646466305425
6UNM_QDP,run5_s42,3,0.6485491056234233
6UNM_QDP,run5_s42,4,0.6796527997904062
6UNM_QDP,run5_s43,0,0.6155350985066248
6UNM_QDP,run5_s43,1,0.6355447573505411
6UNM_QDP,run5_s43,2,0.6619605702756405
6UNM_QDP,run5_s43,3,0.548051212659185
6UNM_QDP,run5_s43,4,0.7845440068230701
6UNM_QDP,run5_s44,0,0.6398656496769505
6UNM_QDP,run5_s44,1,0.7639883898521269
6UNM_QDP,run5_s44,2,0.6181358656006717
6UNM_QDP,run5_s44,3,0.6445078160373148
6UNM_QDP,run5_s44,4,0.6557925229967339
6UNM_QDP,run5_s45,0,0.6468659014633531
6UNM_QDP,run5_s45,1,0.6598969250327928
6UNM_QDP,run5_s45,2,0.7267969001205339
6UNM_QDP,run5_s45,3,0.6583433763974604
6UNM_QDP,run5_s45,4,0.8342837399651281
7KVH_X5Y,run5_s42,0,0.39924749725128555
7KVH_X5Y,run5_s42,1,0.49446188662544815
7KVH_X5Y,run5_s42,2,0.4916533857438687
7KVH_X5Y,run5_s42,3,0.4748063993795738
7KVH_X5Y,run5_s42,4,0.49694993974358337
7KVH_X5Y,run5_s43,0,0.5586992545068108
7KVH_X5Y,run5_s43,1,0.5037017670772755
7KVH_X5Y,run5_s43,2,0.4454949164856877
7KVH_X5Y,run5_s43,3,0.499835428182383
7KVH_X5Y,run5_s43,4,0.40137549576446774
7KVH_X5Y,run5_s44,0,0.5676945051988672
7KVH_X5Y,run5_s44,1,0.4212060565328423
7KVH_X5Y,run5_s44,2,0.49733918790551657
7KVH_X5Y,run5_s44,3,0.43410798207562556
7KVH_X5Y,run5_s44,4,0.4413259688370839
7KVH_X5Y,run5_s45,0,0.4585750969070558
7KVH_X5Y,run5_s45,1,0.47557635229763084
7KVH_X5Y,run5_s45,2,0.448759565567961
7KVH_X5Y,run5_s45,3,0.45540894954073385
7KVH_X5Y,run5_s45,4,0.4183807195150461
7KVI_X7P,run5_s42,0,0.45850066544672646
7KVI_X7P,run5_s42,1,0.5908728067994253
7KVI_X7P,run5_s42,2,0.5535758770474521
7KVI_X7P,run5_s42,3,0.5776911184666621
7KVI_X7P,run5_s42,4,0.45677657292024026
7KVI_X7P,run5_s43,0,0.483257839645245
7KVI_X7P,run5_s43,1,0.499178945583451
7KVI_X7P,run5_s43,2,0.5331220747706139
7KVI_X7P,run5_s43,3,0.6396338832125783
7KVI_X7P,run5_s43,4,0.5023046486480344
7KVI_X7P,run5_s44,0,0.5550400799214953
7KVI_X7P,run5_s44,1,0.5777810435520522
7KVI_X7P,run5_s44,2,0.5603959847677107
7KVI_X7P,run5_s44,3,0.5532340581344384
7KVI_X7P,run5_s44,4,0.4979388142001869
7KVI_X7P,run5_s45,0,0.612797369177557
7KVI_X7P,run5_s45,1,0.4546670810139316
7KVI_X7P,run5_s45,2,0.5091666953724242
7KVI_X7P,run5_s45,3,0.47557243468353805
7KVI_X7P,run5_s45,4,0.4882108811867094
7KVJ_X7M,run5_s42,0,0.565977296309159
7KVJ_X7M,run5_s42,1,0.5830415390731036
7KVJ_X7M,run5_s42,2,0.49382396881796425
7KVJ_X7M,run5_s42,3,0.5687390565636891
7KVJ_X7M,run5_s42,4,0.463309165055676
7KVJ_X7M,run5_s43,0,0.5596639634550865
7KVJ_X7M,run5_s43,1,0.5233834272312684
7KVJ_X7M,run5_s43,2,0.5381962663760265
7KVJ_X7M,run5_s43,3,0.507391739720002
7KVJ_X7M,run5_s43,4,0.5646965631605433
7KVJ_X7M,run5_s44,0,0.5495885800567407
7KVJ_X7M,run5_s44,1,0.4655675136636244
7KVJ_X7M,run5_s44,2,0.5049767535700104
7KVJ_X7M,run5_s44,3,0.5174081059913015
7KVJ_X7M,run5_s44,4,0.6269288435090646
7KVJ_X7M,run5_s45,0,0.5159999422745619
7KVJ_X7M,run5_s45,1,0.4897645295010214
7KVJ_X7M,run5_s45,2,0.7754574273344995
7KVJ_X7M,run5_s45,3,0.5034160628671841
7KVJ_X7M,run5_s45,4,0.48297915865341723
7KVK_X7J,run5_s42,0,0.5033566191505351
7KVK_X7J,run5_s42,1,0.5541027937322376
7KVK_X7J,run5_s42,2,0.457282197144172
7KVK_X7J,run5_s42,3,0.46446531438344346
7KVK_X7J,run5_s42,4,0.5696443808228754
7KVK_X7J,run5_s43,0,0.5902672494317663
7KVK_X7J,run5_s43,1,0.5343692831334758
7KVK_X7J,run5_s43,2,0.5203962681338179
7KVK_X7J,run5_s43,3,0.5939802747235886
7KVK_X7J,run5_s43,4,0.684944317866843
7KVK_X7J,run5_s44,0,0.5467356400719423
7KVK_X7J,run5_s44,1,0.5871697399503354
7KVK_X7J,run5_s44,2,0.5194030612822542
7KVK_X7J,run5_s44,3,0.5098457233853981
7KVK_X7J,run5_s44,4,0.615383072448764
7KVK_X7J,run5_s45,0,0.5925015657120046
7KVK_X7J,run5_s45,1,0.5382482274130742
7KVK_X7J,run5_s45,2,0.5709149976155712
7KVK_X7J,run5_s45,3,0.48727606890386427
7KVK_X7J,run5_s45,4,0.47604512340452515
7KVM_X71,run5_s42,0,0.9144257878721147
7KVM_X71,run5_s42,1,0.8596403745454014
7KVM_X71,run5_s42,2,0.7999010569581247
7KVM_X71,run5_s42,3,0.8579360346029159
7KVM_X71,run5_s42,4,0.9162359235147427
7KVM_X71,run5_s43,0,1.2094521514578715
7KVM_X71,run5_s43,1,1.5719598491830735
7KVM_X71,run5_s43,2,0.8212138868954417
7KVM_X71,run5_s43,3,0.9106631373835933
7KVM_X71,run5_s43,4,1.388604700025853
7KVM_X71,run5_s44,0,0.951579787528951
7KVM_X71,run5_s44,1,1.3711489397375294
7KVM_X71,run5_s44,2,1.003324962406994
7KVM_X71,run5_s44,3,0.7965169695889706
7KVM_X71,run5_s44,4,0.8506664461281543
7KVM_X71,run5_s45,0,0.8252579918925361
7KVM_X71,run5_s45,1,0.8663934117916545
7KVM_X71,run5_s45,2,0.9438167946488553
7KVM_X71,run5_s45,3,0.9035337887409332
7KVM_X71,run5_s45,4,1.1562119650402014
7KVN_X6V,run5_s42,0,1.036935448017815
7KVN_X6V,run5_s42,1,1.1705839806966856
7KVN_X6V,run5_s42,2,0.9755272150165654
7KVN_X6V,run5_s42,3,1.0477325233195387
7KVN_X6V,run5_s42,4,1.604953648423265
7KVN_X6V,run5_s43,0,0.9552045094759773
7KVN_X6V,run5_s43,1,0.9965065841057384
7KVN_X6V,run5_s43,2,1.027706918368759
7KVN_X6V,run5_s43,3,1.4246019689910927
7KVN_X6V,run5_s43,4,0.9483773271573094
7KVN_X6V,run5_s44,0,1.0550942079817658
7KVN_X6V,run5_s44,1,0.9592751419306489
7KVN_X6V,run5_s44,2,0.9700734327539194
7KVN_X6V,run5_s44,3,1.1122881492774532
7KVN_X6V,run5_s44,4,1.2862781340861702
7KVN_X6V,run5_s45,0,1.0288693244584677
7KVN_X6V,run5_s45,1,1.0094925392327667
7KVN_X6V,run5_s45,2,1.000179750386935
7KVN_X6V,run5_s45,3,1.65545882777714
7KVN_X6V,run5_s45,4,1.3975431339588287
7KVO_X6S,run5_s42,0,0.6636778939524133
7KVO_X6S,run5_s42,1,0.6599125627436359
7KVO_X6S,run5_s42,2,0.7464793953886929
7KVO_X6S,run5_s42,3,0.7791883618081709
7KVO_X6S,run5_s42,4,0.7712420637278009
7KVO_X6S,run5_s43,0,0.5911768775265052
7KVO_X6S,run5_s43,1,0.5968778030738717
7KVO_X6S,run5_s43,2,0.5885730068469365
7KVO_X6S,run5_s43,3,0.6066896130329139
7KVO_X6S,run5_s43,4,0.6109649202301343
7KVO_X6S,run5_s44,0,0.5461404324740087
7KVO_X6S,run5_s44,1,0.5516533690084331
7KVO_X6S,run5_s44,2,0.575835128327452
7KVO_X6S,run5_s44,3,0.5762514151431052
7KVO_X6S,run5_s44,4,0.7273489033660218
7KVO_X6S,run5_s45,0,0.6039904691946034
7KVO_X6S,run5_s45,1,0.646163432759866
7KVO_X6S,run5_s45,2,0.6997077523850258
7KVO_X6S,run5_s45,3,0.5277847029659888
7KVO_X6S,run5_s45,4,0.8937061522483705
7KVP_X6J,run5_s42,0,0.573024594921006
7KVP_X6J,run5_s42,1,0.5533870018175361
7KVP_X6J,run5_s42,2,0.7567139776645521
7KVP_X6J,run5_s42,3,0.6090419283793697
7KVP_X6J,run5_s42,4,0.7635463218567395
7KVP_X6J,run5_s43,0,0.6929786864806154
7KVP_X6J,run5_s43,1,0.666354189768217
7KVP_X6J,run5_s43,2,0.6131998142085676
7KVP_X6J,run5_s43,3,0.7121867881536103
7KVP_X6J,run5_s43,4,0.5859189025118807
7KVP_X6J,run5_s44,0,0.6227788469508697
7KVP_X6J,run5_s44,1,0.6470937156863966
7KVP_X6J,run5_s44,2,0.5777436295493494
7KVP_X6J,run5_s44,3,0.5664346701588305
7KVP_X6J,run5_s44,4,0.798454609700802
7KVP_X6J,run5_s45,0,0.5955607505566062
7KVP_X6J,run5_s45,1,0.5685338419189697
7KVP_X6J,run5_s45,2,0.7051306864336894
7KVP_X6J,run5_s45,3,0.6073607857730576
7KVP_X6J,run5_s45,4,0.6038502861707232
7KVQ_X7D,run5_s42,0,0.6572789861328505
7KVQ_X7D,run5_s42,1,0.7784903679476042
7KVQ_X7D,run5_s42,2,0.7264348050929591
7KVQ_X7D,run5_s42,3,0.7263562047428581
7KVQ_X7D,run5_s42,4,1.6363505594059025
7KVQ_X7D,run5_s43,0,0.7276009402598722
7KVQ_X7D,run5_s43,1,0.644842847680489
7KVQ_X7D,run5_s43,2,0.7367251561647998
7KVQ_X7D,run5_s43,3,0.8099199785580482
7KVQ_X7D,run5_s43,4,0.8618978796122537
7KVQ_X7D,run5_s44,0,0.6236175211966499
7KVQ_X7D,run5_s44,1,0.5948445463124338
7KVQ_X7D,run5_s44,2,0.861405024729881
7KVQ_X7D,run5_s44,3,0.6582094417168801
7KVQ_X7D,run5_s44,4,0.6183656050544657
7KVQ_X7D,run5_s45,0,0.636375377661616
7KVQ_X7D,run5_s45,1,0.8421265452624054
7KVQ_X7D,run5_s45,2,0.7131531369586479
7KVQ_X7D,run5_s45,3,0.6313580660588537
7KVQ_X7D,run5_s45,4,0.743864391440419
7KVS_X74,run5_s42,0,0.7151371820501149
7KVS_X74,run5_s42,1,0.5773740458895557
7KVS_X74,run5_s42,2,0.6994134284155141
7KVS_X74,run5_s42,3,0.6909630427142156
7KVS_X74,run5_s42,4,0.7870510508494069
7KVS_X74,run5_s43,0,0.6243003879435399
7KVS_X74,run5_s43,1,0.7980776880875623
7KVS_X74,run5_s43,2,0.7623071630455636
7KVS_X74,run5_s43,3,0.7995156849627887
7KVS_X74,run5_s43,4,0.9735707694096629
7KVS_X74,run5_s44,0,0.6013033062442135
7KVS_X74,run5_s44,1,0.5914240359180634
7KVS_X74,run5_s44,2,0.6148267725047092
7KVS_X74,run5_s44,3,0.7422714144767695
7KVS_X74,run5_s44,4,0.6983937672306335
7KVS_X74,run5_s45,0,0.7121052119700302
7KVS_X74,run5_s45,1,0.6788080305576527
7KVS_X74,run5_s45,2,0.7072898749796782
7KVS_X74,run5_s45,3,0.8698942981316268
7KVS_X74,run5_s45,4,0.8032278443834983
7LXL_YNV,run5_s42,0,1.6796651623521985
7LXL_YNV,run5_s42,1,1.1402466605652837
7LXL_YNV,run5_s42,2,1.2976234739633323
7LXL_YNV,run5_s42,3,1.4740089606719662
7LXL_YNV,run5_s42,4,1.1915079424650354
7LXL_YNV,run5_s43,0,1.1126227708981427
7LXL_YNV,run5_s43,1,1.7368865277585144
7LXL_YNV,run5_s43,2,1.2421026292535864
7LXL_YNV,run5_s43,3,1.601678518312826
7LXL_YNV,run5_s43,4,1.242164463304836
7LXL_YNV,run5_s44,0,1.2545223649711328
7LXL_YNV,run5_s44,1,1.0623728885552393
7LXL_YNV,run5_s44,2,1.1017645234232767
7LXL_YNV,run5_s44,3,1.2553357315747145
7LXL_YNV,run5_s44,4,1.5111228683732278
7LXL_YNV,run5_s45,0,1.1301184531355637
7LXL_YNV,run5_s45,1,1.1906037864658743
7LXL_YNV,run5_s45,2,1.23891124233868
7LXL_YNV,run5_s45,3,1.3079299202006462
7LXL_YNV,run5_s45,4,1.090746196872905
7UF9_NH0,run5_s42,0,0.6299108324853898
7UF9_NH0,run5_s42,1,0.545745765993397
7UF9_NH0,run5_s42,2,0.694622731779792
7UF9_NH0,run5_s42,3,0.6387441893205676
7UF9_NH0,run5_s42,4,0.6011184155641608
7UF9_NH0,run5_s43,0,0.7993933220737605
7UF9_NH0,run5_s43,1,0.8405106589246595
7UF9_NH0,run5_s43,2,0.6313487250834504
7UF9_NH0,run5_s43,3,0.6205940830551606
7UF9_NH0,run5_s43,4,0.5901141201816594
7UF9_NH0,run5_s44,0,0.6929558748011763
7UF9_NH0,run5_s44,1,0.5766844864456125
7UF9_NH0,run5_s44,2,0.6491527651239147
7UF9_NH0,run5_s44,3,0.6703923411449311
7UF9_NH0,run5_s44,4,0.7195652670062493
7UF9_NH0,run5_s45,0,0.5576970158412456
7UF9_NH0,run5_s45,1,0.5801544242247497
7UF9_NH0,run5_s45,2,0.6475206331605101
7UF9_NH0,run5_s45,3,0.5985086556891618
7UF9_NH0,run5_s45,4,0.6654269051713777
7UFA_NI6,run5_s42,0,0.716402477825975
7UFA_NI6,run5_s42,1,0.5706849327674189
7UFA_NI6,run5_s42,2,0.603524515366544
7UFA_NI6,run5_s42,3,0.7624812108504607
7UFA_NI6,run5_s42,4,0.5364253932052708
7UFA_NI6,run5_s43,0,0.7957607652218446
7UFA_NI6,run5_s43,1,0.5596799504558048
7UFA_NI6,run5_s43,2,0.6187432624043769
7UFA_NI6,run5_s43,3,0.6317003945662711
7UFA_NI6,run5_s43,4,0.8446587981854435
7UFA_NI6,run5_s44,0,0.6644549348828599
7UFA_NI6,run5_s44,1,0.6088342430114432
7UFA_NI6,run5_s44,2,0.547523172280621
7UFA_NI6,run5_s44,3,0.5867329772203806
7UFA_NI6,run5_s44,4,0.5978381814835628
7UFA_NI6,run5_s45,0,0.6224572971309614
7UFA_NI6,run5_s45,1,0.6853257244333536
7UFA_NI6,run5_s45,2,0.568517746943565
7UFA_NI6,run5_s45,3,0.7190981357007311
7UFA_NI6,run5_s45,4,0.6217482797964142
7UFB_NJ0,run5_s42,0,0.5931054875907505
7UFB_NJ0,run5_s42,1,0.5424480449558082
7UFB_NJ0,run5_s42,2,0.5846087651876247
7UFB_NJ0,run5_s42,3,0.5917961311786969
7UFB_NJ0,run5_s42,4,0.5704195634078542
7UFB_NJ0,run5_s43,0,0.675870858517449
7UFB_NJ0,run5_s43,1,0.5825258776670177
7UFB_NJ0,run5_s43,2,0.7021968376706903
7UFB_NJ0,run5_s43,3,0.6294387252506843
7UFB_NJ0,run5_s43,4,0.617137194286463
7UFB_NJ0,run5_s44,0,0.5102502885864298
7UFB_NJ0,run5_s44,1,0.5675761972382117
7UFB_NJ0,run5_s44,2,0.5412258320256381
7UFB_NJ0,run5_s44,3,0.9202176971275909
7UFB_NJ0,run5_s44,4,0.8077776790916311
7UFB_NJ0,run5_s45,0,0.5631850189568075
7UFB_NJ0,run5_s45,1,0.5956273666947041
7UFB_NJ0,run5_s45,2,0.5344432623674574
7UFB_NJ0,run5_s45,3,0.6890703268807407
7UFB_NJ0,run5_s45,4,0.5286367977940363
7UFC_NJO,run5_s42,0,0.5761880152890789
7UFC_NJO,run5_s42,1,0.4833206317069726
7UFC_NJO,run5_s42,2,0.5225144920664008
7UFC_NJO,run5_s42,3,0.6157874626675541
7UFC_NJO,run5_s42,4,0.5005515440754035
7UFC_NJO,run5_s43,0,0.5562017628907489
7UFC_NJO,run5_s43,1,0.5270361262053656
7UFC_NJO,run5_s43,2,0.4957510893195342
7UFC_NJO,run5_s43,3,0.5138788234258501
7UFC_NJO,run5_s43,4,0.5422176107876983
7UFC_NJO,run5_s44,0,0.49728628643599476
7UFC_NJO,run5_s44,1,0.49721852559872054
7UFC_NJO,run5_s44,2,0.5429822059161055
7UFC_NJO,run5_s44,3,0.5423928094526803
7UFC_NJO,run5_s44,4,0.5011368488142441
7UFC_NJO,run5_s45,0,0.6198928088068854
7UFC_NJO,run5_s45,1,0.5456586648772976
7UFC_NJO,run5_s45,2,0.5537380925962857
7UFC_NJO,run5_s45,3,0.5193169077907595
7UFC_NJO,run5_s45,4,0.5822429002665744
7UFD_T0K,run5_s42,0,0.5069497924080094
7UFD_T0K,run5_s42,1,0.5045639065244685
7UFD_T0K,run5_s42,2,0.6533639341698251
7UFD_T0K,run5_s42,3,0.5301584617472727
7UFD_T0K,run5_s42,4,0.6710323938309981
7UFD_T0K,run5_s43,0,0.4657198193066463
7UFD_T0K,run5_s43,1,0.7149206723848488
7UFD_T0K,run5_s43,2,0.563322450259919
7UFD_T0K,run5_s43,3,0.5696660338515445
7UFD_T0K,run5_s43,4,0.6419409891908541
7UFD_T0K,run5_s44,0,0.5296822710387966
7UFD_T0K,run5_s44,1,0.5111303553219011
7UFD_T0K,run5_s44,2,0.5774060543772151
7UFD_T0K,run5_s44,3,0.5071716119289538
7UFD_T0K,run5_s44,4,0.6140989623612048
7UFD_T0K,run5_s45,0,0.4883881430866128
7UFD_T0K,run5_s45,1,0.5658680984829074
7UFD_T0K,run5_s45,2,0.5478335668349988
7UFD_T0K,run5_s45,3,0.6706243489421285
7UFD_T0K,run5_s45,4,0.4842905619053692
7UFE_NXR,run5_s42,0,0.45279814838011595
7UFE_NXR,run5_s42,1,0.5300129296360496
7UFE_NXR,run5_s42,2,0.47329380289240863
7UFE_NXR,run5_s42,3,0.4457173817882218
7UFE_NXR,run5_s42,4,0.40810634823537395
7UFE_NXR,run5_s43,0,0.470025462942221
7UFE_NXR,run5_s43,1,0.46311245671725626
7UFE_NXR,run5_s43,2,0.427993618184972
7UFE_NXR,run5_s43,3,0.4594503237368983
7UFE_NXR,run5_s43,4,0.4935979251403882
7UFE_NXR,run5_s44,0,0.44751259877324634
7UFE_NXR,run5_s44,1,0.4936743196137556
7UFE_NXR,run5_s44,2,0.5237673143454233
7UFE_NXR,run5_s44,3,0.4977891624688578
7UFE_NXR,run5_s44,4,0.5740251579656898
7UFE_NXR,run5_s45,0,0.5217240688189378
7UFE_NXR,run5_s45,1,0.46091906775783187
7UFE_NXR,run5_s45,2,0.48490593564576534
7UFE_NXR,run5_s45,3,0.5051903534031993
7UFE_NXR,run5_s45,4,0.4785598792197946
7UFF_NYF,run5_s42,0,0.6290905861840909
7UFF_NYF,run5_s42,1,0.6267455448644264
7UFF_NYF,run5_s42,2,0.7027934957769283
7UFF_NYF,run5_s42,3,0.724491277473215
7UFF_NYF,run5_s42,4,0.6627968645052146
7UFF_NYF,run5_s43,0,0.5861911566284322
7UFF_NYF,run5_s43,1,0.7617291758531693
7UFF_NYF,run5_s43,2,0.6736676432902243
7UFF_NYF,run5_s43,3,0.6558450045393881
7UFF_NYF,run5_s43,4,0.6601750806811012
7UFF_NYF,run5_s44,0,0.599557680416009
7UFF_NYF,run5_s44,1,0.7119769495510848
7UFF_NYF,run5_s44,2,0.7941571887117188
7UFF_NYF,run5_s44,3,0.7073713125827356
7UFF_NYF,run5_s44,4,0.904455482617584
7UFF_NYF,run5_s45,0,0.6560180001222065
7UFF_NYF,run5_s45,1,0.5890014431163045
7UFF_NYF,run5_s45,2,0.8056330473596055
7UFF_NYF,run5_s45,3,0.7505024608716993
7UFF_NYF,run5_s45,4,0.7133304399081825
8SO1_CFF,run5_s42,0,0.6636827543009747
8SO1_CFF,run5_s42,1,0.5841835163623703
8SO1_CFF,run5_s42,2,0.6797691483216307
8SO1_CFF,run5_s42,3,0.5205448071630269
8SO1_CFF,run5_s42,4,1.3971873475113474
8SO1_CFF,run5_s43,0,0.5608614121833785
8SO1_CFF,run5_s43,1,0.5024483234551367
8SO1_CFF,run5_s43,2,0.5045888787582326
8SO1_CFF,run5_s43,3,0.5194871293806427
8SO1_CFF,run5_s43,4,0.5372885571679064
8SO1_CFF,run5_s44,0,0.49456953279290555
8SO1_CFF,run5_s44,1,0.5022782073032548
8SO1_CFF,run5_s44,2,0.6106490274999762
8SO1_CFF,run5_s44,3,0.610798910330804
8SO1_CFF,run5_s44,4,0.8037401122818343
8SO1_CFF,run5_s45,0,0.8383417384841273
8SO1_CFF,run5_s45,1,1.3508113640205723
8SO1_CFF,run5_s45,2,0.4930584887712801
8SO1_CFF,run5_s45,3,1.1727061023788103
8SO1_CFF,run5_s45,4,0.6111106307473564
8SPD_CL6,run5_s42,0,0.6978189238453032
8SPD_CL6,run5_s42,1,0.5075189728812604
8SPD_CL6,run5_s42,2,0.6091608964246551
8SPD_CL6,run5_s42,3,0.5644967117666437
8SPD_CL6,run5_s42,4,0.6425145783858157
8SPD_CL6,run5_s43,0,0.5413341839358857
8SPD_CL6,run5_s43,1,0.5635492558122742
8SPD_CL6,run5_s43,2,0.5603401692905527
8SPD_CL6,run5_s43,3,0.5362409276309168
8SPD_CL6,run5_s43,4,0.6162611764006328
8SPD_CL6,run5_s44,0,0.5660081802318373
8SPD_CL6,run5_s44,1,0.59860099247254
8SPD_CL6,run5_s44,2,0.5132326952357038
8SPD_CL6,run5_s44,3,0.5306553634144768
8SPD_CL6,run5_s44,4,0.6168125926618323
8SPD_CL6,run5_s45,0,0.6436527653953458
8SPD_CL6,run5_s45,1,0.4791540859821219
8SPD_CL6,run5_s45,2,0.5001390576958984
8SPD_CL6,run5_s45,3,0.5387692264866525
8SPD_CL6,run5_s45,4,0.7300792872177606
9BBB_A1APA,run5_s42,0,0.9104007254588785
9BBB_A1APA,run5_s42,1,0.9569579916726054
9BBB_A1APA,run5_s42,2,0.8735850564094922
9BBB_A1APA,run5_s42,3,0.9587149984539914
9BBB_A1APA,run5_s42,4,1.039797174731442
9BBB_A1APA,run5_s43,0,0.9144811494462478
9BBB_A1APA,run5_s43,1,0.9477452812419027
9BBB_A1APA,run5_s43,2,0.9300025405680592
9BBB_A1APA,run5_s43,3,0.9797513222495597
9BBB_A1APA,run5_s43,4,0.9652572715070844
9BBB_A1APA,run5_s44,0,0.9514308593435128
9BBB_A1APA,run5_s44,1,1.0218577054221027
9BBB_A1APA,run5_s44,2,1.0568305549752988
9BBB_A1APA,run5_s44,3,1.008939511736905
9BBB_A1APA,run5_s44,4,1.0086783069068956
9BBB_A1APA,run5_s45,0,1.0526930328031685
9BBB_A1APA,run5_s45,1,0.9391977614037885
9BBB_A1APA,run5_s45,2,0.9573011406609978
9BBB_A1APA,run5_s45,3,0.9138944044734892
9BBB_A1APA,run5_s45,4,0.8969217438919657
9BV5_A1ASV,run5_s42,0,1.0462900453219697
9BV5_A1ASV,run5_s42,1,0.8275666975275846
9BV5_A1ASV,run5_s42,2,1.2060210459772107
9BV5_A1ASV,run5_s42,3,1.0177881661336259
9BV5_A1ASV,run5_s42,4,0.7885614244843634
9BV5_A1ASV,run5_s43,0,0.8008508411780886
9BV5_A1ASV,run5_s43,1,0.9597227845970293
9BV5_A1ASV,run5_s43,2,0.7996807486925226
9BV5_A1ASV,run5_s43,3,0.8857640159000024
9BV5_A1ASV,run5_s43,4,1.1124495790839923
9BV5_A1ASV,run5_s44,0,1.0093225040919473
9BV5_A1ASV,run5_s44,1,0.7888966264673272
9BV5_A1ASV,run5_s44,2,0.8579820552784971
9BV5_A1ASV,run5_s44,3,1.0561299244416147
9BV5_A1ASV,run5_s44,4,0.8338495232144292
9BV5_A1ASV,run5_s45,0,0.816503837702559
9BV5_A1ASV,run5_s45,1,0.940620295733607
9BV5_A1ASV,run5_s45,2,1.1098453006126148
9BV5_A1ASV,run5_s45,3,0.8512956449983634
9BV5_A1ASV,run5_s45,4,1.1668534515096125
9BV6_A1ASU,run5_s42,0,1.19945867471655
9BV6_A1ASU,run5_s42,1,1.4322640436148362
9BV6_A1ASU,run5_s42,2,1.2346764277899218
9BV6_A1ASU,run5_s42,3,1.4462696531898638
9BV6_A1ASU,run5_s42,4,1.7855845295560464
9BV6_A1ASU,run5_s43,0,1.2753943989101144
9BV6_A1ASU,run5_s43,1,1.3256154154173319
9BV6_A1ASU,run5_s43,2,1.2608324843365277
9BV6_A1ASU,run5_s43,3,1.2318384339795625
9BV6_A1ASU,run5_s43,4,1.288792466573126
9BV6_A1ASU,run5_s44,0,1.208269223307103
9BV6_A1ASU,run5_s44,1,1.4311260275486775
9BV6_A1ASU,run5_s44,2,2.024194787184629
9BV6_A1ASU,run5_s44,3,1.1650998657777298
9BV6_A1ASU,run5_s44,4,1.375599402084028
9BV6_A1ASU,run5_s45,0,2.136593086027669
9BV6_A1ASU,run5_s45,1,1.349369503548411
9BV6_A1ASU,run5_s45,2,1.2810970706973552
9BV6_A1ASU,run5_s45,3,1.2589225400122082
9BV6_A1ASU,run5_s45,4,1.434602354388167
9BV6_PG0,run5_s42,0,2.153671378930828
9BV6_PG0,run5_s42,1,2.148813139953571
9BV6_PG0,run5_s42,2,2.083473916301355
9BV6_PG0,run5_s42,3,2.111914899107388
9BV6_PG0,run5_s42,4,23.475898909456365
9BV6_PG0,run5_s43,0,2.1095086465475874
9BV6_PG0,run5_s43,1,2.51067222865205
9BV6_PG0,run5_s43,2,2.4742795844686043
9BV6_PG0,run5_s43,3,2.2100269115815236
9BV6_PG0,run5_s43,4,2.0993413078195555
9BV6_PG0,run5_s44,0,2.474122092436345
9BV6_PG0,run5_s44,1,2.629094874495674
9BV6_PG0,run5_s44,2,2.167247036500727
9BV6_PG0,run5_s44,3,2.5258569650393143
9BV6_PG0,run5_s44,4,2.2205009766816697
9BV6_PG0,run5_s45,0,2.403992055552822
9BV6_PG0,run5_s45,1,2.1957680516710014
9BV6_PG0,run5_s45,2,2.211561071224507
9BV6_PG0,run5_s45,3,2.218872578407982
9BV6_PG0,run5_s45,4,2.217843175536403
9BV7_A1AST,run5_s42,0,1.0598102552660373
9BV7_A1AST,run5_s42,1,0.7327348282854581
9BV7_A1AST,run5_s42,2,1.2579396461388412
9BV7_A1AST,run5_s42,3,0.7456116745760416
9BV7_A1AST,run5_s42,4,0.898926027974208
9BV7_A1AST,run5_s43,0,0.8407798756813905
9BV7_A1AST,run5_s43,1,0.6841113582713639
9BV7_A1AST,run5_s43,2,0.6897226922308943
9BV7_A1AST,run5_s43,3,0.683271326530646
9BV7_A1AST,run5_s43,4,0.7894994592554363
9BV7_A1AST,run5_s44,0,0.7286273218946507
9BV7_A1AST,run5_s44,1,0.7026216659228434
9BV7_A1AST,run5_s44,2,0.6636303956794007
9BV7_A1AST,run5_s44,3,0.8067455104913676
9BV7_A1AST,run5_s44,4,0.6504696164936248
9BV7_A1AST,run5_s45,0,0.6630232469193267
9BV7_A1AST,run5_s45,1,0.7649890729814314
9BV7_A1AST,run5_s45,2,0.721050904812015
9BV7_A1AST,run5_s45,3,0.6694818034782443
9BV7_A1AST,run5_s45,4,0.6844817956070388
9BV8_A1ASS,run5_s42,0,0.2909548677158541
9BV8_A1ASS,run5_s42,1,0.2820589561704767
9BV8_A1ASS,run5_s42,2,0.35180327451781634
9BV8_A1ASS,run5_s42,3,0.37362209315392053
9BV8_A1ASS,run5_s42,4,0.4823438612579443
9BV8_A1ASS,run5_s43,0,0.3859426795437612
9BV8_A1ASS,run5_s43,1,0.4131319593423078
9BV8_A1ASS,run5_s43,2,0.3270960146528924
9BV8_A1ASS,run5_s43,3,0.3576590821055868
9BV8_A1ASS,run5_s43,4,0.3486422111426752
9BV8_A1ASS,run5_s44,0,0.2798946452850246
9BV8_A1ASS,run5_s44,1,0.28822919625079163
9BV8_A1ASS,run5_s44,2,0.31855037475679077
9BV8_A1ASS,run5_s44,3,0.2985342153379613
9BV8_A1ASS,run5_s44,4,0.38134844497101456
9BV8_A1ASS,run5_s45,0,0.29400605880517633
9BV8_A1ASS,run5_s45,1,0.34596804052888674
9BV8_A1ASS,run5_s45,2,0.3324562903900636
9BV8_A1ASS,run5_s45,3,0.3419412246107542
9BV8_A1ASS,run5_s45,4,0.32435021032698436
9BV9_A1ASR,run5_s42,0,0.985302414629228
9BV9_A1ASR,run5_s42,1,0.9649078065578752
9BV9_A1ASR,run5_s42,2,1.0290176353248068
9BV9_A1ASR,run5_s42,3,1.1711575096675704
9BV9_A1ASR,run5_s42,4,1.1706470514650087
9BV9_A1ASR,run5_s43,0,1.5391211482837193
9BV9_A1ASR,run5_s43,1,1.062503498705014
9BV9_A1ASR,run5_s43,2,1.144792226045995
9BV9_A1ASR,run5_s43,3,1.3397268012369552
9BV9_A1ASR,run5_s43,4,1.2433899459157454
9BV9_A1ASR,run5_s44,0,1.0280439616581216
9BV9_A1ASR,run5_s44,1,0.9669905268595808
9BV9_A1ASR,run5_s44,2,1.0327725835729276
9BV9_A1ASR,run5_s44,3,1.3307099085799377
9BV9_A1ASR,run5_s44,4,1.5577609344460803
9BV9_A1ASR,run5_s45,0,1.3058658186471965
9BV9_A1ASR,run5_s45,1,0.9817799980838702
9BV9_A1ASR,run5_s45,2,1.4666631413421194
9BV9_A1ASR,run5_s45,3,1.8208130989168652
9BV9_A1ASR,run5_s45,4,1.2603250961590957
9BVA_A1ASQ,run5_s42,0,0.773708991022996
9BVA_A1ASQ,run5_s42,1,0.6510438403840721
9BVA_A1ASQ,run5_s42,2,0.8526934533641264
9BVA_A1ASQ,run5_s42,3,0.6973339154074015
9BVA_A1ASQ,run5_s42,4,0.7095083892214983
9BVA_A1ASQ,run5_s43,0,0.7596382108868042
9BVA_A1ASQ,run5_s43,1,0.6740132349015857
9BVA_A1ASQ,run5_s43,2,0.7745138568549104
9BVA_A1ASQ,run5_s43,3,1.2019080485374314
9BVA_A1ASQ,run5_s43,4,0.8984732272099732
9BVA_A1ASQ,run5_s44,0,0.7155346864023229
9BVA_A1ASQ,run5_s44,1,0.8827785260985707
9BVA_A1ASQ,run5_s44,2,0.6610928802805623
9BVA_A1ASQ,run5_s44,3,0.8255817080437832
9BVA_A1ASQ,run5_s44,4,0.8053721374799498
9BVA_A1ASQ,run5_s45,0,0.6855119021211994
9BVA_A1ASQ,run5_s45,1,0.6620328017394224
9BVA_A1ASQ,run5_s45,2,0.7171839218601214
9BVA_A1ASQ,run5_s45,3,0.753665374751178
9BVA_A1ASQ,run5_s45,4,1.8318335056835933
9BVB_A1ASP,run5_s42,0,0.5686148953841205
9BVB_A1ASP,run5_s42,1,0.6597971785417279
9BVB_A1ASP,run5_s42,2,0.4851761160222784
9BVB_A1ASP,run5_s42,3,0.7113789421543323
9BVB_A1ASP,run5_s42,4,0.9411897699415038
9BVB_A1ASP,run5_s43,0,0.5305892055328069
9BVB_A1ASP,run5_s43,1,0.4927028819317008
9BVB_A1ASP,run5_s43,2,0.5234590193974299
9BVB_A1ASP,run5_s43,3,0.462245015079275
9BVB_A1ASP,run5_s43,4,0.7029673474452419
9BVB_A1ASP,run5_s44,0,0.4713983556832422
9BVB_A1ASP,run5_s44,1,0.6254181765618865
9BVB_A1ASP,run5_s44,2,0.47343475668050844
9BVB_A1ASP,run5_s44,3,0.6190227230321528
9BVB_A1ASP,run5_s44,4,0.6446604383296214
9BVB_A1ASP,run5_s45,0,0.48355982642748413
9BVB_A1ASP,run5_s45,1,0.4941485497709614
9BVB_A1ASP,run5_s45,2,0.5096783183948294
9BVB_A1ASP,run5_s45,3,0.5633713639722819
9BVB_A1ASP,run5_s45,4,0.513661651220022
9BVC_A1ASO,run5_s42,0,0.5183237182966768
9BVC_A1ASO,run5_s42,1,0.5219263044880562
9BVC_A1ASO,run5_s42,2,0.7136104505265412
9BVC_A1ASO,run5_s42,3,0.6326261721332899
9BVC_A1ASO,run5_s42,4,0.5712575799060676
9BVC_A1ASO,run5_s43,0,0.5418891928094692
9BVC_A1ASO,run5_s43,1,0.49268181271716777
9BVC_A1ASO,run5_s43,2,0.7278217250927375
9BVC_A1ASO,run5_s43,3,0.4912642577712335
9BVC_A1ASO,run5_s43,4,0.5104412912601242
9BVC_A1ASO,run5_s44,0,0.7936544675183288
9BVC_A1ASO,run5_s44,1,0.8466094183361642
9BVC_A1ASO,run5_s44,2,0.5059220113678632
9BVC_A1ASO,run5_s44,3,1.07543542719949
9BVC_A1ASO,run5_s44,4,0.6073846547372344
9BVC_A1ASO,run5_s45,0,0.6978888665703777
9BVC_A1ASO,run5_s45,1,1.1492464922886576
9BVC_A1ASO,run5_s45,2,0.557653495279335
9BVC_A1ASO,run5_s45,3,0.5112299782078195
9BVC_A1ASO,run5_s45,4,0.8154641666528416
9COR_A1A07,run5_s42,0,1.0510138230233594
9COR_A1A07,run5_s42,1,0.9765956384541233
9COR_A1A07,run5_s42,2,1.0792341961158325
9COR_A1A07,run5_s42,3,1.0166195009456294
9COR_A1A07,run5_s42,4,0.9590354798480758
9COR_A1A07,run5_s43,0,0.8692282264507506
9COR_A1A07,run5_s43,1,1.1291142358310509
9COR_A1A07,run5_s43,2,0.9318730267642232
9COR_A1A07,run5_s43,3,1.1085437809321028
9COR_A1A07,run5_s43,4,0.8629539727143642
9COR_A1A07,run5_s44,0,1.0008017985341724
9COR_A1A07,run5_s44,1,1.0703096881755207
9COR_A1A07,run5_s44,2,1.2609997318020556
9COR_A1A07,run5_s44,3,0.9095026634620222
9COR_A1A07,run5_s44,4,0.9047920348783836
9COR_A1A07,run5_s45,0,0.896850958358177
9COR_A1A07,run5_s45,1,1.1087891872563913
9COR_A1A07,run5_s45,2,0.924820127670528
9COR_A1A07,run5_s45,3,0.9488414599863481
9COR_A1A07,run5_s45,4,1.127062173275375
9COS_A1A06,run5_s42,0,0.6206699513468298
9COS_A1A06,run5_s42,1,0.5850568167033989
9COS_A1A06,run5_s42,2,0.6632676187597216
9COS_A1A06,run5_s42,3,0.8621892882710551
9COS_A1A06,run5_s42,4,0.9353501747709612
9COS_A1A06,run5_s43,0,0.6031859384900481
9COS_A1A06,run5_s43,1,0.7221489632674809
9COS_A1A06,run5_s43,2,0.6704461715037435
9COS_A1A06,run5_s43,3,0.6134570969761581
9COS_A1A06,run5_s43,4,0.6487591428363325
9COS_A1A06,run5_s44,0,0.6503714338913049
9COS_A1A06,run5_s44,1,0.565498035686148
9COS_A1A06,run5_s44,2,0.716231848301093
9COS_A1A06,run5_s44,3,0.5730667717067404
9COS_A1A06,run5_s44,4,0.64987207019797
9COS_A1A06,run5_s45,0,0.5910718201008519
9COS_A1A06,run5_s45,1,0.604047008524658
9COS_A1A06,run5_s45,2,0.5854242461164635
9COS_A1A06,run5_s45,3,0.5592599047684038
9COS_A1A06,run5_s45,4,0.818303082329224
9COT_A1A08,run5_s42,0,0.42197510256321297
9COT_A1A08,run5_s42,1,0.5048284381366542
9COT_A1A08,run5_s42,2,0.5601834299097559
9COT_A1A08,run5_s42,3,0.47399284765127
9COT_A1A08,run5_s42,4,0.5161650209709303
9COT_A1A08,run5_s43,0,0.42899244399835057
9COT_A1A08,run5_s43,1,0.6449863682945572
9COT_A1A08,run5_s43,2,0.4236474703912078
9COT_A1A08,run5_s43,3,0.5120462535460871
9COT_A1A08,run5_s43,4,0.5548160192436143
9COT_A1A08,run5_s44,0,0.5243042561534
9COT_A1A08,run5_s44,1,0.4383116526388889
9COT_A1A08,run5_s44,2,0.647676273879307
9COT_A1A08,run5_s44,3,0.4741758327772504
9COT_A1A08,run5_s44,4,0.6375572781684191
9COT_A1A08,run5_s45,0,0.4254325723362461
9COT_A1A08,run5_s45,1,0.42295991002894917
9COT_A1A08,run5_s45,2,0.5792757173167614
9COT_A1A08,run5_s45,3,0.4940671191352437
9COT_A1A08,run5_s45,4,0.5105395524793913
9COU_A1A4U,run5_s42,0,0.8782378432042135
9COU_A1A4U,run5_s42,1,1.0676301043468348
9COU_A1A4U,run5_s42,2,0.8806858031293973
9COU_A1A4U,run5_s42,3,0.8880192752902447
9COU_A1A4U,run5_s42,4,1.3228628180192172
9COU_A1A4U,run5_s43,0,1.0940751669820816
9COU_A1A4U,run5_s43,1,1.046225307854037
9COU_A1A4U,run5_s43,2,1.1432398032785156
9COU_A1A4U,run5_s43,3,1.0681529947597728
9COU_A1A4U,run5_s43,4,1.0349769935414626
9COU_A1A4U,run5_s44,0,1.103277987100072
9COU_A1A4U,run5_s44,1,1.0083612606630283
9COU_A1A4U,run5_s44,2,1.4009559033331762
9COU_A1A4U,run5_s44,3,1.0899712537156672
9COU_A1A4U,run5_s44,4,1.4081432246061714
9COU_A1A4U,run5_s45,0,1.0521265758642506
9COU_A1A4U,run5_s45,1,0.9838794408242905
9COU_A1A4U,run5_s45,2,1.0188673068958953
9COU_A1A4U,run5_s45,3,1.0518489030987408
9COU_A1A4U,run5_s45,4,0.9117135197422975
9COV_A1A4S,run5_s42,0,1.1313954808130249
9COV_A1A4S,run5_s42,1,1.0210684148396425
9COV_A1A4S,run5_s42,2,1.3060417015495234
9COV_A1A4S,run5_s42,3,1.1629248775112464
9COV_A1A4S,run5_s42,4,0.9397848146173032
9COV_A1A4S,run5_s43,0,1.0068683625805315
9COV_A1A4S,run5_s43,1,0.915828684689802
9COV_A1A4S,run5_s43,2,1.2971029571424917
9COV_A1A4S,run5_s43,3,1.4542613177462145
9COV_A1A4S,run5_s43,4,1.0181082840129754
9COV_A1A4S,run5_s44,0,0.914108483908061
9COV_A1A4S,run5_s44,1,1.1508442651248092
9COV_A1A4S,run5_s44,2,1.1148324450946434
9COV_A1A4S,run5_s44,3,1.3169071289530037
9COV_A1A4S,run5_s44,4,1.0131669986446548
9COV_A1A4S,run5_s45,0,0.9464311870292873
9COV_A1A4S,run5_s45,1,1.2724584077958703
9COV_A1A4S,run5_s45,2,0.9202873009078366
9COV_A1A4S,run5_s45,3,0.8966292507422626
9COV_A1A4S,run5_s45,4,0.9539111773447994
9COW_A1A4V,run5_s42,0,0.9406136093908335
9COW_A1A4V,run5_s42,1,0.9394210402738806
9COW_A1A4V,run5_s42,2,0.9990183766742495
9COW_A1A4V,run5_s42,3,0.8908054431135571
9COW_A1A4V,run5_s42,4,0.8692406907319846
9COW_A1A4V,run5_s43,0,0.9735101844820114
9COW_A1A4V,run5_s43,1,0.8166774939067005
9COW_A1A4V,run5_s43,2,0.7798004569414632
9COW_A1A4V,run5_s43,3,0.8524124499554224
9COW_A1A4V,run5_s43,4,0.9549147346377171
9COW_A1A4V,run5_s44,0,0.9224680452032284
9COW_A1A4V,run5_s44,1,0.9066144398831263
9COW_A1A4V,run5_s44,2,0.903408775450796
9COW_A1A4V,run5_s44,3,0.8533507757976467
9COW_A1A4V,run5_s44,4,0.7860770208960852
9COW_A1A4V,run5_s45,0,1.288958202389336
9COW_A1A4V,run5_s45,1,0.7520103848708163
9COW_A1A4V,run5_s45,2,1.3364081227850317
9COW_A1A4V,run5_s45,3,0.800243759912985
9COW_A1A4V,run5_s45,4,1.0382334028014149
9COX_A1A4K,run5_s42,0,1.1156758088499226
9COX_A1A4K,run5_s42,1,1.4222219988870548
9COX_A1A4K,run5_s42,2,0.9256810499936396
9COX_A1A4K,run5_s42,3,1.2678015817081612
9COX_A1A4K,run5_s42,4,1.5621043667197896
9COX_A1A4K,run5_s43,0,1.358427963051742
9COX_A1A4K,run5_s43,1,1.0513526537103974
9COX_A1A4K,run5_s43,2,0.9717950934864681
9COX_A1A4K,run5_s43,3,0.9966225523951363
9COX_A1A4K,run5_s43,4,0.9414668327788099
9COX_A1A4K,run5_s44,0,1.0693790850396991
9COX_A1A4K,run5_s44,1,0.9800212960423443
9COX_A1A4K,run5_s44,2,0.9063661398949363
9COX_A1A4K,run5_s44,3,1.7586189043863887
9COX_A1A4K,run5_s44,4,1.120644274866357
9COX_A1A4K,run5_s45,0,0.9695998290183458
9COX_A1A4K,run5_s45,1,0.9047009921010105
9COX_A1A4K,run5_s45,2,1.0567807960720266
9COX_A1A4K,run5_s45,3,1.0236991893805456
9COX_A1A4K,run5_s45,4,1.3719594657782392
9COY_A1A4T,run5_s42,0,0.9098387565161752
9COY_A1A4T,run5_s42,1,0.925219387447993
9COY_A1A4T,run5_s42,2,1.0772046998495115
9COY_A1A4T,run5_s42,3,0.904606253531719
9COY_A1A4T,run5_s42,4,0.9134654781814193
9COY_A1A4T,run5_s43,0,1.0100691032349243
9COY_A1A4T,run5_s43,1,0.8863487653819219
9COY_A1A4T,run5_s43,2,0.9245783144152216
9COY_A1A4T,run5_s43,3,1.1456604222805207
9COY_A1A4T,run5_s43,4,0.8592724449809332
9COY_A1A4T,run5_s44,0,1.0690780721302278
9COY_A1A4T,run5_s44,1,0.9379097116263688
9COY_A1A4T,run5_s44,2,0.9433773216845358
9COY_A1A4T,run5_s44,3,0.9057583910934658
9COY_A1A4T,run5_s44,4,1.1885397526382542
9COY_A1A4T,run5_s45,0,0.8793074076624076
9COY_A1A4T,run5_s45,1,0.9594409242123012
9COY_A1A4T,run5_s45,2,0.9560194848201464
9COY_A1A4T,run5_s45,3,0.9781492977482323
9COY_A1A4T,run5_s45,4,1.2786420328388033
9MS1_A1BNX,run5_s42,0,0.8818106555193963
9MS1_A1BNX,run5_s42,1,0.6542729893617248
9MS1_A1BNX,run5_s42,2,0.6747512294100243
9MS1_A1BNX,run5_s42,3,1.4748874054966443
9MS1_A1BNX,run5_s42,4,0.7338011290721816
9MS1_A1BNX,run5_s43,0,0.6342012472223821
9MS1_A1BNX,run5_s43,1,0.6244335752297198
9MS1_A1BNX,run5_s43,2,0.5775705403778575
9MS1_A1BNX,run5_s43,3,0.6295311688388189
9MS1_A1BNX,run5_s43,4,1.5545251268985003
9MS1_A1BNX,run5_s44,0,0.6958104876950904
9MS1_A1BNX,run5_s44,1,0.6591104789417378
9MS1_A1BNX,run5_s44,2,0.6246511910509361
9MS1_A1BNX,run5_s44,3,0.679370988870993
9MS1_A1BNX,run5_s44,4,0.5941708713671522
9MS1_A1BNX,run5_s45,0,0.631252875123502
9MS1_A1BNX,run5_s45,1,1.7246389043651642
9MS1_A1BNX,run5_s45,2,0.6213927927931799
9MS1_A1BNX,run5_s45,3,0.6209259898087587
9MS1_A1BNX,run5_s45,4,0.6888493460246968
9PLJ_TCI,run5_s42,0,1.5368873496700306
9PLJ_TCI,run5_s42,1,1.4893093572920617
9PLJ_TCI,run5_s42,2,1.3466523371004546
9PLJ_TCI,run5_s42,3,1.4438411310429757
9PLJ_TCI,run5_s42,4,1.841521476008197
9PLJ_TCI,run5_s43,0,1.2473883508277013
9PLJ_TCI,run5_s43,1,1.2676273117358476
9PLJ_TCI,run5_s43,2,1.688952545093744
9PLJ_TCI,run5_s43,3,1.3499343421341625
9PLJ_TCI,run5_s43,4,1.8515164149622931
9PLJ_TCI,run5_s44,0,1.3292511871590076
9PLJ_TCI,run5_s44,1,1.2357682713459652
9PLJ_TCI,run5_s44,2,1.8909650239013998
9PLJ_TCI,run5_s44,3,1.6196207811917163
9PLJ_TCI,run5_s44,4,1.6738556882827522
9PLJ_TCI,run5_s45,0,1.2321597707917384
9PLJ_TCI,run5_s45,1,1.409669396710893
9PLJ_TCI,run5_s45,2,1.7483300058007771
9PLJ_TCI,run5_s45,3,1.5199407099440776
9PLJ_TCI,run5_s45,4,1.3481936111554416
9PLK_A1CIW,run5_s42,0,1.0705649677645581
9PLK_A1CIW,run5_s42,1,1.1823293573485472
9PLK_A1CIW,run5_s42,2,1.1794758066341358
9PLK_A1CIW,run5_s42,3,1.2372451724901532
9PLK_A1CIW,run5_s42,4,2.567669139113614
9PLK_A1CIW,run5_s43,0,1.1669339575540054
9PLK_A1CIW,run5_s43,1,1.365343532842787
9PLK_A1CIW,run5_s43,2,1.45249218645723
9PLK_A1CIW,run5_s43,3,2.035333301126556
9PLK_A1CIW,run5_s43,4,1.1331806400814417
9PLK_A1CIW,run5_s44,0,1.1694774198441908
9PLK_A1CIW,run5_s44,1,1.1760313659634682
9PLK_A1CIW,run5_s44,2,1.1870675473363126
9PLK_A1CIW,run5_s44,3,1.153568092656252
9PLK_A1CIW,run5_s44,4,1.1082911095450085
9PLK_A1CIW,run5_s45,0,1.1185286561487136
9PLK_A1CIW,run5_s45,1,1.106614014701861
9PLK_A1CIW,run5_s45,2,1.205530483551693
9PLK_A1CIW,run5_s45,3,2.7505201768526817
9PLK_A1CIW,run5_s45,4,1.1800622831617384
9YK4_PG4,run5_s42,0,3.5695182919132495
9YK4_PG4,run5_s42,1,4.030427659154278
9YK4_PG4,run5_s42,2,3.2347097096592314
9YK4_PG4,run5_s42,3,3.2239495812235814
9YK4_PG4,run5_s42,4,3.322293148690106
9YK4_PG4,run5_s43,0,3.315120188754727
9YK4_PG4,run5_s43,1,3.2812536888980355
9YK4_PG4,run5_s43,2,3.390171924655512
9YK4_PG4,run5_s43,3,3.2972260753272766
9YK4_PG4,run5_s43,4,21.42891045218184
9YK4_PG4,run5_s44,0,3.383344106427248
9YK4_PG4,run5_s44,1,3.284892880496434
9YK4_PG4,run5_s44,2,3.2184003699738106
9YK4_PG4,run5_s44,3,3.2321871523411643
9YK4_PG4,run5_s44,4,3.260612666092355
9YK4_PG4,run5_s45,0,3.2892022762061406
9YK4_PG4,run5_s45,1,3.313384906982762
9YK4_PG4,run5_s45,2,3.389476961118244
9YK4_PG4,run5_s45,3,3.3383723456204333
9YK4_PG4,run5_s45,4,22.387568558525246
