inchikey_block,isoform,method,structure_path,confidence,predicted_affinity,completed,valid,invalid_reason,fe_min_dist,frac_proximal,max_clash,n_contacts,is_coordinated
ZDVHZKHFMHUZDU,CYP3A4,protenix_v2@openprotein,data\processed\t5_bakeoff\poses\CYP3A4\ZDVHZKHFMHUZDU__rt5s0.cif,0.9376,,True,True,,3.462,0.0,0.647,69,False
QCPPGXUAWUBFAE,CYP3A4,protenix_v2@openprotein,data\processed\t5_bakeoff\poses\CYP3A4\QCPPGXUAWUBFAE__rt5s0.cif,0.9336,,True,False,severe steric overlap (2.47 A into vdW),3.322,0.0,2.469,73,False
SBNKFTQSBPKMBZ,CYP3A4,protenix_v2@openprotein,data\processed\t5_bakeoff\poses\CYP3A4\SBNKFTQSBPKMBZ__rt5s0.cif,0.9776,,True,True,,3.762,0.0,0.114,21,False
BZAIRDCOXHAADH,CYP3A4,protenix_v2@openprotein,data\processed\t5_bakeoff\poses\CYP3A4\BZAIRDCOXHAADH__rt5s0.cif,0.9798,,True,True,,4.161,0.0,1.411,85,False
NJTPBFZBPRMEJR,CYP3A4,protenix_v2@openprotein,data\processed\t5_bakeoff\poses\CYP3A4\NJTPBFZBPRMEJR__rt5s0.cif,0.9378,,True,True,,4.466,0.0,0.527,58,False
CNIIGCLFLJGOGP,CYP3A4,protenix_v2@openprotein,data\processed\t5_bakeoff\poses\CYP3A4\CNIIGCLFLJGOGP__rt5s0.cif,0.9495,,True,True,,3.556,0.0,0.83,54,False
UIEGYIFDVIDYHB,CYP3A4,protenix_v2@openprotein,data\processed\t5_bakeoff\poses\CYP3A4\UIEGYIFDVIDYHB__rt5s0.cif,0.9691,,True,True,,2.24,0.0,0.593,69,True
SEBMTIQKRHYNIT,CYP3A4,protenix_v2@openprotein,data\processed\t5_bakeoff\poses\CYP3A4\SEBMTIQKRHYNIT__rt5s0.cif,0.9348,,True,False,severe steric overlap (1.58 A into vdW),4.199,0.0,1.577,81,False
HIUVKVDQFXDZHU,CYP3A4,protenix_v2@openprotein,data\processed\t5_bakeoff\poses\CYP3A4\HIUVKVDQFXDZHU__rt5s0.cif,0.947,,True,True,,3.892,0.0,0.406,26,False
WTTPTXHWBCVSAE,CYP3A4,protenix_v2@openprotein,data\processed\t5_bakeoff\poses\CYP3A4\WTTPTXHWBCVSAE__rt5s0.cif,0.9422,,True,True,,2.716,0.0,1.247,70,False
BRZANEXCSZCZCI,CYP3A4,protenix_v2@openprotein,data\processed\t5_bakeoff\poses\CYP3A4\BRZANEXCSZCZCI__rt5s0.cif,0.9518,,True,True,,2.239,0.0,0.673,69,True
VYZSNRUMPKDNLT,CYP3A4,protenix_v2@openprotein,data\processed\t5_bakeoff\poses\CYP3A4\VYZSNRUMPKDNLT__rt5s0.cif,0.9368,,True,True,,2.464,0.0,0.536,87,True
IROJCVZEMVZADB,CYP3A4,protenix_v2@openprotein,data\processed\t5_bakeoff\poses\CYP3A4\IROJCVZEMVZADB__rt5s0.cif,0.9579,,True,False,severe steric overlap (1.62 A into vdW),2.178,0.0,1.619,138,True
AGOOMVXOHLHTCM,CYP3A4,protenix_v2@openprotein,data\processed\t5_bakeoff\poses\CYP3A4\AGOOMVXOHLHTCM__rt5s0.cif,0.9401,,True,True,,5.384,0.0,0.326,76,False
YCHNKCQNPQJYSD,CYP3A4,protenix_v2@openprotein,data\processed\t5_bakeoff\poses\CYP3A4\YCHNKCQNPQJYSD__rt5s0.cif,0.9586,,True,True,,2.906,0.0,1.147,112,False
HQIRNZOQPUAHHV,CYP3A4,protenix_v2@openprotein,data\processed\t5_bakeoff\poses\CYP3A4\HQIRNZOQPUAHHV__rt5s0.cif,0.9431,,True,True,,3.577,0.0,0.945,59,False
LZAPOHZTKRQZKM,CYP3A4,protenix_v2@openprotein,data\processed\t5_bakeoff\poses\CYP3A4\LZAPOHZTKRQZKM__rt5s0.cif,0.9372,,True,True,,3.323,0.0,0.999,102,False
FQTOHOCJEYDRRG,CYP3A4,protenix_v2@openprotein,data\processed\t5_bakeoff\poses\CYP3A4\FQTOHOCJEYDRRG__rt5s0.cif,0.9386,,True,True,,3.693,0.0,0.784,98,False
OCSVTGWIMRELRH,CYP3A4,protenix_v2@openprotein,data\processed\t5_bakeoff\poses\CYP3A4\OCSVTGWIMRELRH__rt5s0.cif,0.9405,,True,True,,3.022,0.0,1.335,105,False
REYFJDPCWQRWAA,CYP3A4,protenix_v2@openprotein,data\processed\t5_bakeoff\poses\CYP3A4\REYFJDPCWQRWAA__rt5s0.cif,0.9451,,True,True,,3.165,0.0,1.123,63,False
SMRUWTFDCWAZON,CYP3A4,protenix_v2@openprotein,data\processed\t5_bakeoff\poses\CYP3A4\SMRUWTFDCWAZON__rt5s0.cif,0.9369,,True,True,,3.757,0.0,0.719,99,False
WPBCUTZPCFFBTO,CYP3A4,protenix_v2@openprotein,data\processed\t5_bakeoff\poses\CYP3A4\WPBCUTZPCFFBTO__rt5s0.cif,0.9325,,True,True,,4.476,0.0,0.103,78,False
HUCPMSPYTPCDKA,CYP3A4,protenix_v2@openprotein,data\processed\t5_bakeoff\poses\CYP3A4\HUCPMSPYTPCDKA__rt5s0.cif,0.941,,True,True,,4.157,0.0,1.261,89,False
JGTLGAGKPNYMRY,CYP3A4,protenix_v2@openprotein,data\processed\t5_bakeoff\poses\CYP3A4\JGTLGAGKPNYMRY__rt5s0.cif,0.9772,,True,True,,2.217,0.0,0.346,76,True
DMSGWBYWZFAVFS,CYP3A4,protenix_v2@openprotein,data\processed\t5_bakeoff\poses\CYP3A4\DMSGWBYWZFAVFS__rt5s0.cif,0.9436,,True,True,,4.712,0.0,0.664,117,False
CRUWCZSXWRLWRA,CYP3A4,protenix_v2@openprotein,data\processed\t5_bakeoff\poses\CYP3A4\CRUWCZSXWRLWRA__rt5s0.cif,0.9645,,True,True,,2.206,0.0,1.382,83,True
HZCMYVGOGDKMPW,CYP3A4,protenix_v2@openprotein,data\processed\t5_bakeoff\poses\CYP3A4\HZCMYVGOGDKMPW__rt5s0.cif,0.9355,,True,False,severe steric overlap (1.65 A into vdW),3.696,0.0,1.645,91,False
JURKNVYFZMSNLP,CYP3A4,protenix_v2@openprotein,data\processed\t5_bakeoff\poses\CYP3A4\JURKNVYFZMSNLP__rt5s0.cif,0.9318,,True,True,,5.171,0.0,0.748,75,False
XYCMOTOFHFTUIU,CYP3A4,protenix_v2@openprotein,data\processed\t5_bakeoff\poses\CYP3A4\XYCMOTOFHFTUIU__rt5s0.cif,0.9397,,True,True,,18.011,0.0,0.306,50,False
KOGLKBKCAXGATQ,CYP3A4,protenix_v2@openprotein,data\processed\t5_bakeoff\poses\CYP3A4\KOGLKBKCAXGATQ__rt5s0.cif,0.9547,,True,True,,2.055,0.0,1.151,114,True
YLJREFDVOIBQDA,CYP3A4,protenix_v2@openprotein,data\processed\t5_bakeoff\poses\CYP3A4\YLJREFDVOIBQDA__rt5s0.cif,0.9707,,True,True,,2.474,0.0,0.348,59,True
OSEWFKGKUJEEFD,CYP3A4,protenix_v2@openprotein,data\processed\t5_bakeoff\poses\CYP3A4\OSEWFKGKUJEEFD__rt5s0.cif,0.9425,,True,True,,3.685,0.0,0.765,60,False
SLZARXHZTPOCTN,CYP3A4,protenix_v2@openprotein,data\processed\t5_bakeoff\poses\CYP3A4\SLZARXHZTPOCTN__rt5s0.cif,0.981,,True,True,,2.033,0.0,0.347,100,True
IHLDXAAKKIDUFM,CYP3A4,protenix_v2@openprotein,data\processed\t5_bakeoff\poses\CYP3A4\IHLDXAAKKIDUFM__rt5s0.cif,0.9399,,True,True,,3.181,0.0,0.78,95,False
VAHWRSZAURKYGM,CYP3A4,protenix_v2@openprotein,data\processed\t5_bakeoff\poses\CYP3A4\VAHWRSZAURKYGM__rt5s0.cif,0.9409,,True,True,,3.181,0.0,0.477,87,False
JLHUMJNCGJZPJK,CYP3A4,protenix_v2@openprotein,data\processed\t5_bakeoff\poses\CYP3A4\JLHUMJNCGJZPJK__rt5s0.cif,0.9404,,True,True,,3.994,0.0,0.765,82,False
RRLUAXBCRMRKGJ,CYP3A4,protenix_v2@openprotein,data\processed\t5_bakeoff\poses\CYP3A4\RRLUAXBCRMRKGJ__rt5s0.cif,0.9389,,True,False,severe steric overlap (1.59 A into vdW),4.401,0.0,1.59,100,False
CMRWALMKNZNEAF,CYP3A4,protenix_v2@openprotein,data\processed\t5_bakeoff\poses\CYP3A4\CMRWALMKNZNEAF__rt5s0.cif,0.9516,,True,True,,2.089,0.0,0.99,98,True
OIJNGNQKPRJCLT,CYP3A4,protenix_v2@openprotein,data\processed\t5_bakeoff\poses\CYP3A4\OIJNGNQKPRJCLT__rt5s0.cif,0.9662,,True,True,,2.283,0.0,1.083,89,True
POFHNBYWRJBGAM,CYP3A4,protenix_v2@openprotein,data\processed\t5_bakeoff\poses\CYP3A4\POFHNBYWRJBGAM__rt5s0.cif,0.9642,,True,True,,4.464,0.0,0.537,119,False
BPSIMDRRYLTHLE,CYP3A4,protenix_v2@openprotein,data\processed\t5_bakeoff\poses\CYP3A4\BPSIMDRRYLTHLE__rt5s0.cif,0.9571,,True,True,,2.243,0.0,0.946,98,True
AAFSKRHBWOQJCV,CYP3A4,protenix_v2@openprotein,data\processed\t5_bakeoff\poses\CYP3A4\AAFSKRHBWOQJCV__rt5s0.cif,0.9382,,True,True,,3.724,0.0,1.164,83,False
RKIRNVHTEYUZIG,CYP3A4,protenix_v2@openprotein,data\processed\t5_bakeoff\poses\CYP3A4\RKIRNVHTEYUZIG__rt5s0.cif,0.9335,,True,True,,2.909,0.0,0.505,102,False
LVHWZRNQJDKLTI,CYP3A4,protenix_v2@openprotein,data\processed\t5_bakeoff\poses\CYP3A4\LVHWZRNQJDKLTI__rt5s0.cif,0.9358,,True,True,,2.867,0.0,0.753,82,False
KJNTUBDFKPAUOJ,CYP3A4,protenix_v2@openprotein,data\processed\t5_bakeoff\poses\CYP3A4\KJNTUBDFKPAUOJ__rt5s0.cif,0.9393,,True,True,,4.516,0.0,0.816,99,False
CVTSUVYINOOTTN,CYP3A4,protenix_v2@openprotein,data\processed\t5_bakeoff\poses\CYP3A4\CVTSUVYINOOTTN__rt5s0.cif,0.9737,,True,True,,3.953,0.0,0.369,71,False
VNRPFJXBODKBRZ,CYP3A4,protenix_v2@openprotein,data\processed\t5_bakeoff\poses\CYP3A4\VNRPFJXBODKBRZ__rt5s0.cif,0.95,,True,True,,2.379,0.0,1.064,99,True
OVCDSSHSILBFBN,CYP3A4,protenix_v2@openprotein,data\processed\t5_bakeoff\poses\CYP3A4\OVCDSSHSILBFBN__rt5s0.cif,0.9392,,True,True,,4.621,0.0,0.632,91,False
QUDSFKIXQFFIOI,CYP3A4,protenix_v2@openprotein,data\processed\t5_bakeoff\poses\CYP3A4\QUDSFKIXQFFIOI__rt5s0.cif,0.9419,,True,True,,4.466,0.0,0.165,66,False
STKPDYXEWHQTCA,CYP3A4,protenix_v2@openprotein,data\processed\t5_bakeoff\poses\CYP3A4\STKPDYXEWHQTCA__rt5s0.cif,0.9361,,True,True,,4.294,0.0,0.273,93,False
FJUHYDGFHVCIQR,CYP3A4,protenix_v2@openprotein,data\processed\t5_bakeoff\poses\CYP3A4\FJUHYDGFHVCIQR__rt5s0.cif,0.9734,,True,True,,4.388,0.0,0.356,83,False
FRTQFAFJPFTPEO,CYP3A4,protenix_v2@openprotein,data\processed\t5_bakeoff\poses\CYP3A4\FRTQFAFJPFTPEO__rt5s0.cif,0.9489,,True,True,,2.406,0.0,0.544,76,True
CPTSFZUKPHDTEW,CYP3A4,protenix_v2@openprotein,data\processed\t5_bakeoff\poses\CYP3A4\CPTSFZUKPHDTEW__rt5s0.cif,0.9641,,True,True,,2.061,0.0,0.336,69,True
WAFLWFBYNRXLIA,CYP3A4,protenix_v2@openprotein,data\processed\t5_bakeoff\poses\CYP3A4\WAFLWFBYNRXLIA__rt5s0.cif,0.9515,,True,True,,1.998,0.0,0.9,119,True
WEMDNGXFLHBHKC,CYP3A4,protenix_v2@openprotein,data\processed\t5_bakeoff\poses\CYP3A4\WEMDNGXFLHBHKC__rt5s0.cif,0.9359,,True,True,,2.631,0.0,0.643,131,False
KSABBJQXOFJFMB,CYP3A4,protenix_v2@openprotein,data\processed\t5_bakeoff\poses\CYP3A4\KSABBJQXOFJFMB__rt5s0.cif,0.9527,,True,True,,2.469,0.0,0.606,70,True
MCMWQUUFOTYOLS,CYP3A4,protenix_v2@openprotein,data\processed\t5_bakeoff\poses\CYP3A4\MCMWQUUFOTYOLS__rt5s0.cif,0.9452,,True,True,,2.012,0.0,0.781,112,True
LECNWKBRWUMOOE,CYP3A4,protenix_v2@openprotein,data\processed\t5_bakeoff\poses\CYP3A4\LECNWKBRWUMOOE__rt5s0.cif,0.9386,,True,True,,2.159,0.0,0.396,68,True
OLLKSWQPCSWOKP,CYP3A4,protenix_v2@openprotein,data\processed\t5_bakeoff\poses\CYP3A4\OLLKSWQPCSWOKP__rt5s0.cif,0.9502,,True,True,,3.965,0.0,0.964,109,False
KDWINTKNCFXETQ,CYP3A4,protenix_v2@openprotein,data\processed\t5_bakeoff\poses\CYP3A4\KDWINTKNCFXETQ__rt5s0.cif,0.956,,True,True,,3.555,0.0,0.494,54,False
PJEMYXKINDARDB,CYP3A4,protenix_v2@openprotein,data\processed\t5_bakeoff\poses\CYP3A4\PJEMYXKINDARDB__rt5s0.cif,0.9421,,True,True,,3.662,0.0,0.923,109,False
LEQOABJBJQUSIJ,CYP3A4,protenix_v2@openprotein,data\processed\t5_bakeoff\poses\CYP3A4\LEQOABJBJQUSIJ__rt5s0.cif,0.9319,,True,True,,1.999,0.0,0.952,116,True
YKJMLSDPNOJKOB,CYP3A4,protenix_v2@openprotein,data\processed\t5_bakeoff\poses\CYP3A4\YKJMLSDPNOJKOB__rt5s0.cif,0.9402,,True,True,,4.681,0.0,0.676,95,False
YCKQLOFLKFDRSW,CYP3A4,protenix_v2@openprotein,data\processed\t5_bakeoff\poses\CYP3A4\YCKQLOFLKFDRSW__rt5s0.cif,0.946,,True,True,,3.79,0.0,0.876,70,False
QHBKNLPLROKUGS,CYP3A4,protenix_v2@openprotein,data\processed\t5_bakeoff\poses\CYP3A4\QHBKNLPLROKUGS__rt5s0.cif,0.9309,,True,True,,4.438,0.0,0.515,90,False
SSMSBSWKLKKXGG,CYP3A4,protenix_v2@openprotein,data\processed\t5_bakeoff\poses\CYP3A4\SSMSBSWKLKKXGG__rt5s0.cif,0.9459,,True,True,,5.019,0.0,0.963,60,False
LMBJRHSTZKEVBI,CYP3A4,protenix_v2@openprotein,data\processed\t5_bakeoff\poses\CYP3A4\LMBJRHSTZKEVBI__rt5s0.cif,0.9563,,True,True,,3.653,0.0,1.315,99,False
RMUCZJUITONUFY,CYP3A4,protenix_v2@openprotein,data\processed\t5_bakeoff\poses\CYP3A4\RMUCZJUITONUFY__rt5s0.cif,0.9778,,True,True,,3.152,0.0,1.092,41,False
RLGQACBPNDBWTB,CYP3A4,protenix_v2@openprotein,data\processed\t5_bakeoff\poses\CYP3A4\RLGQACBPNDBWTB__rt5s0.cif,0.9306,,True,True,,3.784,0.0,0.796,70,False
DYSXHEQZHLDEEV,CYP3A4,protenix_v2@openprotein,data\processed\t5_bakeoff\poses\CYP3A4\DYSXHEQZHLDEEV__rt5s0.cif,0.9743,,True,True,,2.731,0.0,1.182,102,False
CBRQOHPCDLQLPJ,CYP3A4,protenix_v2@openprotein,data\processed\t5_bakeoff\poses\CYP3A4\CBRQOHPCDLQLPJ__rt5s0.cif,0.9667,,True,True,,2.504,0.0,0.6,75,True
DUADTXCVWFPPIL,CYP3A4,protenix_v2@openprotein,data\processed\t5_bakeoff\poses\CYP3A4\DUADTXCVWFPPIL__rt5s0.cif,0.9595,,True,True,,3.529,0.0,0.601,74,False
YDRIIVMAQGIRPU,CYP3A4,protenix_v2@openprotein,data\processed\t5_bakeoff\poses\CYP3A4\YDRIIVMAQGIRPU__rt5s0.cif,0.9335,,True,True,,1.987,0.0,0.576,76,True
ABZDANIGSGUPSQ,CYP3A4,protenix_v2@openprotein,data\processed\t5_bakeoff\poses\CYP3A4\ABZDANIGSGUPSQ__rt5s0.cif,0.9415,,True,True,,4.085,0.0,0.877,77,False
PQPGOORJZHZVIF,CYP3A4,protenix_v2@openprotein,data\processed\t5_bakeoff\poses\CYP3A4\PQPGOORJZHZVIF__rt5s0.cif,0.9364,,True,True,,3.805,0.0,0.841,91,False
GRIDBZHPCALFNO,CYP3A4,protenix_v2@openprotein,data\processed\t5_bakeoff\poses\CYP3A4\GRIDBZHPCALFNO__rt5s0.cif,0.9383,,True,False,severe steric overlap (1.84 A into vdW),4.246,0.0,1.84,124,False
VTQXUFDARAXXEL,CYP3A4,protenix_v2@openprotein,data\processed\t5_bakeoff\poses\CYP3A4\VTQXUFDARAXXEL__rt5s0.cif,0.9386,,True,True,,5.318,0.0,0.608,81,False
FKTKOBGQSYLSJM,CYP3A4,protenix_v2@openprotein,data\processed\t5_bakeoff\poses\CYP3A4\FKTKOBGQSYLSJM__rt5s0.cif,0.9432,,True,True,,2.539,0.0,0.868,70,True
JUDIGWCSUCRCTM,CYP3A4,protenix_v2@openprotein,data\processed\t5_bakeoff\poses\CYP3A4\JUDIGWCSUCRCTM__rt5s0.cif,0.9428,,True,True,,4.242,0.0,0.317,75,False
GFMXIBGNFZXSSH,CYP3A4,protenix_v2@openprotein,data\processed\t5_bakeoff\poses\CYP3A4\GFMXIBGNFZXSSH__rt5s0.cif,0.9544,,True,True,,2.854,0.0,0.379,44,False
YMJWYDKEGLKYSU,CYP3A4,protenix_v2@openprotein,data\processed\t5_bakeoff\poses\CYP3A4\YMJWYDKEGLKYSU__rt5s0.cif,0.9435,,True,True,,2.974,0.0,0.633,81,False
XIQVNETUBQGFHX,CYP3A4,protenix_v2@openprotein,data\processed\t5_bakeoff\poses\CYP3A4\XIQVNETUBQGFHX__rt5s0.cif,0.9411,,True,False,severe steric overlap (1.95 A into vdW),6.18,0.0,1.95,102,False
ZQWNBUUGCZZBQG,CYP3A4,protenix_v2@openprotein,data\processed\t5_bakeoff\poses\CYP3A4\ZQWNBUUGCZZBQG__rt5s0.cif,0.9635,,True,True,,2.166,0.0,0.239,44,True
LZRKSMFOPBHIJC,CYP3A4,protenix_v2@openprotein,data\processed\t5_bakeoff\poses\CYP3A4\LZRKSMFOPBHIJC__rt5s0.cif,0.9659,,True,True,,2.147,0.0,0.803,76,True
QNTOHWMVHLRHJK,CYP3A4,protenix_v2@openprotein,data\processed\t5_bakeoff\poses\CYP3A4\QNTOHWMVHLRHJK__rt5s0.cif,0.9393,,True,True,,3.093,0.0,0.473,64,False
QUBDEYFKIBCNDL,CYP3A4,protenix_v2@openprotein,data\processed\t5_bakeoff\poses\CYP3A4\QUBDEYFKIBCNDL__rt5s0.cif,0.9407,,True,True,,2.417,0.0,0.756,94,True
HOKIEOIBMAMYDU,CYP3A4,protenix_v2@openprotein,data\processed\t5_bakeoff\poses\CYP3A4\HOKIEOIBMAMYDU__rt5s0.cif,0.9595,,True,True,,3.326,0.0,1.053,75,False
LJQLDSDTAXHWQQ,CYP3A4,protenix_v2@openprotein,data\processed\t5_bakeoff\poses\CYP3A4\LJQLDSDTAXHWQQ__rt5s0.cif,0.9599,,True,True,,2.009,0.0,0.515,85,True
QTSLUEVVUAILQN,CYP3A4,protenix_v2@openprotein,data\processed\t5_bakeoff\poses\CYP3A4\QTSLUEVVUAILQN__rt5s0.cif,0.9322,,True,True,,4.003,0.0,1.08,112,False
PXEMWOAWSRNDKZ,CYP3A4,protenix_v2@openprotein,data\processed\t5_bakeoff\poses\CYP3A4\PXEMWOAWSRNDKZ__rt5s0.cif,0.9505,,True,True,,2.169,0.0,1.259,131,True
XGALLCVXEZPNRQ,CYP3A4,protenix_v2@openprotein,data\processed\t5_bakeoff\poses\CYP3A4\XGALLCVXEZPNRQ__rt5s0.cif,0.9577,,True,True,,3.67,0.0,1.248,101,False
LFMRMWJSYPUVLX,CYP3A4,protenix_v2@openprotein,data\processed\t5_bakeoff\poses\CYP3A4\LFMRMWJSYPUVLX__rt5s0.cif,0.9351,,True,True,,2.16,0.0,0.405,95,True
NWLUCHZBIHVDPU,CYP3A4,protenix_v2@openprotein,data\processed\t5_bakeoff\poses\CYP3A4\NWLUCHZBIHVDPU__rt5s0.cif,0.9529,,True,True,,2.116,0.0,1.05,141,True
RUVLBPWZPKTFQY,CYP3A4,protenix_v2@openprotein,data\processed\t5_bakeoff\poses\CYP3A4\RUVLBPWZPKTFQY__rt5s0.cif,0.9336,,True,True,,5.312,0.0,0.499,103,False
GJSIXZKKNDJEAL,CYP3A4,protenix_v2@openprotein,data\processed\t5_bakeoff\poses\CYP3A4\GJSIXZKKNDJEAL__rt5s0.cif,0.9337,,True,True,,2.687,0.0,1.03,95,False
IVLDPMHWGKSBBD,CYP3A4,protenix_v2@openprotein,data\processed\t5_bakeoff\poses\CYP3A4\IVLDPMHWGKSBBD__rt5s0.cif,0.9426,,True,True,,3.527,0.0,0.568,66,False
QGVJVDSSUBWUGO,CYP3A4,protenix_v2@openprotein,data\processed\t5_bakeoff\poses\CYP3A4\QGVJVDSSUBWUGO__rt5s0.cif,0.9492,,True,True,,3.341,0.0,0.619,63,False
NUJZSEZNBAAEBL,CYP3A4,protenix_v2@openprotein,data\processed\t5_bakeoff\poses\CYP3A4\NUJZSEZNBAAEBL__rt5s0.cif,0.9338,,True,True,,4.379,0.0,0.903,135,False
UXPCXNWXWKQOER,CYP3A4,protenix_v2@openprotein,data\processed\t5_bakeoff\poses\CYP3A4\UXPCXNWXWKQOER__rt5s0.cif,0.9404,,True,False,severe steric overlap (2.00 A into vdW),3.254,0.0,2.0,109,False
LTUCBBUWUBLJCT,CYP3A4,protenix_v2@openprotein,data\processed\t5_bakeoff\poses\CYP3A4\LTUCBBUWUBLJCT__rt5s0.cif,0.9361,,True,True,,2.114,0.0,0.998,122,True
QVQOHIBPHPVPPB,CYP3A4,protenix_v2@openprotein,data\processed\t5_bakeoff\poses\CYP3A4\QVQOHIBPHPVPPB__rt5s0.cif,0.9305,,True,True,,6.194,0.0,1.113,105,False
ASFKKFRSMGBFRO,CYP3A4,protenix_v2@openprotein,data\processed\t5_bakeoff\poses\CYP3A4\ASFKKFRSMGBFRO__rt5s0.cif,0.9345,,True,True,,2.653,0.0,0.842,94,False
GWDOIAFYMZHEGB,CYP3A4,protenix_v2@openprotein,data\processed\t5_bakeoff\poses\CYP3A4\GWDOIAFYMZHEGB__rt5s0.cif,0.9576,,True,True,,2.053,0.0,1.235,181,True
HLRHRWSRSVLASR,CYP3A4,protenix_v2@openprotein,data\processed\t5_bakeoff\poses\CYP3A4\HLRHRWSRSVLASR__rt5s0.cif,0.9326,,True,True,,2.619,0.0,0.762,92,False
WCXXKBXIMXJSNI,CYP3A4,protenix_v2@openprotein,data\processed\t5_bakeoff\poses\CYP3A4\WCXXKBXIMXJSNI__rt5s0.cif,0.9348,,True,True,,3.045,0.0,0.634,86,False
OLYONISXYQGNEZ,CYP3A4,protenix_v2@openprotein,data\processed\t5_bakeoff\poses\CYP3A4\OLYONISXYQGNEZ__rt5s0.cif,0.9387,,True,True,,3.04,0.0,0.383,88,False
CIFMMEDLNIKOGG,CYP3A4,protenix_v2@openprotein,data\processed\t5_bakeoff\poses\CYP3A4\CIFMMEDLNIKOGG__rt5s0.cif,0.9298,,True,True,,3.499,0.0,0.003,82,False
UMIKRLLTVSCTOK,CYP3A4,protenix_v2@openprotein,data\processed\t5_bakeoff\poses\CYP3A4\UMIKRLLTVSCTOK__rt5s0.cif,0.9471,,True,True,,3.317,0.0,0.733,75,False
MXOSBTWGOGZZER,CYP3A4,protenix_v2@openprotein,data\processed\t5_bakeoff\poses\CYP3A4\MXOSBTWGOGZZER__rt5s0.cif,0.9349,,True,True,,3.821,0.0,0.861,75,False
PNZYMSWQEYPOPA,CYP3A4,protenix_v2@openprotein,data\processed\t5_bakeoff\poses\CYP3A4\PNZYMSWQEYPOPA__rt5s0.cif,0.9386,,True,True,,4.427,0.0,0.047,78,False
GPKJTRJOBQGKQK,CYP3A4,protenix_v2@openprotein,data\processed\t5_bakeoff\poses\CYP3A4\GPKJTRJOBQGKQK__rt5s0.cif,0.9363,,True,True,,4.937,0.0,0.992,103,False
ROQPQFXWBJCFRO,CYP3A4,protenix_v2@openprotein,data\processed\t5_bakeoff\poses\CYP3A4\ROQPQFXWBJCFRO__rt5s0.cif,0.939,,True,True,,5.698,0.0,0.678,129,False
BIJKXSIAIACXNV,CYP3A4,protenix_v2@openprotein,data\processed\t5_bakeoff\poses\CYP3A4\BIJKXSIAIACXNV__rt5s0.cif,0.9541,,True,True,,2.034,0.0,0.207,57,True
NOCBHRIGICTARN,CYP3A4,protenix_v2@openprotein,data\processed\t5_bakeoff\poses\CYP3A4\NOCBHRIGICTARN__rt5s0.cif,0.9569,,True,True,,2.103,0.0,0.37,73,True
GQMDVEHOCDKMQP,CYP3A4,protenix_v2@openprotein,data\processed\t5_bakeoff\poses\CYP3A4\GQMDVEHOCDKMQP__rt5s0.cif,0.9315,,True,True,,4.29,0.0,0.51,106,False
PUUICPNYFPCHEE,CYP3A4,protenix_v2@openprotein,data\processed\t5_bakeoff\poses\CYP3A4\PUUICPNYFPCHEE__rt5s0.cif,0.9401,,True,True,,2.302,0.0,0.313,74,True
PZBMCIRQTJSXEM,CYP3A4,protenix_v2@openprotein,data\processed\t5_bakeoff\poses\CYP3A4\PZBMCIRQTJSXEM__rt5s0.cif,0.9269,,True,True,,3.611,0.0,0.387,117,False
QAROPJJFLVXWSM,CYP3A4,protenix_v2@openprotein,data\processed\t5_bakeoff\poses\CYP3A4\QAROPJJFLVXWSM__rt5s0.cif,0.9393,,True,True,,4.214,0.0,0.317,80,False
NOKWLBSHOIIUFJ,CYP3A4,protenix_v2@openprotein,data\processed\t5_bakeoff\poses\CYP3A4\NOKWLBSHOIIUFJ__rt5s0.cif,0.9371,,True,True,,4.051,0.0,0.669,107,False
ZMJICQIEQSJNIT,CYP3A4,protenix_v2@openprotein,data\processed\t5_bakeoff\poses\CYP3A4\ZMJICQIEQSJNIT__rt5s0.cif,0.978,,True,True,,2.204,0.0,0.209,56,True
LPRYCBITNRSRNR,CYP3A4,protenix_v2@openprotein,data\processed\t5_bakeoff\poses\CYP3A4\LPRYCBITNRSRNR__rt5s0.cif,0.9659,,True,True,,3.152,0.0,0.911,94,False
BRWOHQLXDDQIIN,CYP3A4,protenix_v2@openprotein,data\processed\t5_bakeoff\poses\CYP3A4\BRWOHQLXDDQIIN__rt5s0.cif,0.9619,,True,True,,2.208,0.0,0.71,72,True
OXQOIQHDEIKJRI,CYP3A4,protenix_v2@openprotein,data\processed\t5_bakeoff\poses\CYP3A4\OXQOIQHDEIKJRI__rt5s0.cif,0.9342,,True,True,,1.966,0.0,1.44,121,True
UBAYQRWMNBZFGL,CYP3A4,protenix_v2@openprotein,data\processed\t5_bakeoff\poses\CYP3A4\UBAYQRWMNBZFGL__rt5s0.cif,0.94,,True,True,,2.943,0.0,0.501,66,False
XVEOZZDPTYFUNW,CYP3A4,protenix_v2@openprotein,data\processed\t5_bakeoff\poses\CYP3A4\XVEOZZDPTYFUNW__rt5s0.cif,0.9432,,True,True,,4.4,0.0,0.662,79,False
OTSKWPLKWNHXNG,CYP3A4,protenix_v2@openprotein,data\processed\t5_bakeoff\poses\CYP3A4\OTSKWPLKWNHXNG__rt5s0.cif,0.9321,,True,True,,3.403,0.0,1.093,108,False
YQKLTNOXGTYSOG,CYP3A4,protenix_v2@openprotein,data\processed\t5_bakeoff\poses\CYP3A4\YQKLTNOXGTYSOG__rt5s0.cif,0.9601,,True,True,,2.051,0.0,0.216,90,True
ZGVBQHVFIPSHHN,CYP3A4,protenix_v2@openprotein,data\processed\t5_bakeoff\poses\CYP3A4\ZGVBQHVFIPSHHN__rt5s0.cif,0.9531,,True,True,,2.244,0.0,1.243,86,True
SGKBXHPHSYQSKW,CYP3A4,protenix_v2@openprotein,data\processed\t5_bakeoff\poses\CYP3A4\SGKBXHPHSYQSKW__rt5s0.cif,0.9551,,True,True,,3.998,0.0,0.991,104,False
ABUNSDMPQVALBH,CYP3A4,protenix_v2@openprotein,data\processed\t5_bakeoff\poses\CYP3A4\ABUNSDMPQVALBH__rt5s0.cif,0.9277,,True,True,,4.777,0.0,0.916,120,False
KQWVGAQCBXYSBL,CYP3A4,protenix_v2@openprotein,data\processed\t5_bakeoff\poses\CYP3A4\KQWVGAQCBXYSBL__rt5s0.cif,0.9407,,True,True,,3.616,0.0,0.204,87,False
OPUUOMNWXYQDMA,CYP3A4,protenix_v2@openprotein,data\processed\t5_bakeoff\poses\CYP3A4\OPUUOMNWXYQDMA__rt5s0.cif,0.9413,,True,True,,2.455,0.0,1.192,139,True
YGQRUXKHKRRRPX,CYP3A4,protenix_v2@openprotein,data\processed\t5_bakeoff\poses\CYP3A4\YGQRUXKHKRRRPX__rt5s0.cif,0.9668,,True,False,severe steric overlap (2.08 A into vdW),2.011,0.0,2.078,154,True
LLUZHZALVKLRDA,CYP3A4,protenix_v2@openprotein,data\processed\t5_bakeoff\poses\CYP3A4\LLUZHZALVKLRDA__rt5s0.cif,0.9393,,True,True,,3.644,0.0,1.196,110,False
AIZGQFSORPYZAE,CYP3A4,protenix_v2@openprotein,data\processed\t5_bakeoff\poses\CYP3A4\AIZGQFSORPYZAE__rt5s0.cif,0.9499,,True,True,,2.364,0.0,0.366,94,True
LBCJOUUDNYKSSR,CYP3A4,protenix_v2@openprotein,data\processed\t5_bakeoff\poses\CYP3A4\LBCJOUUDNYKSSR__rt5s0.cif,0.952,,True,False,severe steric overlap (2.48 A into vdW),3.128,0.0,2.484,132,False
HANYAPMMDGMJBS,CYP3A4,protenix_v2@openprotein,data\processed\t5_bakeoff\poses\CYP3A4\HANYAPMMDGMJBS__rt5s0.cif,0.9515,,True,False,severe steric overlap (1.81 A into vdW),2.148,0.0,1.806,107,True
RAJNREHOKVVGSQ,CYP3A4,protenix_v2@openprotein,data\processed\t5_bakeoff\poses\CYP3A4\RAJNREHOKVVGSQ__rt5s0.cif,0.9807,,True,True,,2.15,0.0,0.688,83,True
ZMADJKCDAFJXQB,CYP3A4,protenix_v2@openprotein,data\processed\t5_bakeoff\poses\CYP3A4\ZMADJKCDAFJXQB__rt5s0.cif,0.9342,,True,False,severe steric overlap (1.63 A into vdW),4.0,0.0,1.629,126,False
SQUDKELOJLLRRO,CYP3A4,protenix_v2@openprotein,data\processed\t5_bakeoff\poses\CYP3A4\SQUDKELOJLLRRO__rt5s0.cif,0.9371,,True,True,,3.679,0.0,0.373,75,False
FKQSJZQWYQETSO,CYP3A4,protenix_v2@openprotein,data\processed\t5_bakeoff\poses\CYP3A4\FKQSJZQWYQETSO__rt5s0.cif,0.946,,True,True,,3.415,0.0,0.649,85,False
WROCZHPTMZEAPU,CYP3A4,protenix_v2@openprotein,data\processed\t5_bakeoff\poses\CYP3A4\WROCZHPTMZEAPU__rt5s0.cif,0.9334,,True,True,,2.21,0.0,0.632,94,True
JAKRBEYEQJYSGS,CYP3A4,protenix_v2@openprotein,data\processed\t5_bakeoff\poses\CYP3A4\JAKRBEYEQJYSGS__rt5s0.cif,0.9386,,True,True,,3.757,0.0,1.017,107,False
NQHRLOVRIMNNFT,CYP3A4,protenix_v2@openprotein,data\processed\t5_bakeoff\poses\CYP3A4\NQHRLOVRIMNNFT__rt5s0.cif,0.9407,,True,True,,3.953,0.0,1.021,122,False
BJPQOWBRTLGZDQ,CYP3A4,protenix_v2@openprotein,data\processed\t5_bakeoff\poses\CYP3A4\BJPQOWBRTLGZDQ__rt5s0.cif,0.948,,True,True,,3.74,0.0,0.897,66,False
QCFAHERSFSXCNA,CYP3A4,protenix_v2@openprotein,data\processed\t5_bakeoff\poses\CYP3A4\QCFAHERSFSXCNA__rt5s0.cif,0.9663,,True,True,,2.073,0.0,0.814,60,True
LXFHBEHWOYNRSS,CYP3A4,protenix_v2@openprotein,data\processed\t5_bakeoff\poses\CYP3A4\LXFHBEHWOYNRSS__rt5s0.cif,0.9637,,True,True,,2.263,0.0,1.372,146,True
PUJGNFDSNPSMAP,CYP3A4,protenix_v2@openprotein,data\processed\t5_bakeoff\poses\CYP3A4\PUJGNFDSNPSMAP__rt5s0.cif,0.9403,,True,True,,2.513,0.0,0.965,85,True
RBFWRWJCOIIAOK,CYP3A4,protenix_v2@openprotein,data\processed\t5_bakeoff\poses\CYP3A4\RBFWRWJCOIIAOK__rt5s0.cif,0.953,,True,True,,2.155,0.0,1.492,156,True
YENIUINOCHUVDI,CYP3A4,protenix_v2@openprotein,data\processed\t5_bakeoff\poses\CYP3A4\YENIUINOCHUVDI__rt5s0.cif,0.9381,,True,True,,3.726,0.0,0.775,81,False
PURKAOJPTOLRMP,CYP3A4,protenix_v2@openprotein,data\processed\t5_bakeoff\poses\CYP3A4\PURKAOJPTOLRMP__rt5s0.cif,0.9256,,True,True,,4.89,0.0,0.431,96,False
OMISETSBIRJDGV,CYP3A4,protenix_v2@openprotein,data\processed\t5_bakeoff\poses\CYP3A4\OMISETSBIRJDGV__rt5s0.cif,0.9354,,True,True,,3.59,0.0,0.569,75,False
MYJKWLXJAYNIMV,CYP3A4,protenix_v2@openprotein,data\processed\t5_bakeoff\poses\CYP3A4\MYJKWLXJAYNIMV__rt5s0.cif,0.9769,,True,True,,2.209,0.0,0.82,67,True
UIUOCURODLIUQA,CYP3A4,protenix_v2@openprotein,data\processed\t5_bakeoff\poses\CYP3A4\UIUOCURODLIUQA__rt5s0.cif,0.938,,True,True,,2.148,0.0,0.783,70,True
MLQRNUKEFWJQOH,CYP3A4,protenix_v2@openprotein,data\processed\t5_bakeoff\poses\CYP3A4\MLQRNUKEFWJQOH__rt5s0.cif,0.9372,,True,True,,2.435,0.0,1.362,106,True
NXBAEKZVCZWXNN,CYP3A4,protenix_v2@openprotein,data\processed\t5_bakeoff\poses\CYP3A4\NXBAEKZVCZWXNN__rt5s0.cif,0.9545,,True,True,,2.252,0.0,0.706,97,True
DZNPQDPYYZENCJ,CYP3A4,protenix_v2@openprotein,data\processed\t5_bakeoff\poses\CYP3A4\DZNPQDPYYZENCJ__rt5s0.cif,0.943,,True,True,,2.292,0.0,1.035,113,True
XLCKGMINJOIRBQ,CYP3A4,protenix_v2@openprotein,data\processed\t5_bakeoff\poses\CYP3A4\XLCKGMINJOIRBQ__rt5s0.cif,0.935,,True,True,,5.843,0.0,0.814,120,False
IVWQVUXCCLQHJG,CYP3A4,protenix_v2@openprotein,data\processed\t5_bakeoff\poses\CYP3A4\IVWQVUXCCLQHJG__rt5s0.cif,0.9444,,True,True,,2.935,0.0,0.693,100,False
BAELEBQZHOCHBQ,CYP3A4,protenix_v2@openprotein,data\processed\t5_bakeoff\poses\CYP3A4\BAELEBQZHOCHBQ__rt5s0.cif,0.9363,,True,True,,5.215,0.0,1.163,116,False
PFNJCNWOBAUXCO,CYP3A4,protenix_v2@openprotein,data\processed\t5_bakeoff\poses\CYP3A4\PFNJCNWOBAUXCO__rt5s0.cif,0.9609,,True,True,,2.306,0.0,0.969,114,True
DHQWOWWYSIXUOX,CYP3A4,protenix_v2@openprotein,data\processed\t5_bakeoff\poses\CYP3A4\DHQWOWWYSIXUOX__rt5s0.cif,0.9556,,True,True,,2.209,0.0,1.177,120,True
BBTVLMOJYYJLAN,CYP3A4,protenix_v2@openprotein,data\processed\t5_bakeoff\poses\CYP3A4\BBTVLMOJYYJLAN__rt5s0.cif,0.9556,,True,True,,2.071,0.0,0.988,84,True
QRRRJMGDMNQYJZ,CYP3A4,protenix_v2@openprotein,data\processed\t5_bakeoff\poses\CYP3A4\QRRRJMGDMNQYJZ__rt5s0.cif,0.9341,,True,True,,3.242,0.0,0.226,73,False
AVWOIDVOWIXTBD,CYP3A4,protenix_v2@openprotein,data\processed\t5_bakeoff\poses\CYP3A4\AVWOIDVOWIXTBD__rt5s0.cif,0.9809,,True,True,,2.092,0.0,0.306,60,True
ATFFWNIHJPKPHE,CYP3A4,protenix_v2@openprotein,data\processed\t5_bakeoff\poses\CYP3A4\ATFFWNIHJPKPHE__rt5s0.cif,0.9509,,True,True,,2.052,0.0,0.313,104,True
XRIJHBOHQGKBGS,CYP3A4,protenix_v2@openprotein,data\processed\t5_bakeoff\poses\CYP3A4\XRIJHBOHQGKBGS__rt5s0.cif,0.9608,,True,True,,2.184,0.0,1.227,94,True
LKTDMFRMVOXKKC,CYP3A4,protenix_v2@openprotein,data\processed\t5_bakeoff\poses\CYP3A4\LKTDMFRMVOXKKC__rt5s0.cif,0.941,,True,True,,3.342,0.0,0.838,92,False
XMGORMGYUQDAAL,CYP3A4,protenix_v2@openprotein,data\processed\t5_bakeoff\poses\CYP3A4\XMGORMGYUQDAAL__rt5s0.cif,0.965,,True,False,severe steric overlap (1.55 A into vdW),2.023,0.0,1.551,149,True
TUAAGFPRMDBTHV,CYP3A4,protenix_v2@openprotein,data\processed\t5_bakeoff\poses\CYP3A4\TUAAGFPRMDBTHV__rt5s0.cif,0.9697,,True,True,,3.711,0.0,0.719,100,False
RZTAMFZIAATZDJ,CYP3A4,protenix_v2@openprotein,data\processed\t5_bakeoff\poses\CYP3A4\RZTAMFZIAATZDJ__rt5s0.cif,0.9378,,True,True,,4.758,0.0,0.902,89,False
FQQWSTJGVMFWSP,CYP3A4,protenix_v2@openprotein,data\processed\t5_bakeoff\poses\CYP3A4\FQQWSTJGVMFWSP__rt5s0.cif,0.9457,,True,False,severe steric overlap (1.91 A into vdW),3.868,0.0,1.911,109,False
AWXBLKSFTZTHJW,CYP3A4,protenix_v2@openprotein,data\processed\t5_bakeoff\poses\CYP3A4\AWXBLKSFTZTHJW__rt5s0.cif,0.9544,,True,True,,2.259,0.0,0.836,126,True
ZNZJGCOJFHWZII,CYP3A4,protenix_v2@openprotein,data\processed\t5_bakeoff\poses\CYP3A4\ZNZJGCOJFHWZII__rt5s0.cif,0.9661,,True,True,,2.045,0.0,0.963,110,True
GOFAIWOMBJIHPT,CYP3A4,protenix_v2@openprotein,data\processed\t5_bakeoff\poses\CYP3A4\GOFAIWOMBJIHPT__rt5s0.cif,0.9319,,True,True,,3.118,0.0,0.173,122,False
PNKNFDXFPAAKRY,CYP3A4,protenix_v2@openprotein,data\processed\t5_bakeoff\poses\CYP3A4\PNKNFDXFPAAKRY__rt5s0.cif,0.9561,,True,True,,2.29,0.0,0.556,69,True
VHRWMNXPYKUVDY,CYP3A4,protenix_v2@openprotein,data\processed\t5_bakeoff\poses\CYP3A4\VHRWMNXPYKUVDY__rt5s0.cif,0.9767,,True,True,,2.199,0.0,0.727,79,True
UFNHVBKKZASTOU,CYP3A4,protenix_v2@openprotein,data\processed\t5_bakeoff\poses\CYP3A4\UFNHVBKKZASTOU__rt5s0.cif,0.9495,,True,True,,2.2,0.0,0.476,84,True
YFWYLSQWPNJHAE,CYP3A4,protenix_v2@openprotein,data\processed\t5_bakeoff\poses\CYP3A4\YFWYLSQWPNJHAE__rt5s0.cif,0.9397,,True,False,severe steric overlap (1.58 A into vdW),4.273,0.0,1.576,130,False
IEXQMLIWZWKXBA,CYP3A4,protenix_v2@openprotein,data\processed\t5_bakeoff\poses\CYP3A4\IEXQMLIWZWKXBA__rt5s0.cif,0.9615,,True,True,,2.039,0.0,1.081,124,True
GGSBXNSPXLOOHI,CYP3A4,protenix_v2@openprotein,data\processed\t5_bakeoff\poses\CYP3A4\GGSBXNSPXLOOHI__rt5s0.cif,0.9573,,True,True,,2.033,0.0,1.467,109,True
LEPILDQORMQWAC,CYP3A4,protenix_v2@openprotein,data\processed\t5_bakeoff\poses\CYP3A4\LEPILDQORMQWAC__rt5s0.cif,0.9346,,True,True,,4.515,0.0,0.707,152,False
XEMCUDAQPISXBU,CYP3A4,protenix_v2@openprotein,data\processed\t5_bakeoff\poses\CYP3A4\XEMCUDAQPISXBU__rt5s0.cif,0.9321,,True,False,severe steric overlap (1.52 A into vdW),2.157,0.0,1.516,114,True
TTWYKBFGEGAEDK,CYP3A4,protenix_v2@openprotein,data\processed\t5_bakeoff\poses\CYP3A4\TTWYKBFGEGAEDK__rt5s0.cif,0.9301,,True,True,,4.208,0.0,0.68,113,False
XHXKXOXLVFVKSG,CYP3A4,protenix_v2@openprotein,data\processed\t5_bakeoff\poses\CYP3A4\XHXKXOXLVFVKSG__rt5s0.cif,0.9773,,True,True,,2.021,0.0,1.217,103,True
HZGBJLLJFPERLR,CYP3A4,protenix_v2@openprotein,data\processed\t5_bakeoff\poses\CYP3A4\HZGBJLLJFPERLR__rt5s0.cif,0.97,,True,True,,2.205,0.0,0.377,52,True
HGKKBSCYJACRCO,CYP3A4,protenix_v2@openprotein,data\processed\t5_bakeoff\poses\CYP3A4\HGKKBSCYJACRCO__rt5s0.cif,0.928,,True,True,,3.863,0.0,0.911,133,False
STXKQWKWKKEVLS,CYP3A4,protenix_v2@openprotein,data\processed\t5_bakeoff\poses\CYP3A4\STXKQWKWKKEVLS__rt5s0.cif,0.9403,,True,True,,4.251,0.0,0.624,99,False
BJPFWDUUOUASTR,CYP3A4,protenix_v2@openprotein,data\processed\t5_bakeoff\poses\CYP3A4\BJPFWDUUOUASTR__rt5s0.cif,0.9515,,True,True,,2.195,0.0,0.859,104,True
AMGUHAQZHHPZGU,CYP3A4,protenix_v2@openprotein,data\processed\t5_bakeoff\poses\CYP3A4\AMGUHAQZHHPZGU__rt5s0.cif,0.9572,,True,True,,2.066,0.0,0.26,50,True
WUJHRFRBGPBFFB,CYP3A4,protenix_v2@openprotein,data\processed\t5_bakeoff\poses\CYP3A4\WUJHRFRBGPBFFB__rt5s0.cif,0.9388,,True,True,,2.003,0.0,0.959,97,True
DPCRFIMDLMABSP,CYP3A4,protenix_v2@openprotein,data\processed\t5_bakeoff\poses\CYP3A4\DPCRFIMDLMABSP__rt5s0.cif,0.983,,True,True,,2.083,0.0,0.635,107,True
YLVWRHXAIJGXAY,CYP3A4,protenix_v2@openprotein,data\processed\t5_bakeoff\poses\CYP3A4\YLVWRHXAIJGXAY__rt5s0.cif,0.9617,,True,False,severe steric overlap (1.78 A into vdW),2.247,0.0,1.781,82,True
DTKNSZIBMSDKHW,CYP3A4,protenix_v2@openprotein,data\processed\t5_bakeoff\poses\CYP3A4\DTKNSZIBMSDKHW__rt5s0.cif,0.9432,,True,True,,3.91,0.0,0.511,94,False
FGUQAYRHKXYOTM,CYP3A4,protenix_v2@openprotein,data\processed\t5_bakeoff\poses\CYP3A4\FGUQAYRHKXYOTM__rt5s0.cif,0.9761,,True,True,,2.148,0.0,0.248,128,True
RSCLWXNTTOQEDX,CYP3A4,protenix_v2@openprotein,data\processed\t5_bakeoff\poses\CYP3A4\RSCLWXNTTOQEDX__rt5s0.cif,0.9811,,True,True,,2.135,0.0,0.798,118,True
FKWGYVQNEUUREI,CYP3A4,protenix_v2@openprotein,data\processed\t5_bakeoff\poses\CYP3A4\FKWGYVQNEUUREI__rt5s0.cif,0.9655,,True,True,,2.323,0.0,1.475,144,True
ZCFOZFFAVPLQDU,CYP3A4,protenix_v2@openprotein,data\processed\t5_bakeoff\poses\CYP3A4\ZCFOZFFAVPLQDU__rt5s0.cif,0.9514,,True,True,,3.749,0.0,0.668,81,False
LGYSCTIZOHPFJD,CYP3A4,protenix_v2@openprotein,data\processed\t5_bakeoff\poses\CYP3A4\LGYSCTIZOHPFJD__rt5s0.cif,0.9721,,True,True,,2.096,0.0,0.568,109,True
ULSVLCNUYFBDCA,CYP3A4,protenix_v2@openprotein,data\processed\t5_bakeoff\poses\CYP3A4\ULSVLCNUYFBDCA__rt5s0.cif,0.9743,,True,True,,2.218,0.0,1.196,157,True
ZDVHZKHFMHUZDU,CYP2D6,protenix_v2@openprotein,data\processed\t5_bakeoff\poses\CYP2D6\ZDVHZKHFMHUZDU__rt5s0.cif,0.9676,,True,True,,7.033,0.0,0.485,143,False
QCPPGXUAWUBFAE,CYP2D6,protenix_v2@openprotein,data\processed\t5_bakeoff\poses\CYP2D6\QCPPGXUAWUBFAE__rt5s0.cif,0.9615,,True,True,,7.469,0.0,0.624,172,False
SBNKFTQSBPKMBZ,CYP2D6,protenix_v2@openprotein,data\processed\t5_bakeoff\poses\CYP2D6\SBNKFTQSBPKMBZ__rt5s0.cif,0.9368,,True,True,,3.446,0.0,0.536,90,False
BZAIRDCOXHAADH,CYP2D6,protenix_v2@openprotein,data\processed\t5_bakeoff\poses\CYP2D6\BZAIRDCOXHAADH__rt5s0.cif,0.9565,,True,True,,3.98,0.0,0.492,157,False
NJTPBFZBPRMEJR,CYP2D6,protenix_v2@openprotein,data\processed\t5_bakeoff\poses\CYP2D6\NJTPBFZBPRMEJR__rt5s0.cif,0.951,,True,True,,4.539,0.0,1.006,130,False
CNIIGCLFLJGOGP,CYP2D6,protenix_v2@openprotein,data\processed\t5_bakeoff\poses\CYP2D6\CNIIGCLFLJGOGP__rt5s0.cif,0.9745,,True,True,,8.529,0.0,0.452,123,False
UIEGYIFDVIDYHB,CYP2D6,protenix_v2@openprotein,data\processed\t5_bakeoff\poses\CYP2D6\UIEGYIFDVIDYHB__rt5s0.cif,0.9703,,True,True,,2.215,0.0,0.845,103,True
SEBMTIQKRHYNIT,CYP2D6,protenix_v2@openprotein,data\processed\t5_bakeoff\poses\CYP2D6\SEBMTIQKRHYNIT__rt5s0.cif,0.9735,,True,True,,7.408,0.0,0.715,125,False
HIUVKVDQFXDZHU,CYP2D6,protenix_v2@openprotein,data\processed\t5_bakeoff\poses\CYP2D6\HIUVKVDQFXDZHU__rt5s0.cif,0.9585,,True,True,,3.572,0.0,0.826,103,False
WTTPTXHWBCVSAE,CYP2D6,protenix_v2@openprotein,data\processed\t5_bakeoff\poses\CYP2D6\WTTPTXHWBCVSAE__rt5s0.cif,0.9422,,True,True,,4.183,0.0,0.514,143,False
BRZANEXCSZCZCI,CYP2D6,protenix_v2@openprotein,data\processed\t5_bakeoff\poses\CYP2D6\BRZANEXCSZCZCI__rt5s0.cif,0.9533,,True,True,,2.456,0.0,1.248,122,True
VYZSNRUMPKDNLT,CYP2D6,protenix_v2@openprotein,data\processed\t5_bakeoff\poses\CYP2D6\VYZSNRUMPKDNLT__rt5s0.cif,0.9333,,True,True,,3.102,0.0,0.932,145,False
IROJCVZEMVZADB,CYP2D6,protenix_v2@openprotein,data\processed\t5_bakeoff\poses\CYP2D6\IROJCVZEMVZADB__rt5s0.cif,0.9693,,True,True,,2.166,0.0,0.234,139,True
AGOOMVXOHLHTCM,CYP2D6,protenix_v2@openprotein,data\processed\t5_bakeoff\poses\CYP2D6\AGOOMVXOHLHTCM__rt5s0.cif,0.9576,,True,True,,4.377,0.0,0.935,154,False
YCHNKCQNPQJYSD,CYP2D6,protenix_v2@openprotein,data\processed\t5_bakeoff\poses\CYP2D6\YCHNKCQNPQJYSD__rt5s0.cif,0.9439,,True,True,,4.293,0.0,0.466,162,False
HQIRNZOQPUAHHV,CYP2D6,protenix_v2@openprotein,data\processed\t5_bakeoff\poses\CYP2D6\HQIRNZOQPUAHHV__rt5s0.cif,0.9702,,True,True,,4.646,0.0,0.8,116,False
LZAPOHZTKRQZKM,CYP2D6,protenix_v2@openprotein,data\processed\t5_bakeoff\poses\CYP2D6\LZAPOHZTKRQZKM__rt5s0.cif,0.9168,,True,True,,4.341,0.0,0.488,160,False
FQTOHOCJEYDRRG,CYP2D6,protenix_v2@openprotein,data\processed\t5_bakeoff\poses\CYP2D6\FQTOHOCJEYDRRG__rt5s0.cif,0.9286,,True,True,,5.841,0.0,0.656,178,False
OCSVTGWIMRELRH,CYP2D6,protenix_v2@openprotein,data\processed\t5_bakeoff\poses\CYP2D6\OCSVTGWIMRELRH__rt5s0.cif,0.9379,,True,True,,8.009,0.0,0.91,127,False
REYFJDPCWQRWAA,CYP2D6,protenix_v2@openprotein,data\processed\t5_bakeoff\poses\CYP2D6\REYFJDPCWQRWAA__rt5s0.cif,0.9549,,True,True,,7.495,0.0,0.837,129,False
SMRUWTFDCWAZON,CYP2D6,protenix_v2@openprotein,data\processed\t5_bakeoff\poses\CYP2D6\SMRUWTFDCWAZON__rt5s0.cif,0.9435,,True,True,,6.11,0.0,0.86,180,False
WPBCUTZPCFFBTO,CYP2D6,protenix_v2@openprotein,data\processed\t5_bakeoff\poses\CYP2D6\WPBCUTZPCFFBTO__rt5s0.cif,0.9254,,True,True,,4.438,0.0,1.269,150,False
HUCPMSPYTPCDKA,CYP2D6,protenix_v2@openprotein,data\processed\t5_bakeoff\poses\CYP2D6\HUCPMSPYTPCDKA__rt5s0.cif,0.9646,,True,True,,7.718,0.0,0.493,154,False
JGTLGAGKPNYMRY,CYP2D6,protenix_v2@openprotein,data\processed\t5_bakeoff\poses\CYP2D6\JGTLGAGKPNYMRY__rt5s0.cif,0.9702,,True,True,,2.274,0.0,0.805,141,True
DMSGWBYWZFAVFS,CYP2D6,protenix_v2@openprotein,data\processed\t5_bakeoff\poses\CYP2D6\DMSGWBYWZFAVFS__rt5s0.cif,0.9405,,True,True,,6.814,0.0,0.592,174,False
CRUWCZSXWRLWRA,CYP2D6,protenix_v2@openprotein,data\processed\t5_bakeoff\poses\CYP2D6\CRUWCZSXWRLWRA__rt5s0.cif,0.97,,True,True,,2.196,0.0,0.524,108,True
HZCMYVGOGDKMPW,CYP2D6,protenix_v2@openprotein,data\processed\t5_bakeoff\poses\CYP2D6\HZCMYVGOGDKMPW__rt5s0.cif,0.9701,,True,True,,6.804,0.0,0.804,167,False
JURKNVYFZMSNLP,CYP2D6,protenix_v2@openprotein,data\processed\t5_bakeoff\poses\CYP2D6\JURKNVYFZMSNLP__rt5s0.cif,0.9527,,True,True,,6.068,0.0,0.737,128,False
XYCMOTOFHFTUIU,CYP2D6,protenix_v2@openprotein,data\processed\t5_bakeoff\poses\CYP2D6\XYCMOTOFHFTUIU__rt5s0.cif,0.9759,,True,True,,5.683,0.0,0.67,104,False
KOGLKBKCAXGATQ,CYP2D6,protenix_v2@openprotein,data\processed\t5_bakeoff\poses\CYP2D6\KOGLKBKCAXGATQ__rt5s0.cif,0.9655,,True,True,,2.069,0.0,0.217,133,True
YLJREFDVOIBQDA,CYP2D6,protenix_v2@openprotein,data\processed\t5_bakeoff\poses\CYP2D6\YLJREFDVOIBQDA__rt5s0.cif,0.9494,,True,True,,7.413,0.0,0.58,91,False
OSEWFKGKUJEEFD,CYP2D6,protenix_v2@openprotein,data\processed\t5_bakeoff\poses\CYP2D6\OSEWFKGKUJEEFD__rt5s0.cif,0.9394,,True,True,,4.274,0.0,0.368,140,False
SLZARXHZTPOCTN,CYP2D6,protenix_v2@openprotein,data\processed\t5_bakeoff\poses\CYP2D6\SLZARXHZTPOCTN__rt5s0.cif,0.9739,,True,True,,2.127,0.0,1.342,137,True
IHLDXAAKKIDUFM,CYP2D6,protenix_v2@openprotein,data\processed\t5_bakeoff\poses\CYP2D6\IHLDXAAKKIDUFM__rt5s0.cif,0.9762,,True,True,,4.952,0.0,0.289,136,False
VAHWRSZAURKYGM,CYP2D6,protenix_v2@openprotein,data\processed\t5_bakeoff\poses\CYP2D6\VAHWRSZAURKYGM__rt5s0.cif,0.9334,,True,True,,4.074,0.0,0.493,148,False
JLHUMJNCGJZPJK,CYP2D6,protenix_v2@openprotein,data\processed\t5_bakeoff\poses\CYP2D6\JLHUMJNCGJZPJK__rt5s0.cif,0.9453,,True,True,,5.233,0.0,0.845,157,False
RRLUAXBCRMRKGJ,CYP2D6,protenix_v2@openprotein,data\processed\t5_bakeoff\poses\CYP2D6\RRLUAXBCRMRKGJ__rt5s0.cif,0.9281,,True,True,,5.547,0.0,0.557,172,False
CMRWALMKNZNEAF,CYP2D6,protenix_v2@openprotein,data\processed\t5_bakeoff\poses\CYP2D6\CMRWALMKNZNEAF__rt5s0.cif,0.9675,,True,True,,2.299,0.0,0.076,136,True
OIJNGNQKPRJCLT,CYP2D6,protenix_v2@openprotein,data\processed\t5_bakeoff\poses\CYP2D6\OIJNGNQKPRJCLT__rt5s0.cif,0.9546,,True,True,,2.186,0.0,0.551,134,True
POFHNBYWRJBGAM,CYP2D6,protenix_v2@openprotein,data\processed\t5_bakeoff\poses\CYP2D6\POFHNBYWRJBGAM__rt5s0.cif,0.9436,,True,True,,7.69,0.0,0.37,183,False
BPSIMDRRYLTHLE,CYP2D6,protenix_v2@openprotein,data\processed\t5_bakeoff\poses\CYP2D6\BPSIMDRRYLTHLE__rt5s0.cif,0.9367,,True,True,,5.551,0.0,1.066,239,False
AAFSKRHBWOQJCV,CYP2D6,protenix_v2@openprotein,data\processed\t5_bakeoff\poses\CYP2D6\AAFSKRHBWOQJCV__rt5s0.cif,0.945,,True,True,,6.187,0.0,0.986,154,False
RKIRNVHTEYUZIG,CYP2D6,protenix_v2@openprotein,data\processed\t5_bakeoff\poses\CYP2D6\RKIRNVHTEYUZIG__rt5s0.cif,0.954,,True,True,,3.818,0.0,0.452,157,False
LVHWZRNQJDKLTI,CYP2D6,protenix_v2@openprotein,data\processed\t5_bakeoff\poses\CYP2D6\LVHWZRNQJDKLTI__rt5s0.cif,0.9276,,True,False,severe steric overlap (1.55 A into vdW),4.677,0.0,1.547,117,False
KJNTUBDFKPAUOJ,CYP2D6,protenix_v2@openprotein,data\processed\t5_bakeoff\poses\CYP2D6\KJNTUBDFKPAUOJ__rt5s0.cif,0.9508,,True,True,,3.809,0.0,0.394,136,False
CVTSUVYINOOTTN,CYP2D6,protenix_v2@openprotein,data\processed\t5_bakeoff\poses\CYP2D6\CVTSUVYINOOTTN__rt5s0.cif,0.9586,,True,True,,4.822,0.0,0.697,173,False
VNRPFJXBODKBRZ,CYP2D6,protenix_v2@openprotein,data\processed\t5_bakeoff\poses\CYP2D6\VNRPFJXBODKBRZ__rt5s0.cif,0.9334,,True,True,,2.583,0.0,0.723,152,False
OVCDSSHSILBFBN,CYP2D6,protenix_v2@openprotein,data\processed\t5_bakeoff\poses\CYP2D6\OVCDSSHSILBFBN__rt5s0.cif,0.9421,,True,True,,3.612,0.0,0.595,152,False
QUDSFKIXQFFIOI,CYP2D6,protenix_v2@openprotein,data\processed\t5_bakeoff\poses\CYP2D6\QUDSFKIXQFFIOI__rt5s0.cif,0.9602,,True,True,,4.347,0.0,0.482,147,False
STKPDYXEWHQTCA,CYP2D6,protenix_v2@openprotein,data\processed\t5_bakeoff\poses\CYP2D6\STKPDYXEWHQTCA__rt5s0.cif,0.9419,,True,True,,3.432,0.0,0.72,167,False
FJUHYDGFHVCIQR,CYP2D6,protenix_v2@openprotein,data\processed\t5_bakeoff\poses\CYP2D6\FJUHYDGFHVCIQR__rt5s0.cif,0.9616,,True,True,,3.729,0.0,0.293,137,False
FRTQFAFJPFTPEO,CYP2D6,protenix_v2@openprotein,data\processed\t5_bakeoff\poses\CYP2D6\FRTQFAFJPFTPEO__rt5s0.cif,0.9688,,True,True,,4.375,0.0,0.506,167,False
CPTSFZUKPHDTEW,CYP2D6,protenix_v2@openprotein,data\processed\t5_bakeoff\poses\CYP2D6\CPTSFZUKPHDTEW__rt5s0.cif,0.9757,,True,True,,2.084,0.0,0.157,102,True
WAFLWFBYNRXLIA,CYP2D6,protenix_v2@openprotein,data\processed\t5_bakeoff\poses\CYP2D6\WAFLWFBYNRXLIA__rt5s0.cif,0.9579,,True,True,,2.781,0.0,0.4,140,False
WEMDNGXFLHBHKC,CYP2D6,protenix_v2@openprotein,data\processed\t5_bakeoff\poses\CYP2D6\WEMDNGXFLHBHKC__rt5s0.cif,0.9273,,True,True,,3.527,0.0,0.842,164,False
KSABBJQXOFJFMB,CYP2D6,protenix_v2@openprotein,data\processed\t5_bakeoff\poses\CYP2D6\KSABBJQXOFJFMB__rt5s0.cif,0.9271,,True,True,,6.168,0.0,0.771,144,False
MCMWQUUFOTYOLS,CYP2D6,protenix_v2@openprotein,data\processed\t5_bakeoff\poses\CYP2D6\MCMWQUUFOTYOLS__rt5s0.cif,0.976,,True,True,,1.964,0.0,1.142,155,True
LECNWKBRWUMOOE,CYP2D6,protenix_v2@openprotein,data\processed\t5_bakeoff\poses\CYP2D6\LECNWKBRWUMOOE__rt5s0.cif,0.9771,,True,True,,2.26,0.0,0.399,118,True
OLLKSWQPCSWOKP,CYP2D6,protenix_v2@openprotein,data\processed\t5_bakeoff\poses\CYP2D6\OLLKSWQPCSWOKP__rt5s0.cif,0.9366,,True,True,,4.182,0.0,0.848,210,False
KDWINTKNCFXETQ,CYP2D6,protenix_v2@openprotein,data\processed\t5_bakeoff\poses\CYP2D6\KDWINTKNCFXETQ__rt5s0.cif,0.9263,,True,True,,5.775,0.0,0.742,106,False
PJEMYXKINDARDB,CYP2D6,protenix_v2@openprotein,data\processed\t5_bakeoff\poses\CYP2D6\PJEMYXKINDARDB__rt5s0.cif,0.9239,,True,True,,3.779,0.0,0.869,173,False
LEQOABJBJQUSIJ,CYP2D6,protenix_v2@openprotein,data\processed\t5_bakeoff\poses\CYP2D6\LEQOABJBJQUSIJ__rt5s0.cif,0.9605,,True,True,,2.086,0.0,0.623,186,True
YKJMLSDPNOJKOB,CYP2D6,protenix_v2@openprotein,data\processed\t5_bakeoff\poses\CYP2D6\YKJMLSDPNOJKOB__rt5s0.cif,0.9337,,True,False,severe steric overlap (1.64 A into vdW),2.911,0.0,1.644,129,False
YCKQLOFLKFDRSW,CYP2D6,protenix_v2@openprotein,data\processed\t5_bakeoff\poses\CYP2D6\YCKQLOFLKFDRSW__rt5s0.cif,0.973,,True,True,,4.314,0.0,0.605,143,False
QHBKNLPLROKUGS,CYP2D6,protenix_v2@openprotein,data\processed\t5_bakeoff\poses\CYP2D6\QHBKNLPLROKUGS__rt5s0.cif,0.9655,,True,True,,3.317,0.0,0.758,207,False
SSMSBSWKLKKXGG,CYP2D6,protenix_v2@openprotein,data\processed\t5_bakeoff\poses\CYP2D6\SSMSBSWKLKKXGG__rt5s0.cif,0.9642,,True,True,,11.039,0.0,0.746,100,False
LMBJRHSTZKEVBI,CYP2D6,protenix_v2@openprotein,data\processed\t5_bakeoff\poses\CYP2D6\LMBJRHSTZKEVBI__rt5s0.cif,0.9744,,True,True,,4.559,0.0,0.461,162,False
RMUCZJUITONUFY,CYP2D6,protenix_v2@openprotein,data\processed\t5_bakeoff\poses\CYP2D6\RMUCZJUITONUFY__rt5s0.cif,0.9793,,True,True,,2.075,0.0,0.136,48,True
RLGQACBPNDBWTB,CYP2D6,protenix_v2@openprotein,data\processed\t5_bakeoff\poses\CYP2D6\RLGQACBPNDBWTB__rt5s0.cif,0.9164,,True,True,,6.232,0.0,0.473,108,False
DYSXHEQZHLDEEV,CYP2D6,protenix_v2@openprotein,data\processed\t5_bakeoff\poses\CYP2D6\DYSXHEQZHLDEEV__rt5s0.cif,0.9461,,True,True,,3.482,0.0,0.666,147,False
CBRQOHPCDLQLPJ,CYP2D6,protenix_v2@openprotein,data\processed\t5_bakeoff\poses\CYP2D6\CBRQOHPCDLQLPJ__rt5s0.cif,0.9496,,True,True,,3.681,0.0,0.347,149,False
DUADTXCVWFPPIL,CYP2D6,protenix_v2@openprotein,data\processed\t5_bakeoff\poses\CYP2D6\DUADTXCVWFPPIL__rt5s0.cif,0.9422,,True,True,,4.562,0.0,0.466,156,False
YDRIIVMAQGIRPU,CYP2D6,protenix_v2@openprotein,data\processed\t5_bakeoff\poses\CYP2D6\YDRIIVMAQGIRPU__rt5s0.cif,0.9451,,True,True,,4.057,0.0,0.929,160,False
ABZDANIGSGUPSQ,CYP2D6,protenix_v2@openprotein,data\processed\t5_bakeoff\poses\CYP2D6\ABZDANIGSGUPSQ__rt5s0.cif,0.94,,True,True,,4.982,0.0,1.175,147,False
PQPGOORJZHZVIF,CYP2D6,protenix_v2@openprotein,data\processed\t5_bakeoff\poses\CYP2D6\PQPGOORJZHZVIF__rt5s0.cif,0.9251,,True,True,,6.803,0.0,0.86,180,False
GRIDBZHPCALFNO,CYP2D6,protenix_v2@openprotein,data\processed\t5_bakeoff\poses\CYP2D6\GRIDBZHPCALFNO__rt5s0.cif,0.9408,,True,True,,4.542,0.0,0.509,134,False
VTQXUFDARAXXEL,CYP2D6,protenix_v2@openprotein,data\processed\t5_bakeoff\poses\CYP2D6\VTQXUFDARAXXEL__rt5s0.cif,0.948,,True,True,,6.835,0.0,1.167,143,False
FKTKOBGQSYLSJM,CYP2D6,protenix_v2@openprotein,data\processed\t5_bakeoff\poses\CYP2D6\FKTKOBGQSYLSJM__rt5s0.cif,0.9563,,True,True,,6.052,0.0,0.508,140,False
JUDIGWCSUCRCTM,CYP2D6,protenix_v2@openprotein,data\processed\t5_bakeoff\poses\CYP2D6\JUDIGWCSUCRCTM__rt5s0.cif,0.9477,,True,True,,7.099,0.0,0.909,173,False
GFMXIBGNFZXSSH,CYP2D6,protenix_v2@openprotein,data\processed\t5_bakeoff\poses\CYP2D6\GFMXIBGNFZXSSH__rt5s0.cif,0.9329,,True,True,,4.68,0.0,0.131,153,False
YMJWYDKEGLKYSU,CYP2D6,protenix_v2@openprotein,data\processed\t5_bakeoff\poses\CYP2D6\YMJWYDKEGLKYSU__rt5s0.cif,0.9272,,True,True,,7.122,0.0,1.093,178,False
XIQVNETUBQGFHX,CYP2D6,protenix_v2@openprotein,data\processed\t5_bakeoff\poses\CYP2D6\XIQVNETUBQGFHX__rt5s0.cif,0.9495,,True,True,,3.984,0.0,0.905,141,False
ZQWNBUUGCZZBQG,CYP2D6,protenix_v2@openprotein,data\processed\t5_bakeoff\poses\CYP2D6\ZQWNBUUGCZZBQG__rt5s0.cif,0.969,,True,True,,2.073,0.0,0.777,101,True
LZRKSMFOPBHIJC,CYP2D6,protenix_v2@openprotein,data\processed\t5_bakeoff\poses\CYP2D6\LZRKSMFOPBHIJC__rt5s0.cif,0.9624,,True,True,,2.068,0.0,0.395,144,True
QNTOHWMVHLRHJK,CYP2D6,protenix_v2@openprotein,data\processed\t5_bakeoff\poses\CYP2D6\QNTOHWMVHLRHJK__rt5s0.cif,0.9425,,True,True,,4.495,0.0,0.692,154,False
QUBDEYFKIBCNDL,CYP2D6,protenix_v2@openprotein,data\processed\t5_bakeoff\poses\CYP2D6\QUBDEYFKIBCNDL__rt5s0.cif,0.9378,,True,True,,4.54,0.0,0.745,175,False
HOKIEOIBMAMYDU,CYP2D6,protenix_v2@openprotein,data\processed\t5_bakeoff\poses\CYP2D6\HOKIEOIBMAMYDU__rt5s0.cif,0.9432,,True,True,,8.738,0.0,0.98,164,False
LJQLDSDTAXHWQQ,CYP2D6,protenix_v2@openprotein,data\processed\t5_bakeoff\poses\CYP2D6\LJQLDSDTAXHWQQ__rt5s0.cif,0.9635,,True,True,,2.042,0.0,0.63,132,True
QTSLUEVVUAILQN,CYP2D6,protenix_v2@openprotein,data\processed\t5_bakeoff\poses\CYP2D6\QTSLUEVVUAILQN__rt5s0.cif,0.9421,,True,True,,5.077,0.0,0.697,170,False
PXEMWOAWSRNDKZ,CYP2D6,protenix_v2@openprotein,data\processed\t5_bakeoff\poses\CYP2D6\PXEMWOAWSRNDKZ__rt5s0.cif,0.9759,,True,True,,2.191,0.0,0.563,143,True
XGALLCVXEZPNRQ,CYP2D6,protenix_v2@openprotein,data\processed\t5_bakeoff\poses\CYP2D6\XGALLCVXEZPNRQ__rt5s0.cif,0.9111,,True,True,,5.905,0.0,1.196,156,False
LFMRMWJSYPUVLX,CYP2D6,protenix_v2@openprotein,data\processed\t5_bakeoff\poses\CYP2D6\LFMRMWJSYPUVLX__rt5s0.cif,0.9745,,True,True,,2.247,0.0,0.318,164,True
NWLUCHZBIHVDPU,CYP2D6,protenix_v2@openprotein,data\processed\t5_bakeoff\poses\CYP2D6\NWLUCHZBIHVDPU__rt5s0.cif,0.9551,,True,True,,2.219,0.0,1.335,119,True
RUVLBPWZPKTFQY,CYP2D6,protenix_v2@openprotein,data\processed\t5_bakeoff\poses\CYP2D6\RUVLBPWZPKTFQY__rt5s0.cif,0.9422,,True,True,,5.383,0.0,0.806,175,False
GJSIXZKKNDJEAL,CYP2D6,protenix_v2@openprotein,data\processed\t5_bakeoff\poses\CYP2D6\GJSIXZKKNDJEAL__rt5s0.cif,0.9574,,True,True,,4.196,0.0,0.258,202,False
IVLDPMHWGKSBBD,CYP2D6,protenix_v2@openprotein,data\processed\t5_bakeoff\poses\CYP2D6\IVLDPMHWGKSBBD__rt5s0.cif,0.9593,,True,True,,4.795,0.0,0.849,147,False
QGVJVDSSUBWUGO,CYP2D6,protenix_v2@openprotein,data\processed\t5_bakeoff\poses\CYP2D6\QGVJVDSSUBWUGO__rt5s0.cif,0.971,,True,True,,5.68,0.0,0.682,160,False
NUJZSEZNBAAEBL,CYP2D6,protenix_v2@openprotein,data\processed\t5_bakeoff\poses\CYP2D6\NUJZSEZNBAAEBL__rt5s0.cif,0.9451,,True,True,,4.325,0.0,0.766,162,False
UXPCXNWXWKQOER,CYP2D6,protenix_v2@openprotein,data\processed\t5_bakeoff\poses\CYP2D6\UXPCXNWXWKQOER__rt5s0.cif,0.9407,,True,True,,4.681,0.0,0.688,129,False
LTUCBBUWUBLJCT,CYP2D6,protenix_v2@openprotein,data\processed\t5_bakeoff\poses\CYP2D6\LTUCBBUWUBLJCT__rt5s0.cif,0.9455,,True,True,,4.145,0.0,0.882,183,False
QVQOHIBPHPVPPB,CYP2D6,protenix_v2@openprotein,data\processed\t5_bakeoff\poses\CYP2D6\QVQOHIBPHPVPPB__rt5s0.cif,0.9575,,True,False,severe steric overlap (1.76 A into vdW),4.399,0.0,1.756,192,False
ASFKKFRSMGBFRO,CYP2D6,protenix_v2@openprotein,data\processed\t5_bakeoff\poses\CYP2D6\ASFKKFRSMGBFRO__rt5s0.cif,0.9305,,True,True,,3.736,0.0,0.518,134,False
GWDOIAFYMZHEGB,CYP2D6,protenix_v2@openprotein,data\processed\t5_bakeoff\poses\CYP2D6\GWDOIAFYMZHEGB__rt5s0.cif,0.9723,,True,True,,2.094,0.0,1.074,145,True
HLRHRWSRSVLASR,CYP2D6,protenix_v2@openprotein,data\processed\t5_bakeoff\poses\CYP2D6\HLRHRWSRSVLASR__rt5s0.cif,0.9147,,True,False,severe steric overlap (1.54 A into vdW),3.616,0.0,1.543,145,False
WCXXKBXIMXJSNI,CYP2D6,protenix_v2@openprotein,data\processed\t5_bakeoff\poses\CYP2D6\WCXXKBXIMXJSNI__rt5s0.cif,0.9324,,True,True,,7.494,0.0,1.094,184,False
OLYONISXYQGNEZ,CYP2D6,protenix_v2@openprotein,data\processed\t5_bakeoff\poses\CYP2D6\OLYONISXYQGNEZ__rt5s0.cif,0.971,,True,True,,3.863,0.0,0.37,170,False
CIFMMEDLNIKOGG,CYP2D6,protenix_v2@openprotein,data\processed\t5_bakeoff\poses\CYP2D6\CIFMMEDLNIKOGG__rt5s0.cif,0.934,,True,True,,4.714,0.0,0.798,177,False
UMIKRLLTVSCTOK,CYP2D6,protenix_v2@openprotein,data\processed\t5_bakeoff\poses\CYP2D6\UMIKRLLTVSCTOK__rt5s0.cif,0.9511,,True,True,,7.647,0.0,0.544,147,False
MXOSBTWGOGZZER,CYP2D6,protenix_v2@openprotein,data\processed\t5_bakeoff\poses\CYP2D6\MXOSBTWGOGZZER__rt5s0.cif,0.9403,,True,True,,6.788,0.0,0.671,145,False
PNZYMSWQEYPOPA,CYP2D6,protenix_v2@openprotein,data\processed\t5_bakeoff\poses\CYP2D6\PNZYMSWQEYPOPA__rt5s0.cif,0.9503,,True,True,,6.215,0.0,0.456,159,False
GPKJTRJOBQGKQK,CYP2D6,protenix_v2@openprotein,data\processed\t5_bakeoff\poses\CYP2D6\GPKJTRJOBQGKQK__rt5s0.cif,0.9792,,True,True,,4.339,0.0,0.7,161,False
ROQPQFXWBJCFRO,CYP2D6,protenix_v2@openprotein,data\processed\t5_bakeoff\poses\CYP2D6\ROQPQFXWBJCFRO__rt5s0.cif,0.9434,,True,True,,6.628,0.0,0.641,170,False
BIJKXSIAIACXNV,CYP2D6,protenix_v2@openprotein,data\processed\t5_bakeoff\poses\CYP2D6\BIJKXSIAIACXNV__rt5s0.cif,0.9609,,True,True,,8.388,0.0,0.74,143,False
NOCBHRIGICTARN,CYP2D6,protenix_v2@openprotein,data\processed\t5_bakeoff\poses\CYP2D6\NOCBHRIGICTARN__rt5s0.cif,0.9744,,True,True,,2.144,0.0,0.232,185,True
GQMDVEHOCDKMQP,CYP2D6,protenix_v2@openprotein,data\processed\t5_bakeoff\poses\CYP2D6\GQMDVEHOCDKMQP__rt5s0.cif,0.9194,,True,True,,8.08,0.0,0.942,139,False
PUUICPNYFPCHEE,CYP2D6,protenix_v2@openprotein,data\processed\t5_bakeoff\poses\CYP2D6\PUUICPNYFPCHEE__rt5s0.cif,0.942,,True,True,,2.93,0.0,0.464,142,False
PZBMCIRQTJSXEM,CYP2D6,protenix_v2@openprotein,data\processed\t5_bakeoff\poses\CYP2D6\PZBMCIRQTJSXEM__rt5s0.cif,0.9092,,True,False,severe steric overlap (1.72 A into vdW),4.528,0.0,1.716,209,False
QAROPJJFLVXWSM,CYP2D6,protenix_v2@openprotein,data\processed\t5_bakeoff\poses\CYP2D6\QAROPJJFLVXWSM__rt5s0.cif,0.9694,,True,True,,4.629,0.0,0.496,163,False
NOKWLBSHOIIUFJ,CYP2D6,protenix_v2@openprotein,data\processed\t5_bakeoff\poses\CYP2D6\NOKWLBSHOIIUFJ__rt5s0.cif,0.9203,,True,True,,4.264,0.0,0.887,174,False
ZMJICQIEQSJNIT,CYP2D6,protenix_v2@openprotein,data\processed\t5_bakeoff\poses\CYP2D6\ZMJICQIEQSJNIT__rt5s0.cif,0.9499,,True,True,,2.414,0.0,0.473,128,True
LPRYCBITNRSRNR,CYP2D6,protenix_v2@openprotein,data\processed\t5_bakeoff\poses\CYP2D6\LPRYCBITNRSRNR__rt5s0.cif,0.9266,,True,True,,7.22,0.0,0.727,126,False
BRWOHQLXDDQIIN,CYP2D6,protenix_v2@openprotein,data\processed\t5_bakeoff\poses\CYP2D6\BRWOHQLXDDQIIN__rt5s0.cif,0.9729,,True,True,,2.242,0.0,0.597,136,True
OXQOIQHDEIKJRI,CYP2D6,protenix_v2@openprotein,data\processed\t5_bakeoff\poses\CYP2D6\OXQOIQHDEIKJRI__rt5s0.cif,0.9676,,True,True,,2.263,0.0,0.523,128,True
UBAYQRWMNBZFGL,CYP2D6,protenix_v2@openprotein,data\processed\t5_bakeoff\poses\CYP2D6\UBAYQRWMNBZFGL__rt5s0.cif,0.9519,,True,True,,5.162,0.0,0.296,137,False
XVEOZZDPTYFUNW,CYP2D6,protenix_v2@openprotein,data\processed\t5_bakeoff\poses\CYP2D6\XVEOZZDPTYFUNW__rt5s0.cif,0.9545,,True,True,,5.246,0.0,0.89,140,False
OTSKWPLKWNHXNG,CYP2D6,protenix_v2@openprotein,data\processed\t5_bakeoff\poses\CYP2D6\OTSKWPLKWNHXNG__rt5s0.cif,0.9413,,True,True,,5.928,0.0,0.813,178,False
YQKLTNOXGTYSOG,CYP2D6,protenix_v2@openprotein,data\processed\t5_bakeoff\poses\CYP2D6\YQKLTNOXGTYSOG__rt5s0.cif,0.9673,,True,True,,2.146,0.0,0.32,134,True
ZGVBQHVFIPSHHN,CYP2D6,protenix_v2@openprotein,data\processed\t5_bakeoff\poses\CYP2D6\ZGVBQHVFIPSHHN__rt5s0.cif,0.9606,,True,True,,2.197,0.0,0.35,148,True
SGKBXHPHSYQSKW,CYP2D6,protenix_v2@openprotein,data\processed\t5_bakeoff\poses\CYP2D6\SGKBXHPHSYQSKW__rt5s0.cif,0.9309,,True,True,,4.63,0.0,1.022,147,False
ABUNSDMPQVALBH,CYP2D6,protenix_v2@openprotein,data\processed\t5_bakeoff\poses\CYP2D6\ABUNSDMPQVALBH__rt5s0.cif,0.903,,True,True,,2.886,0.0,1.144,199,False
KQWVGAQCBXYSBL,CYP2D6,protenix_v2@openprotein,data\processed\t5_bakeoff\poses\CYP2D6\KQWVGAQCBXYSBL__rt5s0.cif,0.9541,,True,True,,3.459,0.0,0.812,135,False
OPUUOMNWXYQDMA,CYP2D6,protenix_v2@openprotein,data\processed\t5_bakeoff\poses\CYP2D6\OPUUOMNWXYQDMA__rt5s0.cif,0.9231,,True,True,,4.538,0.0,1.415,182,False
YGQRUXKHKRRRPX,CYP2D6,protenix_v2@openprotein,data\processed\t5_bakeoff\poses\CYP2D6\YGQRUXKHKRRRPX__rt5s0.cif,0.9713,,True,True,,2.175,0.0,0.503,144,True
LLUZHZALVKLRDA,CYP2D6,protenix_v2@openprotein,data\processed\t5_bakeoff\poses\CYP2D6\LLUZHZALVKLRDA__rt5s0.cif,0.9324,,True,True,,7.056,0.0,0.894,157,False
AIZGQFSORPYZAE,CYP2D6,protenix_v2@openprotein,data\processed\t5_bakeoff\poses\CYP2D6\AIZGQFSORPYZAE__rt5s0.cif,0.9109,,True,True,,7.052,0.0,1.43,217,False
LBCJOUUDNYKSSR,CYP2D6,protenix_v2@openprotein,data\processed\t5_bakeoff\poses\CYP2D6\LBCJOUUDNYKSSR__rt5s0.cif,0.9173,,True,True,,3.642,0.0,0.981,175,False
HANYAPMMDGMJBS,CYP2D6,protenix_v2@openprotein,data\processed\t5_bakeoff\poses\CYP2D6\HANYAPMMDGMJBS__rt5s0.cif,0.9575,,True,True,,2.213,0.0,0.603,180,True
RAJNREHOKVVGSQ,CYP2D6,protenix_v2@openprotein,data\processed\t5_bakeoff\poses\CYP2D6\RAJNREHOKVVGSQ__rt5s0.cif,0.9776,,True,True,,2.117,0.0,0.129,151,True
ZMADJKCDAFJXQB,CYP2D6,protenix_v2@openprotein,data\processed\t5_bakeoff\poses\CYP2D6\ZMADJKCDAFJXQB__rt5s0.cif,0.9341,,True,True,,6.354,0.0,0.346,126,False
SQUDKELOJLLRRO,CYP2D6,protenix_v2@openprotein,data\processed\t5_bakeoff\poses\CYP2D6\SQUDKELOJLLRRO__rt5s0.cif,0.9304,,True,True,,4.051,0.0,0.478,136,False
FKQSJZQWYQETSO,CYP2D6,protenix_v2@openprotein,data\processed\t5_bakeoff\poses\CYP2D6\FKQSJZQWYQETSO__rt5s0.cif,0.9373,,True,True,,4.759,0.0,0.691,170,False
WROCZHPTMZEAPU,CYP2D6,protenix_v2@openprotein,data\processed\t5_bakeoff\poses\CYP2D6\WROCZHPTMZEAPU__rt5s0.cif,0.9796,,True,True,,2.302,0.0,0.963,182,True
JAKRBEYEQJYSGS,CYP2D6,protenix_v2@openprotein,data\processed\t5_bakeoff\poses\CYP2D6\JAKRBEYEQJYSGS__rt5s0.cif,0.959,,True,True,,4.303,0.0,0.343,158,False
NQHRLOVRIMNNFT,CYP2D6,protenix_v2@openprotein,data\processed\t5_bakeoff\poses\CYP2D6\NQHRLOVRIMNNFT__rt5s0.cif,0.944,,True,True,,4.546,0.0,0.964,189,False
BJPQOWBRTLGZDQ,CYP2D6,protenix_v2@openprotein,data\processed\t5_bakeoff\poses\CYP2D6\BJPQOWBRTLGZDQ__rt5s0.cif,0.9424,,True,True,,3.587,0.0,1.048,123,False
QCFAHERSFSXCNA,CYP2D6,protenix_v2@openprotein,data\processed\t5_bakeoff\poses\CYP2D6\QCFAHERSFSXCNA__rt5s0.cif,0.963,,True,True,,2.164,0.0,0.33,135,True
LXFHBEHWOYNRSS,CYP2D6,protenix_v2@openprotein,data\processed\t5_bakeoff\poses\CYP2D6\LXFHBEHWOYNRSS__rt5s0.cif,0.9493,,True,True,,2.144,0.0,0.854,134,True
PUJGNFDSNPSMAP,CYP2D6,protenix_v2@openprotein,data\processed\t5_bakeoff\poses\CYP2D6\PUJGNFDSNPSMAP__rt5s0.cif,0.9553,,True,True,,6.462,0.0,0.667,168,False
RBFWRWJCOIIAOK,CYP2D6,protenix_v2@openprotein,data\processed\t5_bakeoff\poses\CYP2D6\RBFWRWJCOIIAOK__rt5s0.cif,0.9592,,True,True,,2.211,0.0,0.663,170,True
YENIUINOCHUVDI,CYP2D6,protenix_v2@openprotein,data\processed\t5_bakeoff\poses\CYP2D6\YENIUINOCHUVDI__rt5s0.cif,0.9262,,True,True,,4.078,0.0,0.876,175,False
PURKAOJPTOLRMP,CYP2D6,protenix_v2@openprotein,data\processed\t5_bakeoff\poses\CYP2D6\PURKAOJPTOLRMP__rt5s0.cif,0.9613,,True,True,,3.887,0.0,0.997,185,False
OMISETSBIRJDGV,CYP2D6,protenix_v2@openprotein,data\processed\t5_bakeoff\poses\CYP2D6\OMISETSBIRJDGV__rt5s0.cif,0.9689,,True,True,,2.994,0.0,0.653,163,False
MYJKWLXJAYNIMV,CYP2D6,protenix_v2@openprotein,data\processed\t5_bakeoff\poses\CYP2D6\MYJKWLXJAYNIMV__rt5s0.cif,0.9733,,True,True,,2.21,0.0,0.284,138,True
UIUOCURODLIUQA,CYP2D6,protenix_v2@openprotein,data\processed\t5_bakeoff\poses\CYP2D6\UIUOCURODLIUQA__rt5s0.cif,0.9576,,True,True,,2.17,0.0,1.032,176,True
MLQRNUKEFWJQOH,CYP2D6,protenix_v2@openprotein,data\processed\t5_bakeoff\poses\CYP2D6\MLQRNUKEFWJQOH__rt5s0.cif,0.9591,,True,True,,3.617,0.0,0.793,169,False
NXBAEKZVCZWXNN,CYP2D6,protenix_v2@openprotein,data\processed\t5_bakeoff\poses\CYP2D6\NXBAEKZVCZWXNN__rt5s0.cif,0.9636,,True,True,,2.23,0.0,0.912,152,True
DZNPQDPYYZENCJ,CYP2D6,protenix_v2@openprotein,data\processed\t5_bakeoff\poses\CYP2D6\DZNPQDPYYZENCJ__rt5s0.cif,0.9361,,True,True,,2.72,0.0,0.398,177,False
XLCKGMINJOIRBQ,CYP2D6,protenix_v2@openprotein,data\processed\t5_bakeoff\poses\CYP2D6\XLCKGMINJOIRBQ__rt5s0.cif,0.9413,,True,True,,4.947,0.0,0.67,184,False
IVWQVUXCCLQHJG,CYP2D6,protenix_v2@openprotein,data\processed\t5_bakeoff\poses\CYP2D6\IVWQVUXCCLQHJG__rt5s0.cif,0.947,,True,True,,3.243,0.0,0.591,107,False
BAELEBQZHOCHBQ,CYP2D6,protenix_v2@openprotein,data\processed\t5_bakeoff\poses\CYP2D6\BAELEBQZHOCHBQ__rt5s0.cif,0.9324,,True,True,,4.709,0.0,0.924,214,False
PFNJCNWOBAUXCO,CYP2D6,protenix_v2@openprotein,data\processed\t5_bakeoff\poses\CYP2D6\PFNJCNWOBAUXCO__rt5s0.cif,0.9324,,True,True,,6.17,0.0,0.725,201,False
DHQWOWWYSIXUOX,CYP2D6,protenix_v2@openprotein,data\processed\t5_bakeoff\poses\CYP2D6\DHQWOWWYSIXUOX__rt5s0.cif,0.9569,,True,True,,2.196,0.0,0.565,184,True
BBTVLMOJYYJLAN,CYP2D6,protenix_v2@openprotein,data\processed\t5_bakeoff\poses\CYP2D6\BBTVLMOJYYJLAN__rt5s0.cif,0.9676,,True,True,,2.198,0.0,0.208,169,True
QRRRJMGDMNQYJZ,CYP2D6,protenix_v2@openprotein,data\processed\t5_bakeoff\poses\CYP2D6\QRRRJMGDMNQYJZ__rt5s0.cif,0.9574,,True,True,,5.021,0.0,0.4,162,False
AVWOIDVOWIXTBD,CYP2D6,protenix_v2@openprotein,data\processed\t5_bakeoff\poses\CYP2D6\AVWOIDVOWIXTBD__rt5s0.cif,0.9436,,True,True,,6.241,0.0,1.323,168,False
ATFFWNIHJPKPHE,CYP2D6,protenix_v2@openprotein,data\processed\t5_bakeoff\poses\CYP2D6\ATFFWNIHJPKPHE__rt5s0.cif,0.9129,,True,True,,4.175,0.0,0.633,173,False
XRIJHBOHQGKBGS,CYP2D6,protenix_v2@openprotein,data\processed\t5_bakeoff\poses\CYP2D6\XRIJHBOHQGKBGS__rt5s0.cif,0.9389,,True,True,,5.142,0.0,0.582,102,False
LKTDMFRMVOXKKC,CYP2D6,protenix_v2@openprotein,data\processed\t5_bakeoff\poses\CYP2D6\LKTDMFRMVOXKKC__rt5s0.cif,0.9539,,True,True,,5.826,0.0,1.055,160,False
XMGORMGYUQDAAL,CYP2D6,protenix_v2@openprotein,data\processed\t5_bakeoff\poses\CYP2D6\XMGORMGYUQDAAL__rt5s0.cif,0.9649,,True,True,,2.052,0.0,0.274,124,True
TUAAGFPRMDBTHV,CYP2D6,protenix_v2@openprotein,data\processed\t5_bakeoff\poses\CYP2D6\TUAAGFPRMDBTHV__rt5s0.cif,0.9473,,True,True,,4.12,0.0,0.505,168,False
RZTAMFZIAATZDJ,CYP2D6,protenix_v2@openprotein,data\processed\t5_bakeoff\poses\CYP2D6\RZTAMFZIAATZDJ__rt5s0.cif,0.9455,,True,True,,4.226,0.0,0.822,174,False
FQQWSTJGVMFWSP,CYP2D6,protenix_v2@openprotein,data\processed\t5_bakeoff\poses\CYP2D6\FQQWSTJGVMFWSP__rt5s0.cif,0.934,,True,True,,4.105,0.0,0.975,140,False
AWXBLKSFTZTHJW,CYP2D6,protenix_v2@openprotein,data\processed\t5_bakeoff\poses\CYP2D6\AWXBLKSFTZTHJW__rt5s0.cif,0.9363,,True,True,,4.68,0.0,1.437,228,False
ZNZJGCOJFHWZII,CYP2D6,protenix_v2@openprotein,data\processed\t5_bakeoff\poses\CYP2D6\ZNZJGCOJFHWZII__rt5s0.cif,0.9581,,True,True,,2.064,0.0,0.805,144,True
GOFAIWOMBJIHPT,CYP2D6,protenix_v2@openprotein,data\processed\t5_bakeoff\poses\CYP2D6\GOFAIWOMBJIHPT__rt5s0.cif,0.9113,,True,True,,3.202,0.0,0.728,203,False
PNKNFDXFPAAKRY,CYP2D6,protenix_v2@openprotein,data\processed\t5_bakeoff\poses\CYP2D6\PNKNFDXFPAAKRY__rt5s0.cif,0.9328,,True,True,,4.04,0.0,0.828,122,False
VHRWMNXPYKUVDY,CYP2D6,protenix_v2@openprotein,data\processed\t5_bakeoff\poses\CYP2D6\VHRWMNXPYKUVDY__rt5s0.cif,0.9781,,True,True,,2.242,0.0,0.765,158,True
UFNHVBKKZASTOU,CYP2D6,protenix_v2@openprotein,data\processed\t5_bakeoff\poses\CYP2D6\UFNHVBKKZASTOU__rt5s0.cif,0.9743,,True,True,,2.243,0.0,0.909,150,True
YFWYLSQWPNJHAE,CYP2D6,protenix_v2@openprotein,data\processed\t5_bakeoff\poses\CYP2D6\YFWYLSQWPNJHAE__rt5s0.cif,0.9387,,True,True,,6.569,0.0,1.022,200,False
IEXQMLIWZWKXBA,CYP2D6,protenix_v2@openprotein,data\processed\t5_bakeoff\poses\CYP2D6\IEXQMLIWZWKXBA__rt5s0.cif,0.9591,,True,True,,2.038,0.0,1.232,164,True
GGSBXNSPXLOOHI,CYP2D6,protenix_v2@openprotein,data\processed\t5_bakeoff\poses\CYP2D6\GGSBXNSPXLOOHI__rt5s0.cif,0.9635,,True,True,,2.154,0.0,1.239,148,True
LEPILDQORMQWAC,CYP2D6,protenix_v2@openprotein,data\processed\t5_bakeoff\poses\CYP2D6\LEPILDQORMQWAC__rt5s0.cif,0.9165,,True,False,severe steric overlap (1.84 A into vdW),4.348,0.0,1.837,205,False
XEMCUDAQPISXBU,CYP2D6,protenix_v2@openprotein,data\processed\t5_bakeoff\poses\CYP2D6\XEMCUDAQPISXBU__rt5s0.cif,0.951,,True,True,,2.102,0.0,0.324,138,True
TTWYKBFGEGAEDK,CYP2D6,protenix_v2@openprotein,data\processed\t5_bakeoff\poses\CYP2D6\TTWYKBFGEGAEDK__rt5s0.cif,0.9559,,True,True,,4.237,0.0,0.265,191,False
XHXKXOXLVFVKSG,CYP2D6,protenix_v2@openprotein,data\processed\t5_bakeoff\poses\CYP2D6\XHXKXOXLVFVKSG__rt5s0.cif,0.9718,,True,True,,2.043,0.0,0.155,143,True
HZGBJLLJFPERLR,CYP2D6,protenix_v2@openprotein,data\processed\t5_bakeoff\poses\CYP2D6\HZGBJLLJFPERLR__rt5s0.cif,0.9762,,True,True,,2.252,0.0,0.518,126,True
HGKKBSCYJACRCO,CYP2D6,protenix_v2@openprotein,data\processed\t5_bakeoff\poses\CYP2D6\HGKKBSCYJACRCO__rt5s0.cif,0.9445,,True,True,,4.182,0.0,0.904,164,False
STXKQWKWKKEVLS,CYP2D6,protenix_v2@openprotein,data\processed\t5_bakeoff\poses\CYP2D6\STXKQWKWKKEVLS__rt5s0.cif,0.9462,,True,True,,5.911,0.0,0.771,158,False
BJPFWDUUOUASTR,CYP2D6,protenix_v2@openprotein,data\processed\t5_bakeoff\poses\CYP2D6\BJPFWDUUOUASTR__rt5s0.cif,0.9525,,True,True,,2.34,0.0,1.345,199,True
AMGUHAQZHHPZGU,CYP2D6,protenix_v2@openprotein,data\processed\t5_bakeoff\poses\CYP2D6\AMGUHAQZHHPZGU__rt5s0.cif,0.9758,,True,True,,2.097,0.0,0.001,122,True
WUJHRFRBGPBFFB,CYP2D6,protenix_v2@openprotein,data\processed\t5_bakeoff\poses\CYP2D6\WUJHRFRBGPBFFB__rt5s0.cif,0.9548,,True,True,,2.7,0.0,0.753,131,False
DPCRFIMDLMABSP,CYP2D6,protenix_v2@openprotein,data\processed\t5_bakeoff\poses\CYP2D6\DPCRFIMDLMABSP__rt5s0.cif,0.9632,,True,True,,2.13,0.0,0.542,143,True
YLVWRHXAIJGXAY,CYP2D6,protenix_v2@openprotein,data\processed\t5_bakeoff\poses\CYP2D6\YLVWRHXAIJGXAY__rt5s0.cif,0.9566,,True,True,,2.223,0.0,0.664,147,True
DTKNSZIBMSDKHW,CYP2D6,protenix_v2@openprotein,data\processed\t5_bakeoff\poses\CYP2D6\DTKNSZIBMSDKHW__rt5s0.cif,0.9256,,True,True,,4.884,0.0,0.775,150,False
FGUQAYRHKXYOTM,CYP2D6,protenix_v2@openprotein,data\processed\t5_bakeoff\poses\CYP2D6\FGUQAYRHKXYOTM__rt5s0.cif,0.9462,,True,True,,2.094,0.0,0.549,179,True
RSCLWXNTTOQEDX,CYP2D6,protenix_v2@openprotein,data\processed\t5_bakeoff\poses\CYP2D6\RSCLWXNTTOQEDX__rt5s0.cif,0.9549,,True,True,,2.062,0.0,0.797,156,True
FKWGYVQNEUUREI,CYP2D6,protenix_v2@openprotein,data\processed\t5_bakeoff\poses\CYP2D6\FKWGYVQNEUUREI__rt5s0.cif,0.9736,,True,True,,2.201,0.0,0.446,114,True
ZCFOZFFAVPLQDU,CYP2D6,protenix_v2@openprotein,data\processed\t5_bakeoff\poses\CYP2D6\ZCFOZFFAVPLQDU__rt5s0.cif,0.955,,True,True,,4.992,0.0,0.606,158,False
LGYSCTIZOHPFJD,CYP2D6,protenix_v2@openprotein,data\processed\t5_bakeoff\poses\CYP2D6\LGYSCTIZOHPFJD__rt5s0.cif,0.9593,,True,True,,2.12,0.0,0.686,139,True
ULSVLCNUYFBDCA,CYP2D6,protenix_v2@openprotein,data\processed\t5_bakeoff\poses\CYP2D6\ULSVLCNUYFBDCA__rt5s0.cif,0.9775,,True,True,,2.156,0.0,0.439,128,True
